bfa586
ba9c7c
b2916d
a07e5a
88694b
665038
3b2a18
1b1108
0a0501
0a0702
100f0b
43403b
858076
aba096
bfb3a5
c2b5a5
bbae9e
ad9d8d
9d8d7b
9c8b79
a89884
b9a692
cbb19c
cbb09c
ccb19b
cbaf99
caad96
cdae95
ceaf96
c8b098
c8ae97
c6ac95
c3a892
bfa38e
ba9e8a
b89a87
b49981
b0987d
ae957a
ab8e75
aa8b73
ad8c74
b18f78
b3927c
b4957f
b99983
be9d86
c19f87
c6a38a
cba78d
ceaa90
caad8f
cbad90
ceb194
d2b699
d3b89c
cfb599
c9ae94
cfb197
ccae94
c9ab91
c9ab91
c7a98f
c4a68c
c3a48b
bca287
b89f84
b9a185
b89f83
b49981
b2967f
b79b83
bda189
bfa28a
c2a48c
c5a78f
c8aa91
c8a990
c5a78d
c3a58a
c1a786
b99e7e
b99b7c
bb9d7d
ba9c7a
ba9c79
c0a27e
c2a485
c4a588
c7a889
cbaa8b
cbaa89
caa786
c9a783
c5a485
c1a286
c3a283
c09d7c
bc9977
b79878
b79d7e
bca284
c6a380
c7a685
cbaa89
ceae8d
d2b292
cfb090
c8ab8c
c8ac85
c8ac84
c6ab7f
c1a67a
b99d74
a68965
8f7152
69553a
392d17
100d01
050903
040a0b
04080b
171818
34312d
50483e
5b5147
5e5246
645445
604d3c
57422f
56402c
46382e
3a312a
1a1714
070705
050200
1b130c
54473c
8c7a6b
a79485
b59f92
b39b8f
b29a8b
ae9582
b19980
bca489
c6ae92
d0b79c
d8bea1
dabfa2
dbbea0
dbbea0
dcbf9f
dbbda1
dcbea2
dcbfa3
dac1a3
d9c0a2
d8c1a2
d7c0a1
d9bea0
dabfa1
d7bc9e
d2b799
d1b698
cfb496
c8ad8f
bfa385
b29576
987a5b
7e6044
5d442b
311d0c
1c0e00
271911
4f3d3a
7b6b66
91827b
9f9189
aa9d94
ada195
b0a498
b0a495
a99d8c
a29782
948973
847965
665c4b
3b2f20
171307
0d0d03
060804
080a08
2c2a27
71655d
9b8a7d
ae9a88
b29d8b
af988a
ab9487
a78d80
a58a79
ad937d
bba089
c4a892
c3a791
c0a48e
bda18b
bca08a
bda18b
bfa38d
bda38d
c0a791
c3aa93
c2a993
c0a791
c0a791
c1a892
c2a791
c3aa94
c4ab94
c3ad96
c4af98
c7b39b
cbb79f
cdb9a0
cfbba2
cfbba2
cebaa1
cebaa1
d0bca3
cbb79e
c5b097
b9a68d
a5957b
897f64
625b45
322d1f
110c07
080304
181216
484141
807770
9f9488
ab9b8e
ae9b90
b09a91
b29f94
b09e92
b6a498
c3b1a3
cdbbac
cebdad
cebdac
d0beaf
d1bdb2
d0bcb1
cebaaf
ccb8ad
cbb7ac
cab6ab
c8b4a9
c8b2a5
c5afa2
c3ada0
c1ab9e
c0aa9d
bfa99c
bca699
bca598
bda699
bda99b
bfac9e
c2b1a1
c4b3a3
c5b5a5
c6b4a6
c7b5a7
c8b6a8
cab8aa
ccbaac
cebcae
d0beb0
d0bfb1
cfbfb2
d1c1b4
d2c2b5
d3c3b6
d4c4b7
d3c3b6
d3c3b6
d5c5b8
d6c6b9
d6c6b9
d7c7ba
d6c6b9
d4c4b7
d2c2b5
d0c0b3
d0c0b3
d0c0b3
d1c1b4
d2c2b5
d4c4b7
d6c6b9
d6c5b9
d5c3b7
d4c2b6
d3c1b5
d3c1b5
d3c1b5
d3c1b5
d4c2b6
d3c3b6
d3c3b6
d3c3b6
d3c3b6
d3c3b6
d3c3b6
d3c3b6
c1a788
ba9d7c
b2906d
9e7c58
846647
644e36
3a2917
1c1309
0c0701
0b0803
0f0e0a
413e39
837e74
aa9f95
bfb3a5
c1b4a4
b9ac9c
ab9b8b
9b8c7a
9b8a78
aa9985
baa793
cab19c
cbb19d
ccb19c
cbaf99
caad97
cbae96
cdaf97
c7ae96
c2aa92
bca28c
b69d88
b29885
ac917f
a78b7a
9b8573
92816e
907b6a
8b7564
8a7262
8c7362
8f7565
937968
9a7e6b
9e826f
a38672
a58973
aa8b75
af8f78
b3937c
bc9e81
bea084
c1a387
c5a68a
c8aa8e
cbae91
cdb094
cdaf95
caac92
c7a98f
c4a68c
c1a389
bd9f85
b99b80
b0937b
a78c74
a38770
9f846e
9d806c
9b7e6a
a18472
a98b78
ae8f77
b2947c
b79980
bc9b81
bc9a81
bc9a7f
bb9a7d
b99a7b
b19373
ac8e6f
ac8d6d
aa8b6b
ab8c6c
af9070
b39477
b6977a
ba9b7d
bd9c7d
bd9c7c
be9b7b
c19d7b
c19c7d
c09b7d
be9777
ba936f
b58e6a
b08d69
ad8d6d
ae9070
b99872
bb9a75
c1a07b
c5a580
c9a883
c9a985
c8a984
c9a982
caaa82
c9a97e
c4a479
bb9b72
a98863
947251
6c553a
3a2d19
120c02
050601
050a09
0f1312
333331
5b5550
776c62
82766a
857769
887768
7c6958
634e3b
55402d
46382e
3b322b
1b1815
090806
050200
19110a
514439
8a7869
a59283
b39f91
b29c8f
b19b8c
ad9682
b09980
bca488
c5ad91
d0b69b
d7bea1
dabfa2
dabd9f
dbbea0
dcbfa0
dcbea2
ddbea2
dcc0a3
dac1a3
dac1a3
d8c1a2
d8c1a2
d8bd9f
d9bea0
d6bb9d
d2b799
d1b698
cfb496
c8ad8f
bda284
b19678
997c5e
7c6043
563e26
2a1806
1c0e02
362921
665751
8a7c74
998b82
a4968d
ab9e93
aa9d92
ac9e91
a99d8d
a29684
9c8f7b
8f836d
807460
675b4a
423526
1b1509
100e05
090a06
080a09
272522
6a6058
99887c
ad9987
b09b89
af978a
ac9488
a78d81
a58a7a
ad927d
b89e86
bfa38d
bda18b
ba9e88
b79b85
b59983
b69a84
b79b85
bb9f87
bfa28a
c1a48c
c0a48c
bfa28a
bfa28a
c0a38b
bfa58d
c0a68e
c2a890
c1a990
c1ac92
c4af95
c8b499
ccb89e
cfbba2
cfbba2
cdb9a0
cebaa1
cfbba2
cab69d
c3af96
b8a78d
a6957c
8b7e65
645b46
342e20
130e09
090506
161115
474140
7e7770
9e9388
aa9c8e
ae9c90
b09c92
b29f94
b09e92
b6a498
c3b1a3
cdbbac
cebdad
cebeac
cfbdae
cfbbb0
cebaaf
cdb9ae
cbb7ac
c9b5aa
c8b4a9
c6b2a7
c1ab9e
bfa99c
bda79a
bda79a
bca699
bba598
b8a295
baa094
bba195
bca497
bfa89b
c1ab9e
c4afa1
c5b1a4
c4b2a4
c5b3a5
c6b4a6
c8b6a8
cab8aa
ccbaac
cebcae
cebdaf
cfc0b3
d1c1b4
d2c2b5
d3c3b6
d4c4b7
d3c3b6
d3c3b6
d4c4b7
d5c5b8
d6c6b9
d7c7ba
d5c5b8
d4c4b7
d3c3b6
d0c0b3
d0c0b3
d0c0b3
d1c1b4
d2c2b5
d4c4b7
d6c6b9
d6c5b9
d6c4b8
d5c3b7
d4c2b6
d3c1b5
d3c1b5
d4c2b6
d4c2b6
d3c3b6
d3c3b6
d3c3b6
d3c3b6
d3c3b6
d3c3b6
d3c3b6
c2a889
bc9e7d
b3916e
9d7b57
836446
644e36
3d2d1a
1f150c
0e0903
0c0904
0e0d09
3c3934
7f7a70
a99e93
bfb3a5
c1b4a4
baad9d
ab9b8c
9b8c7a
9b8a78
a89682
b8a591
c4ad9a
c7af9b
c9af9c
c8ad98
c7ab96
c6aa94
c7ab95
c5ad96
bfa790
b59d88
aa9481
9f8a7a
927e6e
867163
796960
6f635b
64574f
5a4d45
584a42
5b4c45
5e4f48
625248
685548
6e5a4d
755f51
796355
7f6757
856d5c
897060
90775f
9b8068
a68b72
ae9378
b5987e
bc9e84
c1a388
c4a98e
c5aa90
c4a98e
bda388
b89d82
b1967b
a68c70
9c8169
8f735f
816452
7a5f4f
775b4e
73584d
775d53
80665a
886c58
8f725d
997a64
a28169
a9856c
ae896e
b08b70
a9886c
a08165
97785d
8f7155
8b6e52
8c6f55
8e7259
90765c
957a60
9e8168
a28469
a5856a
a9876b
ad8c6e
b08d70
b08a6d
ad8564
a97f5c
a27956
9b7553
947252
907252
977a57
9e805c
a98b66
b1936e
b3936d
b6956e
bb9973
c09c79
c4a17b
c6a37b
c3a177
bc9970
ab8862
987350
72583e
443221
1b1106
090803
060706
161613
47443e
756d63
918374
9c8d7e
9c8c7d
9f8d7d
917f6e
6f5a48
54412e
46382e
3b332b
1d1916
0a0907
050201
170f09
4c3f34
857566
a39182
b19e90
b09d8f
b19c8c
ad9782
af9a80
bba488
c5ad90
cfb69b
d7bea1
d9bea1
dabd9f
dabd9f
dbbe9f
dcbea2
ddbea2
dcc0a3
dac1a3
dac1a3
d8c1a2
d8c1a2
d8bd9f
d9bea0
d6bb9d
d2b799
d1b698
cfb496
c9ae90
bda486
b19779
997e61
7a5f44
4e3821
221101
1d1106
41362d
70645c
91847b
9d8f86
a4978c
a6978c
9e8d80
968679
8d7b6c
8a7968
8b7b65
82725a
74634d
5e4d3b
3f2d1e
1a1007
0d0802
050503
050608
232222
655d56
988a7f
ae9b8b
b19c8d
b0988c
ad958a
a68b80
a08677
a68b77
b19681
ba9e88
b89c86
b59983
b1957f
ae927c
ae927c
b1947e
b7977f
b99981
bb9a82
ba9a81
b99981
ba9a81
bc9b83
ba9f85
bca187
bea389
bea58a
bfa88c
c2ac8f
c6b195
cab69b
ccb8a0
cdb9a0
cbb79e
cbb79e
cbb79e
c6b299
c0ad94
b9a88e
a7957c
8f7d65
695a46
382e21
140f0a
080607
121013
43403e
7c766f
9d9487
a89b8d
ae9d90
b09e93
b29f94
b09e92
b6a498
c3b1a3
cdbbac
cebdad
cebead
cfbdac
cebbad
cdbaac
ccb9ab
c9b6a9
c6b3a5
c3b0a2
c1ada0
b9a396
b7a194
b59f92
b59f92
b59f92
b49e91
b19b8e
b89b93
ba9c94
bb9e96
bea299
bfa59c
c0a99e
c1a99f
c1ada0
c2b0a2
c4b2a4
c6b4a6
c8b6a8
cab8aa
ccbaac
cebcaf
d0c0b3
d1c1b4
d2c2b5
d3c3b6
d4c4b7
d3c3b6
d3c3b6
d4c4b7
d5c5b8
d6c6b9
d7c7ba
d7c7ba
d5c5b8
d3c3b6
d0c0b3
d0c0b3
d1c1b4
d1c1b4
d3c3b6
d5c5b8
d7c7ba
d7c6ba
d6c4b8
d5c3b7
d4c2b6
d4c2b6
d4c2b6
d4c2b6
d5c3b7
d3c3b6
d3c3b6
d3c3b6
d3c3b6
d3c3b6
d3c3b6
d3c3b6
bba283
b89a7a
b1906c
9d7b57
846546
665038
41301e
20170d
0e0903
0c0803
0b0905
36332d
79746a
a59a90
beb2a4
c2b6a5
bcaf9f
ad9e8e
9d8d7b
998876
a3927e
b2a08c
c3ad9c
c5af9d
c8b19f
c9af9c
c7ad98
c6aa95
c6aa95
bfa690
b7a08a
ab9582
998575
837064
6c5b50
5b4b42
4c3f3b
3e3431
302523
241a17
221916
251d19
27211d
28211c
2b201a
30231d
34261f
36281f
3a2a20
3e2e23
413126
4b3929
5a4737
705c4b
856f5c
97806a
a58c75
ae937c
b79d83
bfa58a
c1a78c
baa085
b2997e
a78d72
967d61
7f6550
654c3c
503729
473125
432e26
3c2822
3d2b27
463530
513c2f
553e2f
624838
765946
8a6954
96725b
99755e
977a63
8c6f59
775b46
614935
57412e
55402f
544030
5b4635
644e3c
6d5746
745d4a
78604d
7f6651
89705a
90745e
93745d
937158
8c694d
805e41
725339
6a4e35
654e36
685439
715b40
806a4d
8b7154
8b6f50
917352
9d7f5d
a9856a
b38f71
bc9877
be9c75
b99671
a98764
987353
73553e
463021
1e1107
0c0803
070603
191611
4d463e
82766a
a89584
b09e8d
ab9988
aa9787
9d8a79
786554
5b4837
47392e
3d342c
1f1b18
0b0b09
050201
140c06
483b30
817262
a08f7f
ae9d8e
af9d8f
b09d8d
ac9984
ae9a80
baa388
c4ac90
cfb59a
d6bda0
d8bda0
d9bc9e
d9bc9e
dabd9e
dabca0
dbbca1
dbbea2
d9c0a2
d8bfa1
d6bfa0
d6bfa0
d7bc9e
d8bd9f
d5ba9c
d2b799
d2b799
d0b597
caaf90
bfa689
b2997c
987e62
7a6147
4c3622
1e0f00
1f1409
463d33
736a60
91867c
9b9084
a19488
9e8d80
8a786a
796658
645041
695543
75624b
746148
68543e
564230
3c2819
22150f
100805
040202
06070a
252425
655e59
988d82
b09d8f
b39d90
b29a91
ae968d
a58b81
9d8276
9f8472
ab907c
b79b85
b49882
b0947e
ab8f79
a78b75
a78b75
a98d77
af8f79
b0917b
b1917b
af907a
ae8f79
b0917b
b3937d
b49780
b69982
b89c85
ba9f88
bca28b
c1a890
c5ae95
c9b49b
cdb9a0
cebaa1
ccb89f
cdb9a0
cebaa1
c9b59c
c2af96
b8a88e
a9957c
937d67
6d5a48
3c2e23
16100c
0a0909
0f0e11
403f3c
79756d
9a9386
a79d8e
ad9f91
b09f94
b2a094
b09e92
b6a498
c3b1a3
cdbbac
cebdad
cfbead
cebcab
ccb9ab
ccb9aa
cab7a8
c6b3a4
c0ad9e
bba89a
b8a496
b29c8f
b09a8d
ae988b
ad978a
ac9689
aa9487
a89285
b2968e
b59791
b69a92
b89d96
baa099
bba59b
bda59d
bfab9f
c0aea0
c2b0a2
c5b3a5
c7b5a7
cbb9ab
ccbaac
cebcaf
d0c0b3
d1c1b4
d2c2b5
d3c3b6
d4c4b7
d3c3b6
d3c3b6
d3c3b6
d4c4b7
d5c5b8
d7c7ba
d7c7ba
d5c5b8
d4c4b7
d1c1b4
d1c1b4
d1c1b4
d2c2b5
d3c3b6
d6c6b9
d8c8bb
d8c6ba
d7c5b9
d6c4b8
d5c3b7
d5c3b7
d5c3b7
d5c3b7
d5c3b7
d3c3b6
d3c3b6
d3c3b6
d3c3b6
d3c3b6
d3c3b6
d3c3b6
aa9172
aa8c6b
a88763
977551
7e5f40
614b33
3d2c1b
1e150b
0d0802
0a0702
070501
312e28
746f65
a1968c
bdb1a3
c3b6a6
beb1a1
b1a192
9f907d
988775
9e8d79
ab9885
bfa999
c1ac9c
c5ae9e
c5ad9a
c3aa96
c1a793
c2a792
b09780
a7907b
96816e
766556
544539
382b24
2a201b
221513
180b0b
0f0303
0a0000
0c0402
0c0704
0a0603
070400
080200
0b0401
0c0401
0c0300
0d0200
0f0400
100500
100802
180f09
2c1e15
48392d
69584a
857161
947f6f
a78f75
b59d80
bba387
b59d81
ad9578
9e8569
876e52
604b35
3a2717
231005
1b0c04
190c06
0e0504
0e0608
160c0d
170805
150601
251209
473124
6a5040
7e5e4c
82614d
806757
705848
513c2f
332015
24150c
22150f
201510
21150e
251910
2b1d15
2e2015
36271b
47372a
5b4a3c
6a574b
725e52
745e4f
6a5141
533c2a
3c2918
322213
2f2215
2f2317
342518
3f2f20
473422
48321e
563e28
6e543e
8d6c5a
9d7c68
ae8e72
b69778
b39474
a48567
927356
755743
493123
1f0e05
0b0300
060200
1a140d
4e453a
847566
ad9783
b9a491
b39e8b
ad9a87
9f8c7b
7b6857
5d4a39
47392f
3e352d
201c19
0c0c0a
040201
120b05
45372d
7d6f5f
9c8d7d
ad9d8e
af9e8f
b09f8e
ab9a83
ac9c80
b9a488
c4ab8f
ceb59a
d6bda0
d8bda0
d9bc9e
d9bc9e
dabc9d
d8ba9e
d9ba9e
d9bca0
d7bea0
d6bd9f
d4bd9e
d4bd9e
d6bb9d
d8bd9f
d5ba9c
d2b799
d2b799
d0b597
caaf91
c2a98d
b29a7e
977f63
7b634a
4d3925
1f1002
1e160d
494137
756f61
90877a
9b9083
a69789
a39183
8f7b6d
7e685a
6b5444
6f5845
7b664f
7a644c
6b553f
5b4532
493122
342521
180c0d
040003
05040a
212224
5c5853
8a8076
a39083
aa9387
aa9089
a78e88
9f847c
967b6f
977c6d
a28774
ae937c
ab9079
a78b75
a1866f
9d816b
9e826b
9f836d
a28674
a28674
a28775
a08573
a08472
a28775
a48a78
ab8c7b
af8e7d
b29381
b39685
b89c8a
bea290
c4a997
c7b19a
cab69c
cbb89e
cbb79d
ccb89e
cdb9a0
c9b59c
c3b097
b7a98e
aa957d
967c67
725949
3f2f24
18120e
0b0b0b
0d0d0f
3e3e3b
77756c
999486
a69d8e
ad9f92
b0a095
b2a095
b09e92
b6a498
c3b1a3
cdbbac
cebdad
cfbead
cdbbab
cbb8a9
cab7a8
c7b4a4
c2af9f
b9a797
b2a090
af9b8c
ab9588
a89285
a59082
a48e80
a28c7f
9f897c
9c8679
a28981
a58b85
a8918a
ad988f
b39e96
b8a49c
bba8a0
bcaa9d
beab9c
bfad9f
c2b0a2
c5b3a5
c8b6a8
cab8aa
ccbbad
d0c0b3
d1c1b4
d2c2b5
d3c3b6
d4c4b7
d3c3b6
d3c3b6
d2c2b5
d3c3b6
d5c5b8
d7c7ba
d7c7ba
d5c5b8
d5c5b8
d2c2b5
d2c2b5
d2c2b5
d2c2b5
d4c4b7
d6c6b9
d8c8bb
d8c7bb
d7c5b9
d6c4b8
d5c3b7
d5c3b7
d5c3b7
d5c3b7
d5c4b8
d3c3b6
d3c3b6
d3c3b6
d3c3b6
d3c3b6
d3c3b6
d3c3b6
9d8165
a58466
a3805e
94714d
7e5f40
604930
392914
1d1409
0d0803
080601
080804
2b2a24
6f6860
a4968d
baaca1
bfb2a7
bfb1a4
b4a496
a08f7f
948372
9a8875
a79581
b3a18f
b7a692
bba893
bca892
bba791
b6a18d
b19c89
a08c78
927f6d
766357
4e3f38
2e221e
1c110f
140a08
0d0506
0b0205
090101
090100
0c0501
100a07
100907
0b0606
050506
050405
080607
0d0a0a
100d0d
100d0c
100c0b
0b0505
040000
040100
130f0a
362c25
625045
80685d
997f6d
a98f7a
b79c84
b49a80
a99076
9a846a
7f6b51
564533
2b1c12
100400
0d0100
0b0200
060000
0b0504
160e0f
231a19
251916
2f1f18
433129
5c483e
6b554b
6c584d
65544a
58483f
342522
140807
0b0204
090304
070303
060001
0b0404
090200
0d0502
150c06
281e17
453a31
51463e
574942
56483f
483c30
2a2015
140c04
0b0605
080305
060102
060000
0d0300
130700
190900
29180a
422e1f
725b48
8a715c
a2876d
ae9175
ae9175
a18669
8f7459
735944
4b3626
1f1107
0a0502
080503
16120b
4a4036
827465
a89583
b5a291
b19f8e
af9d8b
9e8b7a
7e6b58
5d4a38
463a2f
3c332b
201e1a
0a0b09
050401
100802
413429
7d6e5c
9d8f7d
ae9e8e
ae9c8e
af9f8e
ad9b86
ad9c82
b8a286
c3a98e
d0b69b
d7ba9e
d7ba9e
d8ba9d
d9bb9d
d9bb9b
d7b99a
d7ba9b
d6ba9c
d4bb9c
d4bb9d
d2bb9c
d2bb9c
d5ba9c
d7bc9e
d6bb9d
d3b89a
d4b99b
d2b799
ccb193
c1aa8e
b29c80
9b8368
7e674e
4f3d29
1f1203
1b140a
423c33
746a61
92887d
9d9083
a89789
ac998a
9d8878
917a69
8d7765
917a65
9a816a
927960
816851
715a45
5f4937
403228
1f140f
060403
010305
161618
494440
766c64
8f7f73
968478
96837a
958078
927a70
917568
957666
a0806d
ac8c76
a88973
a0826d
997b67
957865
937764
917562
8b7564
8d7665
8d7565
8a7264
8a7164
8e7469
90766c
95796d
967a6e
9a7f72
a08779
a58d7c
aa9282
b49c8c
bca592
bfab96
c3af99
c6b19b
cab59e
ccb8a0
c8b39b
c2ae96
b9a88e
aa967d
957e68
715c4b
413026
1a130f
0c0a0a
0b0b0d
3b3a37
747269
989385
a79d8e
ac9e91
af9f94
b1a094
af9e91
b4a397
c1b0a2
cbbaaa
ccbbab
ccbcab
cbbaa8
cbb9a6
cbb8a6
c6b1a1
bfa99b
b9a196
b29a90
ab9288
a0897e
9d867a
988176
957d74
917971
8f776f
8d756d
8c7871
8c7872
907e77
9a8881
a29089
a6958e
aa9992
b0a096
b4a499
b9a79c
beada1
c4b2a5
c7b5a8
c9b7a8
cab9ab
cfbeb1
d0bfb2
d2c1b4
d4c3b7
d6c5b9
d5c4b8
d4c3b7
d3c3b6
d4c4b7
d5c5b8
d6c6b9
d6c6b9
d6c6b9
d4c4b7
d3c3b6
d3c3b6
d2c2b5
d3c3b6
d4c4b7
d5c5b8
d7c7ba
d7c6ba
d6c4b8
d5c3b7
d4c2b6
d4c2b6
d4c2b6
d4c2b6
d5c3b7
d4c3b7
d4c3b7
d4c3b7
d4c3b7
d4c3b7
d4c3b7
d4c3b7
8b6d55
9a7a5d
9f7a5a
956f4d
866645
675035
413019
24190d
110d04
060500
040601
1f201a
645d56
a4948c
bcaaa4
bfb2aa
beb0a7
b5a59a
9e8d80
8a7969
907d6c
a08d7c
ae9e8b
b3a38e
b5a58d
b5a58b
b3a38b
ab9a85
a08f7d
8b7b6b
726155
4c3b35
291a19
160b0c
0f0607
0b0302
040003
040103
0c0806
16110d
26201a
352d28
372d2d
2e2727
1b1a18
0f0e0c
141311
282625
3a3937
41403e
413f3d
3d3330
24201d
0d0d0b
050502
140c08
3d2922
664a40
84695d
977b6e
ac907b
ae927c
a38a71
96826a
7a6951
544738
2b1f19
0e0602
0c0705
0c0806
15100d
29221f
3d3633
564e4a
5b5049
5f5045
604f44
66554a
695b52
665951
5e5249
554843
2e2323
0f0609
0a0308
070306
060403
0b0608
20191c
2a2425
393231
3b3430
3e352e
494038
4b4038
4d4039
493e35
3d352a
1f1911
0e0906
09060d
03010a
040308
0e0c0e
211a19
302521
362920
413125
4e3c2e
6c5843
836b54
9c8066
ac8d70
b09174
a5886c
92775d
725b44
4a3827
1f1409
0b0903
0a0905
14100a
453c32
7e7265
a49485
afa091
ae9d8e
b09f8d
9e8b7a
806e5a
604b39
483c30
3c342c
23221e
0b0e0b
090905
110a03
41372b
7d6e5a
9e8f7c
ae9e8e
ad9b8d
af9d8d
ad9a87
ae9c83
b79f85
c3a88d
d1b69b
d8ba9e
d7b99d
d9ba9d
dabb9e
d8ba9a
d7ba98
d7ba99
d6bb9a
d4ba9b
d3ba9c
d2bb9c
d2bb9c
d4b99b
d6bb9d
d7bc9e
d5ba9c
d6bb9d
d4b99b
cfb395
c3ad8f
b6a184
a1896d
826d53
54432d
221607
181208
3a332c
6e625d
92857d
9d8d83
a69586
af9c8b
a89380
9e8974
99836d
a28870
ad9077
a6886e
977a61
866c54
6d5641
46392a
20170e
0a0803
050707
0a090b
2a2320
4f443d
6e5f53
77675c
76665c
75645a
786458
84685a
926f5e
9e7965
a4826c
9e7e69
937360
886a58
836858
7f6556
796152
716050
715e4f
705c4f
6f594e
6d564e
6b524d
684f4a
6e5850
705b50
796358
846f62
897467
8e796a
988273
a18d7c
aa9786
b6a390
bca996
c5b29c
cbb9a1
c7b59d
bfad95
bba78e
a8947c
937e68
705e4c
3f3127
1a120e
0b0708
0c0c0d
383634
716d64
989184
a79d8e
ac9f92
b1a196
b3a397
b1a194
b4a598
c0b0a1
c9b9a9
cbbbab
cbbbab
cabaa6
c8b7a2
c8b5a3
c2ac9e
bba397
b69b94
ae918e
a48783
978177
907971
877069
816a64
7c6460
775f5c
735b58
6f6059
6c5d56
6f6059
796a63
82736c
897a73
90817a
988a83
9e9188
a5978e
af9f96
b8a79d
c1afa3
c8b4a7
cbb9ab
cebcb0
cebcb0
d1bfb3
d4c2b6
d6c4b8
d5c3b7
d5c3b7
d3c3b6
d4c4b7
d5c5b8
d5c5b8
d5c5b8
d4c4b7
d3c3b6
d2c2b5
d2c2b5
d2c2b5
d2c2b5
d3c3b6
d4c4b7
d5c6b9
d7c6b9
d6c4b8
d5c3b7
d4c2b6
d4c2b6
d4c2b6
d4c2b6
d5c3b7
d6c4b8
d6c4b8
d6c4b8
d6c4b8
d6c4b8
d6c4b8
d6c4b8
7a5f47
8e6f54
9b7757
967350
8c6b4a
6f563b
4a381f
23180a
100b02
090901
070a03
1b1c17
57534d
968a84
b5a69f
b9ada5
b3a69e
ad9f95
9a8b7f
877767
8d7c6b
9f8e7d
ae9c8a
b4a28d
b6a58e
b4a38a
b09f87
a4937e
978574
7e6d5e
59483d
2e1f18
160808
0e0406
0b0204
080201
050102
100b0b
28231f
453f37
605950
6e655e
6b615f
5e5451
443c34
302720
352c24
534a42
706860
7e756e
837b73
7f7670
605a54
403e37
26221b
150b03
231109
452d23
685143
806858
9e836e
a68a74
9f856d
947f67
7a6850
524534
282016
0c0802
080908
0b0d0b
1f201d
484641
69645c
7d7368
807366
80705f
7c6956
746250
6a5a49
615243
5d4f43
54463e
302420
120708
0a0204
090303
0c0805
261e1d
4b4140
605654
716662
6f645c
685b51
64564c
54463c
4c3e34
483b31
3d332a
221a14
100a06
0c070a
070207
0c0a0b
2d2928
534b47
695d56
6f6054
705f50
736050
7b614c
886a53
9b795f
ac886a
b28d70
a78569
967459
765b44
4d3b29
21160b
0c0904
080703
100c07
40372d
796d60
a29182
ae9f90
ae9d8e
b2a18e
a18e7d
83715d
614d3b
43382c
393129
22211d
0b0e0b
090905
100902
40352a
7a6b58
9d8e7b
ad9d8d
ae9d8e
b09d8d
ad9a87
ac9981
b49d82
c1a68b
cfb59a
d6b89c
d5b79b
d7b89b
d8b99b
d6b798
d6b996
d5b897
d3b897
d1b898
d0b799
cfb899
ceb798
d0b597
d3b89a
d4b99b
d3b89a
d5ba9c
d5ba9c
cfb496
c6af92
baa588
a48c70
867157
5a4833
271b0c
150f05
2f2821
605551
877c75
978a80
a29385
ac9b8b
aa9885
a99581
9f856d
a3866d
af8f73
ae8d71
a48469
92755c
755b44
4c3f30
1e150c
090703
090b0b
040405
0d0705
251913
453429
4e3d32
4e3c32
503e34
584439
6d5245
836351
92715d
977763
90715e
816554
71594a
675145
5e4a3f
564439
4c3c35
4b3c35
4b3934
493632
45312e
432e2c
422c2a
422e2a
44312b
493630
523e37
5a463f
624e45
6b574e
786658
8f7d6c
a39180
ab9986
b2a18c
bfae98
c3b29a
bfad95
bba78e
a8957d
937e68
705e4c
403227
19110d
0a0607
0a0a0b
34332f
6d6a61
979082
a69d8e
ab9e91
b0a095
b3a397
b0a093
b3a396
bdad9f
c6b6a7
c8b8a8
cabaaa
cabaa5
c7b4a0
c4b19f
bca899
b49e91
ac948c
a08782
937a75
816e66
75625b
695650
63504b
5f4c48
584442
503c3a
4a3d39
473b36
493d38
50443f
574b46
615550
6d615c
786c65
84776f
92867d
a09289
aa9a91
b5a398
c0aea2
c8b6aa
cebcb0
cfbdb1
d0beb2
d1bfb3
d2c0b4
d4c2b6
d5c3b7
d4c4b7
d4c4b7
d5c5b8
d5c5b8
d5c5b8
d4c4b7
d4c4b7
d2c2b5
d1c1b4
d1c1b4
d2c2b5
d2c2b5
d4c4b7
d6c6b9
d7c6b9
d6c4b8
d5c3b7
d4c2b6
d4c2b6
d4c2b6
d4c2b6
d4c2b6
d3c1b5
d3c1b5
d3c1b5
d3c1b5
d3c1b5
d3c1b5
d3c1b5
6f5640
886b52
9b785a
9a7653
916e4d
765b3d
543f24
271a09
120b00
0a0a00
070c05
141812
46453f
7d7671
9c928e
a59a94
9e918a
95877f
86796d
7e7062
8c7c6c
9f8e7f
b29d8c
b9a491
bda993
bba890
b5a18b
a7937f
988372
776859
4c3d33
241611
130708
0f0508
090205
090505
140f0e
312c28
5d564f
81796e
91897e
938a7f
8e837c
80746d
64584e
51453b
584c42
75685f
8d8077
9a8d84
a3968d
a79d94
938b81
7d756a
60574a
3c3024
2a190f
301b13
4d392c
6b5645
917862
9f856e
9e826b
987f68
806a54
584837
2c2216
0c0a03
020707
04090a
212320
5b5750
847c71
96897a
998877
9a8773
947e68
846f59
715e4a
655442
5f4f40
57473b
352620
170a08
0b0200
0b0401
120e09
403530
6f625c
857770
918178
8f7e74
8c7a6d
847263
685848
534436
4c3e34
43362f
271d19
120a08
0b0504
080202
1a1615
4c4642
7a716a
8f8378
968677
94826f
8f7b67
8c6f57
8d6d51
967354
a8815f
b08867
a37e5e
906c4f
725740
4b3928
20150a
0b0803
080703
0f0b06
3e342b
786c5f
a39384
b0a091
b1a090
b3a291
a18e7d
82705c
5f4b38
3e3226
342d25
1e1d19
090b08
060502
0c0500
392e23
766754
9a8b78
ad9d8d
af9d8f
b09e8e
ac9986
a9977e
af977d
bba085
caaf94
d2b498
d1b397
d2b396
d1b295
d0b191
cfb28f
ceb190
ccb191
cab091
c8af91
c6af90
c6af90
c8ad8f
ccb193
cdb294
ceb395
d1b698
d1b698
ccb193
c3ad90
b9a487
a38b6f
877257
5f4e38
2b1f10
0e0800
1f1913
4f4542
7b706b
92867d
a09388
a89889
a59483
a69380
a0866f
9b8067
9f8166
9e7f63
9b7c61
8e735a
745b44
4f4233
1e150c
060401
080b0a
050506
110b08
2d221c
4d3a30
564137
544137
544238
59453a
685041
7a5d4a
856653
886957
806454
6f5749
59473c
473830
392b24
2c201c
281e1b
2a1f1c
241816
1a0c0b
130403
190808
231310
281915
2b1b18
2d1d19
2f201b
31211a
31221a
2d1f16
38281b
564535
7a6a59
948372
a39380
b1a18d
bbab96
bfae96
bba68d
aa967d
96816a
73614f
43352a
1c130f
0c0809
0a0a0c
302f2c
6b675f
989284
a69d8e
a79a8c
ab9b90
af9f92
ad9d90
b1a194
bcac9d
c6b6a6
c8b8a8
c9b9a8
c9b9a5
c7b4a1
c2af9d
b8a495
ac998b
a08c82
8d7972
7b6862
645751
554942
473935
40322f
3c2e2c
352726
2e2020
201614
1f1513
211715
241a18
241a18
2a201d
352b29
413731
514640
6c6059
867971
9a8c83
aa9b92
b8a79d
c2b1a6
ccbaae
cfbdb1
d1bfb3
d1bfb3
d2c0b4
d5c3b7
d8c6ba
d6c6b9
d7c7ba
d7c7ba
d8c8bb
d7c7ba
d7c7ba
d6c6b9
d3c3b6
d3c3b6
d3c3b6
d3c3b6
d4c4b7
d6c6b9
d8c8bb
d8c6ba
d6c4b8
d5c3b7
d4c2b6
d4c2b6
d4c2b6
d4c2b6
d5c3b7
d3c1b5
d3c1b5
d3c1b5
d3c1b5
d3c1b5
d3c1b5
d3c1b5
5c4632
7a5f47
917052
967250
916f4d
7c5f40
5f462a
342614
181103
090800
010600
030903
242721
504b47
6e6562
807673
7b706b
695e56
61554a
726559
8c7e70
9e8e7f
b59e8e
bda794
c2ad97
c0ab93
b8a28c
a6907d
957f6e
66584b
3c2f26
190d0b
0f0507
080104
060205
130f12
37312f
605952
8b837a
a79f91
aea596
a89d90
a1948a
8f8279
685c53
50443b
574b42
786c63
92877e
a3978e
afa39a
b0a69a
aea295
a59888
928573
756757
534237
38261f
3d2d1e
5c4a38
87715a
9b8069
9c8068
9a7f69
876d59
66513f
3a2b20
130e09
03070a
03080c
232322
625851
908177
a69689
a89483
ac9380
a48975
8d745f
745d4b
685342
635241
5a4a3b
3a2b22
1c0e08
0d0200
0c0401
19140b
504138
88756c
a39086
ae9a8d
ac9789
a89282
9a8471
76614e
5a4a38
504035
473933
2c201f
140a09
0b0301
0a0301
26211d
635a55
938980
a6978a
ad9c8a
ac9883
a38e77
987e60
8f7152
906f4d
a27f59
ad8863
a07e59
8c6b48
72583e
4d3b2a
21160b
0c0904
060501
0d0903
393026
74685b
a29182
b0a091
b2a191
b5a492
a28f7e
83715d
604c39
3f3327
362e26
21201c
0a0d0a
060603
0a0300
372b20
746551
998a76
ad9d8c
b09d8f
b09e8f
aa9885
a8947b
ab9479
b79c81
c6ab90
cfb195
ceb094
cfb093
cdae90
caac8c
c9ac89
c9ab8a
c6ab89
c4aa8a
c2a98a
c0a989
bea888
c2a789
c5aa8c
c7ac8e
c8ad8f
cdb294
cdb294
c9ae90
c4ad90
baa588
a58d71
8b765b
675641
322617
0e0800
120d08
38302e
665d59
847a72
9c8e85
a69789
a49383
a69583
a48e7b
9a836d
957b63
8c7157
846b53
7b644f
66513d
493d2e
1f160d
050300
030606
0b0b0c
2d2624
564b44
766258
7f675f
7c685f
756359
6d594e
695243
694e3a
6d513d
715544
654d3e
503b2f
382921
261c18
181010
0d0709
0b0503
0c0604
0d0603
110705
1d130f
352a24
4a3e38
594e46
62574f
685d56
695d54
63574e
54493e
413729
2d2012
2d1d0e
473728
726252
958674
a59683
afa08c
b8a892
b6a188
a69279
947f68
73604e
43352b
1d1410
0d090a
0c0c0e
2a2926
5f5b52
8a8376
988f7f
998c7e
9f8f85
a7978b
a7978a
ae9e91
bcac9d
c6b6a7
c8b8a8
c8b9a8
c7b6a3
c5af9c
bba896
ad9b8c
9f8e7f
8e7d72
74655c
5f5048
433b37
352d28
251c19
1c1311
191010
190f10
180e10
120b0a
110a09
120b0a
0e0706
080100
0b0403
181110
211915
2c231d
40352f
5b4f48
786b63
95877f
ab9d94
baaaa0
c4b3a6
cbb9ad
d1bfb3
d2c0b4
d2c0b4
d4c2b6
d7c5b9
d5c5b8
d5c5b8
d6c6b9
d7c7ba
d7c7ba
d5c5b8
d5c5b8
d2c2b5
d2c2b5
d2c2b5
d2c2b5
d3c3b6
d4c4b7
d6c6b9
d7c6ba
d7c4b8
d5c3b7
d4c2b6
d4c2b6
d4c2b6
d4c2b6
d5c3b7
d5c3b7
d5c3b7
d5c3b7
d5c3b7
d5c3b7
d5c3b7
d5c3b7
513b28
6e543d
876749
8f6a47
8b6745
795b3c
5e4428
332511
181002
0c0c01
060d05
000600
080c08
191814
28221f
3a312e
3b332d
2d231b
342920
625549
8b7e70
9c8e7e
b79f8f
bfa794
c4ad97
c0a992
b49d87
a08976
8c7564
5c4f42
33261d
140a06
0c0305
050003
0c090c
282528
615b59
89807a
a39b8f
b3aa9b
b5ab9a
afa395
a1958b
897e76
595047
342b22
352c23
5e544b
827870
9a9087
a89e95
ada195
b2a595
b0a390
ab9c88
a0917f
817166
594a43
413324
5a4937
857059
9c816a
9f836b
9f846e
907560
715746
442f23
170e0c
06070a
05080e
252121
61544e
917e74
a6958b
a79387
ac9384
a58978
8d7361
745c4d
675343
655542
5e4e3e
3e2f24
1e110b
0d0300
0b0300
1c150b
58483f
948076
af9a8e
b7a193
b59e8f
b29b89
a48c78
7b6751
5a4a37
503f34
493936
302323
140b0a
0b0402
0a0400
27211b
686159
9b9186
ad9f91
b4a391
b3a089
aa957d
9c8566
8e7553
8e714d
a1825a
ad8d66
a2825d
8f714c
765d43
503e2d
24180f
0d0905
060501
090702
332b21
706356
9f8e7f
ae9e8e
b1a090
b6a492
a59281
877561
644f3d
403429
382f27
23211d
0c0e0b
050403
070100
32271d
716250
988876
ac9c8c
b09e8f
b09f8f
aa9884
a6947b
aa9379
b69b80
c6ab90
cfb196
cfb195
cfb093
cdae90
caab8c
c6aa88
c5a887
c2a787
c0a688
bea588
bca587
bca486
bea385
c2a789
c5aa8c
c7ac8e
cbb193
cdb395
c9ad8f
c6af92
bea98c
aa9276
907b60
705e49
3d3121
150f05
0a0500
201816
4b423e
6f655e
8f837a
a09386
a49485
a89888
a69586
9a8877
907c68
806b56
725d49
645140
503f30
413527
20170f
070602
000203
0f0f10
3f3936
71655e
917c72
9c827a
9a867d
938176
847065
705b4c
634a36
604633
604738
503a2c
36241b
1f130e
130b0b
0a080a
050509
080503
090403
120d09
2d2721
514a41
71695e
847c71
968d82
9e948a
a1978d
a09689
9e9586
958d7d
867d6d
6f6253
4e3d31
39291b
514131
7c6c5c
958673
a49582
b1a18b
b09c83
a28e75
907b64
705d4c
413329
1b120e
0b0708
080809
1d1c19
47443b
6f685b
7e7566
847769
908075
9b8a7e
9d8d80
a69689
b6a697
c1b1a2
c3b3a3
c2b2a1
c0ae9b
bda795
b39f8e
a39181
918273
7c6e63
5f534a
463b33
26211d
1c1714
100b08
0a0402
0b0506
150e10
1e181a
322c2e
332c2e
2e2729
251f21
1c1618
211b1d
332d2f
423a38
423934
403631
473d37
5e514a
7c6f67
988b82
ac9d93
bcaa9e
c7b4a8
cfbdb1
d0beb2
d0beb2
d2bfb3
d4c2b6
d2c2b5
d2c2b5
d3c3b6
d4c4b7
d4c4b7
d2c2b5
d2c2b5
cfbfb2
cebeb1
cebeb1
cfbfb2
cfbfb2
d1c1b4
d2c2b5
d5c4b8
d7c4b8
d5c2b7
d4c2b6
d4c2b6
d4c2b6
d4c2b6
d4c2b6
d2bfb3
d2bfb4
d1bfb3
d1bfb3
d2bfb3
d2bfb3
d2bfb3
513e29
61482f
7e5d3f
8d6744
896341
7a5b3c
62482a
362713
150d01
070700
060e04
000800
010200
060604
0d0908
15100e
18130f
1a110a
2e2419
5b4f40
847765
9a8b77
b79f8d
bca28e
c7aa93
c3a48c
b59882
9f8671
7f6755
514334
271a0f
110803
0e0907
090405
20191b
4c4243
7e7879
a09995
b4a899
b8a792
b6a791
aa9f92
888280
595a59
2b3026
13130c
140e09
302622
514842
736b63
8b857c
9c938b
a89e95
b3a397
b4a396
ae9f94
988a82
7a6f69
615747
5f503c
75634a
967e62
a2896a
9f8769
927a5e
755d4a
49342c
1d100d
0a0505
0b090c
221d1e
5a4f4e
8b807b
9c948a
a4988f
a7958c
9e8a7e
8d7c6c
766956
625b45
625748
5e574a
3d392f
15140d
020100
060400
19150d
4a443c
8b8178
aa9d90
b7a595
baa593
b09b8a
a18d7d
807060
5e4f41
53453b
504542
36302d
12100e
030402
040601
1f1e18
59564e
868176
9f9589
a39686
9c8c7b
9d8c78
958165
8f7b5b
937c5a
a28a66
ad926f
a78869
9a785c
816450
574237
2f211a
0e0906
080705
080701
2a251a
706457
9e8b7a
b2a08f
b5a292
b3a090
a79484
917f6e
645242
44372e
3b322a
2d2825
13110e
050302
070300
2c2620
6b5a53
96847b
ad9b8f
ae9c8e
b09f8c
ac9b84
a6957c
ac967e
b89b85
c3a78f
ceb096
d0b296
cfb092
cdae8e
cbad8d
c5ac8d
c0a789
bda386
bba186
b99f85
b89e85
b69c83
b59c7c
b9a080
bea585
c4ab8b
c8af8f
cab191
cbb192
caae92
c3a68c
b2987d
9b866b
807058
594c3c
2c2016
110502
110701
271e15
4b443d
736d64
92887d
a49788
ac9d8c
aa9c93
9d9083
908372
817460
6a5b46
4f3d2d
3f2a1c
2f2620
171210
060708
010408
111013
47403d
7e736a
a38f82
ad9688
ab9486
aa9486
9a8779
726052
544234
4f3d32
4a3832
3a2f28
1d1a14
0f100d
060a09
000304
030509
040307
191316
382d2e
655956
8a7f77
999083
a59f8e
ada796
b1aa9a
b3ac9c
b3ac9c
b4ad9d
b1aa9a
a7a191
9f9587
877a6d
615346
544435
685946
8a7965
a09079
ac9a83
b19d84
a38f76
8e7a64
6d5949
403128
1b120f
090405
060604
0e0c08
26221d
463e35
595044
645749
6f6050
837267
928178
a29285
b3a192
c0ae9d
c6b4a0
c5b19c
bda997
b5a295
af9a8c
9c8879
837365
655b51
453f38
292824
0f120b
090c05
070802
080803
110e0b
2c2826
4a4644
675d62
62575d
584d52
4a3f44
3c3137
40353b
544950
6b6262
716966
6c635e
625954
5b504a
665953
7f736b
9b8b82
b49f94
c2ada2
ccb6ab
ceb9ae
d2bdb2
d3beb3
d1bbb0
cdbfb2
cdbfb2
cdbfb2
cec0b3
cfc1b4
cfc1b4
cfc1b4
cebeb1
cebeb1
cebeb1
cfbfb2
cfbfb2
d0c0b3
d0c0b3
d1bfb3
d2beb3
d2beb3
d2beb3
d2beb3
d2beb3
d2beb3
d2beb3
d1bdb2
d0bcb1
cfbbb0
cfbbb0
cfbcb0
d0bcb1
cfbcb1
5f4c3a
5d442d
735436
886442
866240
755737
61472a
392914
160d02
070400
030801
000500
080b08
1c1b19
322d2b
494441
57504b
554c44
544a3e
685b4d
857665
9a8978
b6a08c
bea490
c6aa93
bfa28a
b2957f
9c826e
78624f
45372b
1e130a
0e0601
0d0806
110c0c
352e2e
6a6160
958e8b
ada59f
bdb0a1
bdac99
b1a28f
92887d
625e5c
2f3130
080e09
040603
070402
0e0908
1a1514
312f2c
4b4a47
787171
958b88
a89c94
ae9f93
b3a496
ac9f92
988f81
7d7262
6f604e
77654d
8f765c
9a8064
9c8368
91795e
78604d
4e3a30
20130e
0b0606
0a080b
1f1a1b
554a49
877b77
9d948b
a59990
a7988e
9f8d81
8f7e6e
796b58
665a47
645645
615648
413a30
17150e
030300
060400
17140b
48433a
897f76
a99b8f
b7a594
bba692
b29d8b
a3907f
857464
665648
584a40
534945
393130
14100f
040301
020300
13110c
403d36
666157
81766a
897d6d
837362
83725f
857056
857052
907958
a38b67
b39773
af9070
9f7e60
866954
5e493b
33251d
110b08
090806
080602
272219
6c6054
9c8b7a
b1a090
b4a393
b2a191
a79686
928171
645444
45382f
3a322a
2c2724
14110f
060403
060100
29231e
6a5a52
95847c
ac9c8f
ad9b8d
af9e8b
ae9c85
aa987f
b09a80
bca186
c8ad92
d3b698
d5b896
d3b592
d2b48e
d1b38d
cdb18a
c8ab86
c4a682
c1a380
bea07e
ba9d7c
b7997b
b89b79
bc9f7d
c2a583
c9ac8a
cfb18f
d1b392
d2b593
d0b296
cdae95
c0a68a
b0997e
99866d
756552
4c3d30
261b10
0e0500
0c0501
201d18
4a4842
746f68
948b81
a3998d
a69990
a6988c
a09281
90806d
71614e
4e3b2c
332013
231a13
0f0a07
060607
04070b
121213
46403c
81766d
aa9688
b49e90
b19b8d
ac988a
9d8a7c
726053
503e32
46342b
402f2a
332923
13110b
070905
090c08
040505
010103
0d0a08
38322f
675e58
92867d
ab9f92
aca594
b2ad99
b4ad9c
b7b0a0
b8b1a1
b5ae9e
b4ad9d
b6af9f
b5ae9e
b0a699
a39689
8b7d70
766657
71624f
81705c
9a8a73
ad9b84
b19c83
a59177
917c66
705d4c
43342a
1d1410
0a0505
070705
040300
0c0804
1e160d
292014
36291b
453626
6a594e
86766b
a39384
b9a898
c4b3a1
c7b5a1
c2b099
bcaa96
b6a495
a89586
917e6e
776659
554b42
302b26
141311
070903
060701
060602
15120f
35322f
5c5855
76716e
877d7d
827878
7a7070
6b6161
584e4e
564c4c
695f60
7c7371
89817e
928985
89807b
756a64
6e615b
776b63
8a7a71
a59085
b8a499
c6b2a7
cab6ab
cdbaaf
d0bcb1
d0bcb1
ccbeb1
ccbeb1
cdbfb2
cdbfb2
cec0b3
cec0b3
cec0b3
cebeb1
cebeb1
cebeb1
cfbfb2
cfbfb2
cfbfb2
cfc0b3
d0bfb3
d0beb2
d0beb2
d0beb2
d0beb2
d0beb2
d0beb2
d0beb2
cfbdb1
cebcb0
cdbbaf
cebcb0
cebcb0
cfbdb1
cfbdb1
776155
604635
664b2f
7d5e3d
80603d
715535
624829
3e2d15
1b1102
090600
030602
010504
171917
3e3b37
5d5853
76706a
847c75
837970
7a6d63
7c6d61
8c7b6d
9c897b
b39e8a
bda691
c5aa94
bba087
ae937d
957e69
6e5946
3f3228
1e140c
0e0803
0c0a07
171514
484542
837d7a
a29b94
b1a79d
beafa0
bbaa99
a59586
736b61
383733
0d1210
000401
050706
090708
050307
010004
080a0d
15191d
3f3c45
6c676a
948985
a6988d
b0a393
b1a493
a49986
948978
807060
7c6a55
8d755d
987e63
9b8268
917960
79624f
503c30
21150e
0b0604
090707
1c1817
524844
847972
9d958b
a49a91
a79a8f
9f9082
918170
7d6b59
6c5a48
665440
655545
453b30
1d1910
060501
050400
14120b
453f36
867c72
a79a8b
b6a491
bba691
b39f8a
a59380
877665
675548
58483f
544744
3a302f
16100f
050301
010100
090804
1d1915
2e2820
453930
524537
534233
564535
644f37
766147
907959
a68d6a
b29672
ae906d
a1815f
886b53
604c3b
34271d
0f0905
080705
070603
231d18
665b51
9a8979
ae9e8f
b2a293
b1a192
a79788
928273
665748
463930
3a322a
2c2724
14110f
060403
050100
261f1a
64584f
918379
ab9c8f
ac9a8c
b09c8a
b09b85
b09a82
b49d81
bea485
caaf92
d5b897
d7bb96
d5b791
d4b78f
d3b58c
cfaf83
cbaa80
c6a57c
c2a179
be9e78
ba9a74
b6966f
b89774
bd9b79
c4a381
cdac89
d3b290
d8b794
dab996
d4b499
cfb196
c6aa8d
b89f81
a69074
8c765f
6b5746
473729
23180d
0e0702
0d0905
232120
464341
6c6765
8b837f
a1978f
a89a90
a9988a
a08c7c
8b7868
635244
3b2b1f
1b1109
070200
020302
04080a
101010
433d37
82776b
aa9787
b6a190
b29f8f
ab998c
9c8a7f
726057
493931
3b2a25
362927
2c2320
0d0906
030300
0a0c08
070706
030100
1d1b11
585248
8b8075
a99c8f
b7a99a
b4ab99
b5ae98
b0a89a
a9a194
a0988b
9d9588
a69e91
b2aa9d
b4ac9f
b2a79b
aea094
a19387
8d7d6d
7c6d5a
81705c
988771
ad9a83
b19d81
a79378
968169
766351
47392e
1f1711
0b0605
050503
050401
120e08
241d14
2f261a
3b2f20
4b3c2c
6a5a4c
877769
a79788
bcac9b
c6b5a0
c7b59f
c4b198
bdab94
b2a290
a2907d
887666
6d5e51
4c433c
282321
0c0c0c
050504
070705
0d0a07
27231f
58534f
817c78
908b86
98908a
938a84
8c837d
7b726c
605751
574e48
6b625b
807874
948c89
a59d98
a39a95
938882
867973
7e716a
82736a
968277
ad9b8f
bfada1
c6b4a8
cab8ac
cfbdb1
d0beb2
ccbeb1
cdbfb2
cdbfb2
cdbfb2
cec0b3
cec0b3
cec0b3
d0c0b3
d0c0b3
d0c0b3
d0c0b3
cfbfb2
cfbfb2
d0c0b3
cfbfb2
cfbfb2
cfbfb2
cfbfb2
cfbfb2
cfbfb2
cfbfb2
cfbfb2
cebeb1
cdbdb0
ccbcaf
cdbdb0
cebeb1
cfbfb2
cfbfb2
8d756e
6d5446
644a32
715735
775d39
725736
64492a
412e14
201301
0e0800
050606
030508
222221
57524c
7f7770
958d86
9b928a
998d85
8f8178
8a796f
907d73
99867a
ae9b87
bba690
c3ab92
b89e84
ab937b
907b66
66543f
362b23
1b120d
0b0804
0c0c09
22221f
5b5953
918d86
aaa397
b4a89a
bcac9d
b6a495
928378
554e46
1a1b18
010402
030400
070503
0b0607
090409
040207
000207
010409
10111b
3b393d
726a67
9a8d84
ada091
afa292
a99d8b
a09586
8c7c6e
86735f
927962
987e67
9a8169
917961
7a624f
513d2e
22160c
0a0502
080705
1b1714
504740
82786e
9c938a
a29a90
a59c90
9e9383
918271
7f6a5a
705847
69523b
675641
493d30
221c13
0a0703
040300
100f0a
413b32
82796b
a49786
b4a28d
bba68f
b4a089
a6957f
897765
695648
59483f
564745
403434
1e1616
0e0807
070401
060502
080402
090200
180c06
221409
231204
2a1909
513c27
715b43
927a5d
a58d6a
ad916c
aa8c67
a1805c
886b50
604c38
35281b
0d0803
070606
080606
211b17
61554e
968678
ab9c8f
b0a194
b0a294
a7998b
938477
67594b
483b32
3a3129
2b2723
141210
070403
040000
221c16
5b5348
8a8076
a79b8d
ac9c8d
af9b89
b19a84
b29982
b59c81
bca285
c9ae92
d4b798
d5b996
d4b692
d2b58e
d0b38b
c9ac83
c6a780
c1a27c
bd9e79
b79975
b1926f
ac8d6c
ab8c6e
b29274
ba9b7d
c4a586
cdad8f
d2b294
d6b697
d5b59b
d2b297
c9ab8d
bca081
af9577
9d8469
886d58
6a5440
463625
271a0f
100902
0a0503
1b1616
484042
746b6b
989088
a4978e
aa978a
a99285
a18b7e
7d6c5f
4e4135
221a0f
080400
000201
020605
0d0e0b
3f3a32
7f7567
a59482
b19f8c
b09f8e
a9988b
9b8a81
70605b
443531
312322
2e2322
241d1a
0b0906
040400
080804
090603
110c09
403c30
797265
9e9286
ae9f92
b6a799
b2a696
ada491
9c9487
7f776b
5d5549
544c40
71695d
968f83
aca599
b3a99d
b3a599
aa9c8f
99897a
8a7b68
897864
988771
a8967e
b19e80
a99579
9a866c
7b6954
4c3e30
221b12
0c0704
010100
0f0e09
2d2923
4a433a
574e42
5e5243
68594a
7f6f60
958575
ac9c8b
bbaa97
c4b39c
c7b59d
c6b39a
bfad95
b4a58e
a3947e
877766
665a4d
453e37
221f20
090a0d
040103
0a0707
1d1817
423d3a
716c66
908982
99918a
a29994
9a918b
8e8580
776e68
524943
443b36
5b524c
7e7672
98908d
a89f9b
aaa19c
a39892
998c86
897c74
82746b
928073
a7968a
b9a89c
c4b4a7
ccbcaf
d1c0b3
d0c0b3
cec0b3
cec0b3
cfc1b4
cfc1b4
d0c2b5
d0c2b5
d0c2b5
d3c2b5
d3c3b6
d3c3b6
d2c2b5
d1c1b4
d1c1b4
d1c1b4
d0c1b4
d0c1b4
d0c1b4
d0c1b4
d0c1b4
d0c1b4
d0c1b4
cfc1b4
cdbeb1
ccbeb1
cdbeb1
cdbfb2
cec0b3
d0c1b4
d0c1b4
9d8280
7b6458
675139
66512f
705a34
755c39
694b2c
3f2b0f
1f1200
100802
060508
030409
252425
615b54
8e867c
a79d94
afa49b
aea198
a08f87
938079
937f78
9a867c
a89882
b9a690
c2aa92
b69d83
a9927a
8e7b65
604f3b
312620
17100b
090603
0e0e0c
2c2d27
65655d
929186
aca494
b7a897
bcaa9b
b29e93
82746b
413b35
0e110f
020602
0d0700
0d0601
0d0303
0c0305
09060a
05050a
000308
000307
131414
48423f
837870
a09288
a99b90
b1a399
ada195
99897b
907c6b
957c66
957b63
967c65
917863
7e6653
554131
24180e
0b0702
070603
181410
4b423b
7d736a
9a9289
a09a8f
a29d8f
9b9484
918272
806859
725446
6a5036
6a553f
4d3f2f
241e13
0b0902
040300
0e0d08
3c382d
7e7666
a09381
b1a188
baa68d
b4a088
a6957e
8b7965
6c574b
5b473f
584745
413536
211717
0e0808
080401
080705
100c0b
1d1712
372c25
43362c
443328
4d3b2d
614b39
78624b
8f775a
9f8764
ae926d
b0936c
a4855e
8b7052
66533e
392c1f
0e0904
080607
090708
1d1616
5b4f49
938578
a89b8e
aea193
b0a395
a89a8d
938679
685a4e
483b32
3a3129
2a2723
141310
070504
030000
201915
534c42
857b71
a69a8c
ad9c8d
af9c8a
b09883
b19580
b49a83
bca18a
c8ad94
d3b69b
d5b89a
d3b496
d2b492
ceb18f
c3aa89
bfa585
b89e80
b1967a
a98e72
a0856b
9a7e65
94795e
9a7f64
a4896e
b0957a
b99e84
c0a58b
c3a98f
c6a88d
c7a78b
c4a585
bda07d
b59877
a88b6d
96785f
80654c
644c35
463321
2b1d13
140a06
0d0203
261a1c
4d4142
78726c
988b83
aa948b
ac9187
aa9287
8e7e73
655b51
352d22
120f06
020301
020503
0d0e0a
3e382f
7d7364
a59481
b2a18e
b1a090
aa9a8c
9b8a83
70615d
3e3130
281b1b
201717
171210
090904
060702
020200
0a0602
231c18
5b564b
8e857b
ab9c94
b2a099
b7a59d
aa9b90
998c81
6a6156
433a30
1a110a
110a02
362e23
736a60
9d958b
afa599
b5a89a
b0a396
a29384
91826f
8c7c67
988771
a6947c
b19e7e
aa9779
9e8a6f
806d58
504332
241c13
0c0904
030200
171612
3f3b35
635c53
72695d
796c5e
837464
918171
9d8d7d
ad9e8b
baaa95
c3b39b
c9b79e
c7b499
baaa90
ada088
a1937c
827460
5b5043
38322c
191819
07080d
060106
110c0f
342e2f
665e5d
8a817c
989088
9d948b
a29896
948a88
817775
605654
302624
1d1311
372c2b
625956
837c79
9d9591
a69d98
a49993
a2958f
9a8d85
91837a
968678
a59688
b5a598
c4b5a7
d1c1b4
d4c4b7
d0c0b3
d0c2b5
d0c2b5
d1c3b6
d1c3b6
d2c4b7
d2c4b7
d2c4b7
d5c6b9
d5c5b8
d5c5b8
d5c5b8
d4c4b7
d3c3b6
d3c3b6
d2c4b6
d1c4b6
d1c4b6
d1c4b6
d1c4b6
d1c4b6
d1c4b6
d0c3b5
cdc0b3
cec0b3
cec0b3
cfc2b4
d0c3b5
d1c4b7
d2c5b8
a6938c
8a766a
6f5944
685035
725a3b
745a3e
654a2e
442e19
241408
0e0501
050303
050507
232120
605953
918880
a9a098
b2a79f
b1a49c
a4958d
938078
8f7b72
9b867d
a99584
b9a490
c0a991
b7a086
a68e75
8f7862
654d39
33261a
170e07
0e0c08
0e100e
2f312e
6b6a64
98938b
afa795
b6a998
b6a599
a8968e
7c6e67
3a322c
0e1007
0a0c02
140e02
150d02
130902
0d0400
060102
030106
03040b
020408
090809
2c241f
685a51
98877e
a8988f
b0a099
ada196
a59586
9c8976
99806b
937962
917761
917861
816956
5a4638
2a1e14
0d0903
070601
131009
443b31
7a7164
989086
a19a8f
a29c91
9c9385
938373
826c58
725641
6b523a
67523f
4e4133
292118
0c0a04
050401
0c0b08
38332a
786f64
9e9182
b3a18d
baa690
b29e86
a6957e
8e7c69
6d594b
5d4a40
584943
423632
241b1a
0d0705
080403
060503
1f1c19
423c36
645a52
74685e
776759
776658
7b6350
846c55
8f775a
9e8462
ae926c
b2926d
a68560
8e7255
6a5641
3f3125
150f0b
0a080b
060408
191214
594d4a
938379
ab9b92
b0a197
b0a096
a8988d
95877a
6d5e51
4d3b33
3c2d25
2f261e
18110a
0b0401
070000
201711
51493e
887e72
a6978d
af9c92
b1998d
b09485
b39582
b39482
bc9d8b
ccac96
d2b499
d2b598
d2b699
cfb397
caad94
c2a38b
ba9c82
b19279
a1856c
957d66
816d58
786652
725e4a
796350
846f5a
937b65
a18770
aa9078
af947c
b4967e
b89981
b8987e
b49378
af8e71
a7866a
9c7a5f
8a6c53
715743
584231
413025
281b14
110705
0f0809
231b1c
5c524b
87786f
a48f84
a99385
a89385
948577
766b5d
4b4338
1a150e
050301
050506
0d0b09
3d3730
7e7366
a19483
b3a492
b6a595
ac9a8c
9c8a81
72615d
3c2d2d
201415
15100e
0d0806
080502
090703
030100
0e0b07
312d29
716962
998e87
aa9d94
b0a298
b0a39a
9f968d
7c766e
3b332e
1c150f
070200
040100
1e1910
5c544b
91867e
aa9e95
b3a49b
b7a398
af9a8d
9c8676
8e7a65
97846d
a7967b
b29f7f
ac997a
9e8a6f
806d58
524536
261e16
0c0803
030703
1b1a15
4a4440
756b63
897d72
928576
918474
9b8b7c
a49484
ae9f8c
bbaa95
c7b69e
cdbba2
c7b59a
b9a78f
a99b86
9b8d78
7b6e5c
52483a
2e2620
150f0f
0a0408
0b0609
1f191b
4d4545
7c7372
938987
998f8a
9c928d
978e8f
847b7b
625b5a
393130
100b09
040000
130f0c
322a27
5d5451
8a817c
9e948f
a49892
a99c95
a3968e
988982
988780
a3938a
b1a198
c3b2a9
d2c1b6
d4c3b8
cebeb2
d1c3b6
d1c3b6
d1c3b6
d2c4b7
d3c5b8
d3c5b8
d3c5b8
d4c6b9
d4c5b8
d4c5b8
d4c5b8
d4c5b8
d3c5b8
d3c5b8
d3c5b8
d3c6b8
d3c6b8
d3c6b8
d3c6b8
d2c5b8
d2c4b7
d0c3b5
cec0b3
cdc0b2
cdc0b2
cfc2b4
d0c3b5
d1c4b7
d2c5b8
aca096
948377
76604f
6b523b
71563e
6e553c
604830
46301f
271609
0c0300
030200
050505
1d1b19
57504b
8b827b
a69d97
b0a79f
b2a69d
ab9d94
98867c
8f7b72
9b867d
aa9486
b9a490
bea891
b8a187
a38b72
8f755f
674a37
382818
180d02
0f0c06
0e0f0e
333532
706e68
9f968e
b3aa98
b7ac9a
b4a499
a3938c
7b6c66
3e342c
1c180b
232011
312a19
312819
2e2415
22180e
130c08
0a070a
08070d
04050a
090507
1c120d
514239
8b7a70
a6948b
af9f96
afa297
ac9c8e
a5927e
9e856f
977d65
927861
927962
826a57
5d493b
2d2117
0d0904
070601
110e06
40372c
797061
989085
a29b8f
a39c91
9c9285
948574
846f59
72583f
6d543e
665240
4e4236
2c251d
0d0b05
050400
0b0b07
332d26
736961
9b8d81
b2a08e
b9a48f
b09d85
a5947d
8f7e6b
6d594c
5d4b40
5a4b42
433731
28201d
0d0805
0a0705
0f0e0c
322f2b
605954
82786f
92847b
958577
938173
937a67
917862
92785c
9c8260
ad906a
b1906c
a78460
8f7357
6b5742
423329
17120f
0b090d
050308
181113
584b4b
94817c
ac9b95
b3a19b
b1a099
a9988f
9a887e
726056
513a34
3d2c23
33261d
1b1309
0c0500
0a0100
201511
4b4235
85796c
a3938a
b19e95
b39a90
b09386
b09280
b49481
c09f8d
ccab94
d3b497
d4b796
d2b596
ceb193
caac91
c1a187
b6977b
aa8a6e
93765d
806954
5f4e3e
514337
4b392e
4e3c2f
554235
644f3f
765d4b
836855
886d58
8e715c
967863
9f7f6a
9f7f69
a17f67
a07e65
9b785d
8f6e56
7a5f4b
654c3b
523d2f
3a2a20
1e140e
100b07
150f0d
40332c
726358
988577
a29081
a69585
9b8e7d
867a6b
585147
201b15
080405
070509
0c0808
3d3530
7e7266
9f9382
b2a392
b7a696
ad9a8b
9c897e
72605b
392a2b
180f0f
0d0905
090401
080401
0a0603
060100
181512
443f3c
867d78
a49892
ac9e95
b0a397
a79c92
8c867e
5a5750
211a19
0e0807
060301
030300
181510
534c47
8e817e
ac9e96
b4a49c
b8a399
b59d92
a38a7a
907a65
97836b
a6957a
b29f80
ac9a7b
9f8b6f
816e59
544738
282018
0c0904
030804
1b1b16
4f4844
7e726b
93867c
9d8f81
968a7a
9f9081
a79788
af9f8d
bbaa95
c7b69f
cdbca3
c8b69b
bba891
ab9b89
998a77
756957
4b4232
281f17
140a09
0c0406
120c0c
30292a
605757
877e7d
958b8a
978c8a
998e8b
8a8184
675f62
373134
161012
050303
010101
030302
0e0806
302825
625a55
887e79
9e938c
a79b93
a2958d
9a8b85
9d8b87
a6948e
b1a098
c0afa8
cfbeb5
d3c2b8
cebeb3
d1c3b6
d1c3b6
d1c3b6
d2c4b7
d3c5b8
d3c5b8
d3c5b8
d3c5b8
d3c5b8
d3c5b8
d3c5b8
d3c5b8
d3c5b8
d3c5b8
d3c5b8
d4c6b9
d4c6b9
d4c6b9
d4c6b9
d3c5b8
d2c4b7
d0c2b5
cec0b3
cdbfb2
cdbfb2
cfc1b4
d0c2b5
d1c3b6
d2c4b7
b4a89f
9d8c82
7d6a59
6b543e
695038
674f37
5d462e
45301d
251406
0d0400
070603
070706
1c1a16
544e46
887f77
a39a93
b0a79f
b2a69d
ab9d95
9b897f
917d74
99847b
aa9586
b9a390
bda78f
b7a086
a28a71
8e745e
654936
3d2b1b
1a0e02
0c0902
0d0e0b
353633
746f69
9e948b
b4a897
bbad9b
b6a699
a5948a
7f6e66
4b3e32
372c1d
453b29
544733
574734
51412f
3f3123
281f16
15100d
070607
040708
060404
0f0804
3d312b
7a6b62
9d8e84
ad9f93
b3a79b
b0a192
a99682
a28972
9a8068
947a64
927962
846c59
604c3d
2f2319
0f0b06
070601
0f0c04
3d3429
756c5e
968e84
a19a8f
a49d92
9e9487
968776
86705a
745a41
6d543e
675341
514438
2e271f
0e0d07
050400
0a0905
2f2922
6f655c
988a7d
af9d8b
b7a28d
b09c85
a5947d
907e6b
6e5b4d
5d4b3f
594a41
443832
29211e
0d0805
090504
130f0d
3d3835
716964
968a82
a7978e
aa988b
aa9789
a58d79
9a806a
91775b
9a7f5d
ad906a
b3926d
a6835f
8e7256
6d5a45
44362b
181310
0a090c
060408
171012
544747
907e7a
aa9894
b2a19a
b2a19a
aa9992
9b8a81
726158
4c3832
3a2922
30241c
1a120a
0a0500
070000
19100e
4f4539
877b6e
9f9187
ac9a91
ae9a8e
ad9686
b19984
b49883
bb9c87
c3a489
d1b292
d7b792
d2b38d
ceaf8b
ccad8a
bca07b
b19370
a18364
84684f
685140
402d24
2c1e19
271711
23120d
25130b
301d13
422c20
4e3428
4f3527
593e2b
684d39
785c48
846651
8c6c57
8f705a
8e6d56
82624b
70513c
634733
553d2d
423022
2a1b11
1a0d05
170c05
2d201a
68594f
958274
a28e7f
a69484
9c8e7e
8a7e70
625a50
27221c
0c0808
080508
0b0606
3a332d
7b7064
a09181
b3a393
b6a595
ad9a8b
9c8a7f
70605a
332827
0f0808
050300
070501
090502
080401
080400
24201d
585451
8e837f
a69993
ac9c94
b0a195
a1958b
7a7269
3d3831
160d10
0d060a
0d080a
090807
171311
4e4645
8b7e7e
ab9e99
b5a79e
b6a59a
b49e92
a38c7c
927c67
95836b
a59479
b19e80
ad9a7c
a18d71
83705b
56493a
2a221a
0d0a05
030804
181914
4d4642
7e726b
94877d
9e9082
9b8f7f
a19282
a79787
ae9f8c
b9a894
c6b59e
ccbaa2
c7b59a
bba891
aa9b89
968774
706451
43392a
211811
120908
0e0507
191412
423c3a
726a67
8f8684
978d89
958a87
948984
7c7275
494045
151013
050104
080509
09070b
040308
040001
130c09
3a322f
6f6562
958b85
9f958f
9e928b
9d908a
a4938f
aa9994
b1a29a
bdaea6
ccbcb2
d2c3b8
d0c1b6
d1c3b6
d1c3b6
d1c3b6
d2c4b7
d3c5b8
d3c5b8
d3c5b8
d3c5b8
d3c5b8
d3c5b8
d3c5b8
d3c5b8
d3c5b8
d3c5b8
d3c5b8
d4c6b9
d4c6b9
d4c6b9
d4c6b9
d3c5b8
d2c4b7
d0c2b5
cec0b3
cdbfb2
cdbfb2
cfc1b4
d0c2b5
d1c3b6
d2c4b7
b9afa8
a89a90
897667
6f5844
634b34
5e4831
5a462e
46311c
261505
110800
12110c
141411
23221d
5a554b
8e857c
a89f98
b2a8a0
afa29a
a79990
9b897f
917d74
978379
a99385
b8a38f
bea890
b8a187
a38b72
8f755f
664b38
402e1e
1c0f02
0e0801
0c0b08
34322f
726b65
9b9185
b5a595
bdac9b
b6a697
a69689
867669
5d4b3d
54422f
65513b
715c42
766048
6f5941
5a4833
3f3323
211b11
0b0903
020605
050503
0c0603
362927
73655e
998c80
aa9e8f
b3a89b
b1a293
aa9783
a48a74
9a8069
937963
907761
856c5a
645041
33271c
110d07
070601
0d0902
383024
706859
958d82
a19a8e
a49e92
9f9588
988877
87715b
755b42
6d543e
685442
53463a
302921
0f0d08
040300
070703
2a251e
6b6158
948679
ad9c89
b8a38d
b19d86
a6957f
91806d
6e5b4d
5c4a3f
574940
433832
2a221f
0d0805
080403
0f0a09
3e3735
766c67
9d8f88
ad9c93
af9c8f
af9a8c
a78e7a
99806a
90765a
997f5d
b0926c
b5936f
a4825e
8e7256
715d48
47392f
181310
0b090c
070509
160f11
4f4243
897775
a59391
ae9c99
b19f9a
aa9991
9a8981
726159
4c3934
392923
2f251f
1a160f
0c0803
040000
160f0d
453b32
7c7269
998c87
ab9c98
b1a098
ae9c8f
ac9a89
af9885
b89e89
c3a98e
d0b492
d5b791
d0b28a
cbac85
c7a982
b9a077
af946d
9d8160
7d634a
5c4838
2f1f18
190c0b
110604
130603
1d0e08
301e18
432f27
4c372d
4c3529
4c3425
553b2b
604635
6b503d
745946
795d49
765944
6d503b
604431
543928
472f1f
382517
29170b
1a0a02
150600
281b16
66574d
958275
a38f80
a69484
9b8d7d
887c6d
645d53
2b2620
0e0a0a
080609
090504
37302a
776c60
9e8f7f
b3a292
b6a595
ad9c8c
9d8d81
6d635b
2e2826
090706
030500
070702
080502
090401
0c0603
332b29
6d6562
978985
a99a94
ab9a92
af9e94
9b8c83
6d635b
2d261f
0c0407
090307
0e090d
0a0809
15100f
4b4343
8b7e7e
ada19c
b5a99f
b7a69a
b4a193
a5907f
947f6a
93846a
a29377
b19e80
ad9a7c
a28e73
85735d
584b3c
2b231b
0e0b06
020703
141510
4a433f
7d716a
93857b
9d8f81
9e9281
a29384
a79788
ae9f8c
b8a792
c4b39c
cbb9a1
c7b59a
baa790
aa9a88
958672
6b5f4c
3c3324
1b120b
0e0604
0d0507
1c1714
4f4946
7e7673
928985
968e87
948a83
8e837c
655c5a
352d2c
0a0505
040000
090509
0a080d
08070c
0a0708
0c0704
211c19
554f4c
867e7b
9a908b
9c918c
9f938e
a89994
ad9e98
b2a39c
baada5
c8bab0
d0c3b8
d1c4b8
d1c3b6
d1c3b6
d1c3b6
d2c4b7
d3c5b8
d3c5b8
d3c5b8
d3c5b8
d3c5b8
d3c5b8
d3c5b8
d3c5b8
d3c5b8
d3c5b8
d3c5b8
d4c6b9
d4c6b9
d4c6b9
d4c6b9
d3c5b8
d2c4b7
d0c2b5
cec0b3
cdbfb2
cdbfb2
cfc1b4
d0c2b5
d1c3b6
d2c4b7
bcb3ac
afa399
938373
735e4b
5f4933
59442d
57432e
47311c
281605
150c01
1a1a13
1a1b16
27261f
5c574c
8e867b
a79e97
b1a89f
ada199
a89a91
9e8d83
937f76
948076
a89284
b7a28f
bea890
baa389
a68f76
947a64
6b503d
422f1e
201103
120a01
0c0a05
2f2b27
6c645c
988b80
b5a293
bca998
b4a495
a9998a
918070
6e5a47
674e37
795d44
886d4f
8e7356
856b4e
6d5940
53432f
2f2818
110f04
020803
070905
0d0807
322726
6f625d
978c7f
a8a08c
b1a69a
b1a193
aa9883
a58c75
9c826b
957b64
907761
876e5c
675344
35291e
120f0a
070601
0b0701
352d21
6c6455
938b80
9f988d
a59e93
a2978b
9a8a79
89735d
765c43
6e553f
6a5643
56493d
332c24
110f0a
040300
050401
241e17
645a52
8e8073
a89785
b49f89
ae9b83
a5947d
91806d
6f5c4e
5a493d
56473e
443932
2c2421
0d0805
060201
110b09
3e3433
756a66
a0918a
b3a098
b49f93
b1998d
a58c78
99806a
91775b
9a805e
ae916b
b5946f
a88562
907458
73604b
4b3d33
1a1411
0b090c
070509
140d0f
4b3e3f
847272
a18f8f
ad9c9a
b09f9c
aa9893
9b8a83
72615a
4d3b37
392a25
2f2722
1c1914
0f0c07
060100
130d0b
493f3e
7f7475
978a8e
a6989b
ac9d9c
ab9c97
ac9e94
a79789
b5a491
cbb9a0
d2be9d
cfb994
d0b790
cbaf8a
c2a781
b8a17a
ad946e
9c8261
7c6449
5b4835
2d1e15
170c08
0a0200
1a110b
392c26
5a4c43
716156
7a685b
796658
6d584b
665041
604a3b
5f4636
654c3b
684d3b
5f4331
513725
442e1f
3c2618
362114
322015
2f1f16
281b12
261912
433630
75665c
9a877a
a49081
a89586
9d8f7f
897d6f
61594f
27221c
0c0808
070407
080303
342d27
73685c
9c8d7d
b1a091
b4a394
af9e8e
9f9285
6f6860
2c2b27
060906
010400
040501
050300
090502
120b09
3f3534
7d7170
a29390
b1a09b
af9d95
ae9b91
94837b
645851
271f19
0d0404
080202
090604
040401
110d09
49423d
8a7d7a
aea39b
b6aba1
b7a79b
b5a294
a69281
94826c
93856b
a09275
b19d7f
ae9b7c
a49074
87755f
5a4c3d
2c251c
0f0c07
050a05
13130f
49423e
7e726b
93857b
9c8e80
9f9382
a49585
a99889
ae9f8c
b6a691
c2b19a
c9b79f
c6b499
b9a68f
a99988
948572
6a5e4b
393020
180f08
0c0402
0e0508
231f1a
59534f
837c77
928a83
968d86
91877e
837970
534c43
2c261e
0f0b05
0e0905
0d0a09
060506
070609
0c0809
080403
110c0b
3a3532
706a67
938a88
9d9490
9f9590
a69a93
aea199
b1a59d
b9ada4
c5b9ae
cfc3b7
d1c5b9
d1c3b6
d1c3b6
d1c3b6
d2c4b7
d3c5b8
d3c5b8
d3c5b8
d3c5b8
d3c5b8
d3c5b8
d3c5b8
d3c5b8
d3c5b8
d3c5b8
d3c5b8
d4c6b9
d4c6b9
d4c6b9
d4c6b9
d3c5b8
d2c4b7
d0c2b5
cec0b3
cdbfb2
cdbfb2
cfc1b4
d0c2b5
d1c3b6
d2c4b7
bcb3ac
b1a69c
99887b
776352
5e4934
54402a
54422c
46331e
291908
160e03
1c1b13
1c1d17
25241c
595447
898076
a19992
b1a79f
afa39b
ab9d94
a29187
948178
937f75
a69281
b6a18d
bea991
baa38a
a99179
967c66
705441
46301e
221204
140c04
0d0b05
292520
645d54
92887a
b4a190
bca795
b3a393
ab9a8b
988776
79624e
6f523c
816246
947455
9b7b5c
907354
786045
5b4b33
352c1a
131102
040b04
080b06
0a0606
2e2425
6b605c
968d7f
aaa18e
b2a698
b2a293
ad9985
a68d77
9e836d
977d66
937a64
89725e
685546
382c22
15100b
070501
0c0702
32291e
696152
928a80
9f988d
a59e93
a2978b
9a8a79
8b745f
785d46
6e5540
6a5644
574a3f
342d26
11100b
050401
050400
201a13
5d5349
8a7c6d
a2917d
ad9881
aa977d
a18f78
8d7c68
6e5b4d
5a493d
57473e
463a33
2c2421
0e0a07
070302
12090b
3b3231
726764
a0908a
b6a39b
b9a498
b39b90
a98f7c
9d836d
93785d
997d5b
ab8d67
b3926c
ac8965
92765a
74604b
4a3d33
1b1613
0d0c0f
08050a
130d0f
493c3e
847171
a28f90
af9c9b
b29f9e
ad9a98
9e8c88
766660
473634
352925
2d2722
181511
090804
020100
0e0c0a
392f34
746870
9b8e97
b3a6af
b1a5ab
918687
716664
746a64
a69b8f
cbbfac
cabca0
cab997
d2be98
cfb891
c9b18b
bba381
af9573
9a7f61
785f47
5b4835
2c1f12
150d03
070100
272017
50473d
776c61
928476
968777
948474
8d7b6c
7e6b5c
6a5547
5c4739
5c4637
5d4436
4e3626
341f11
231308
2b1a11
38281f
493a32
574b43
5e534c
61564f
7a6e66
998b80
a8978a
a69485
a59585
998b7c
827668
595247
201c16
080605
060507
070402
332c26
716559
9b8b7c
b1a08f
b4a392
af9f8f
a19587
716b61
2f2f2a
070a06
020400
020300
030200
090402
1a100e
4a3e3e
877a7a
a69692
b2a09b
b19e96
ac9a90
918178
645750
2f251f
1f1713
18120d
110e07
080500
110c06
453e36
847871
aaa097
b4aba2
b4a89c
b4a396
a59383
94836d
92856a
a09275
b09d80
ae9b7e
a49075
887560
5c4f40
2e261d
0f0c07
080c08
161511
4b4540
81756f
94877e
9c8f82
a19585
a59687
a99889
ad9e8b
b6a590
c2b199
c9b79f
c5b399
b9a68f
a89986
948472
6b5e4d
3a3021
170e07
0b0402
0e0709
2c2823
615d56
878079
918a82
968d83
8e847a
7c7268
564f41
373024
251f13
252017
1e1a15
100f0c
0c0b0b
0e0c0c
0a0707
0c0908
2a2523
5f5a57
8d8582
9b9390
9c938d
a49993
aca199
b2a69d
b9ada4
c4b9ae
cdc2b6
cec4b7
d1c3b6
d1c3b6
d1c3b6
d2c4b7
d3c5b8
d3c5b8
d3c5b8
d3c5b8
d3c5b8
d3c5b8
d3c5b8
d3c5b8
d3c5b8
d3c5b8
d3c5b8
d4c6b9
d4c6b9
d4c6b9
d4c6b9
d3c5b8
d2c4b7
d0c2b5
cec0b3
cdbfb2
cdbfb2
cfc1b4
d0c2b5
d1c3b6
d2c4b7
bdb3aa
b3a69c
9e8d82
7e6b5e
5c4938
4c3b24
504127
433820
2b220f
141003
15120b
1b1914
26231a
565143
867f73
a19a93
b3aba2
b0a79e
aa9d94
a09086
938278
938175
a5947b
b5a28a
bda890
b9a28b
ad947d
937761
795b44
50392c
211107
130b07
10100c
191b15
545248
868172
ac9b8c
bda697
b6a294
ae9c8e
9e8b7c
816a55
755b43
846649
997454
a17d5d
9a7a5b
846a4d
645339
39311b
151301
070a03
060804
080507
2e272a
6e6463
998d86
ac9e92
b2a694
b4a592
b09a88
a58977
9c7f6c
987d67
947c64
897661
67594a
3f342c
19100e
090303
0f0905
2a2219
645a4f
93867f
a0988e
a49c91
a49a8a
978777
907768
7b5c4e
705642
675343
594d43
36312b
13120e
0b0a04
080700
1d140b
4c4033
7c6f5c
8d7f67
938368
99866a
907c61
7e6b56
685749
5a483c
59453d
4e3e39
2d2220
120e0b
090807
10080c
382f31
736766
9b8a88
b09d97
bca59e
b69e94
ac8d7e
a2816e
96765c
9a7958
a98863
b18f69
ab8862
907454
7a654c
4c4134
1c1917
0c0b11
07020a
180f15
423539
786566
a08a8d
b59ca0
b99fa3
b59ea1
978385
6e5e5f
3e3332
2f2625
27211e
171411
060602
080d07
080e08
1d171c
433c43
5a535a
5f575f
625a64
4f4652
2a212f
2a232c
5e595b
887f7d
958a7e
afa28c
b8a688
b6a17d
c2ad88
b6a083
b79c82
a1816d
7c5e4e
5c4739
251c0e
131205
120d06
272114
5e5849
8f8877
a29886
a79c8a
a59987
a38f80
8e7b6d
746152
5a483b
513f32
534236
3f2e23
1d0e07
150a06
2e221d
4f433d
6c6158
7e726a
8d8177
988d81
a59889
b0a394
ada192
a79b8c
a59889
948778
786c5d
494337
15120b
040604
070b0c
050503
2d2620
716359
9b8b7a
b1a18d
b2a18d
b2a18e
a09384
756c61
393730
080903
080700
0b0701
0a0400
0a0100
231715
5c4e4e
928182
ac9891
ad9c94
af9e97
aa9991
93847a
6b5d53
46382e
3c3128
31271e
20170d
150c02
180f07
403631
7d7372
a49b94
b1a89f
b4aba2
afa39a
a39589
93826f
948268
a49376
ae9c82
b09c82
a38f78
887563
605344
312920
0e0b06
090705
171310
4b4641
807872
948a82
9c9188
a09389
a5948a
a9988a
ad9e89
b6a68d
c2b297
c9b89e
c6b39b
bcaa92
a99983
928170
736054
3f2e28
180f0b
0e0a08
0b0c09
2d2d25
67655d
858178
8f887d
958c7d
8d8173
827566
62574d
52453b
504336
4e4034
393026
26211b
131310
0f0e0b
0c0b09
0c0a0b
231f20
534d4d
827d78
948d84
979087
a69a96
af9e9b
b6a39e
beaba4
c9b8ac
cec2b4
cdc4b3
d2c4b7
d2c4b7
d2c4b7
d3c5b8
d4c6b9
d4c6b9
d4c6b9
d5c5b8
d5c5b8
d5c5b8
d5c5b8
d5c5b8
d5c5b8
d5c5b8
d3c4b7
d2c5b8
d3c5b8
d3c5b8
d3c5b8
d2c4b7
d1c3b6
cfc1b4
cec0b3
cdbfb2
cdbfb2
cfc1b4
d0c2b5
d1c3b6
d2c4b7
c4bbb3
bbaea6
a8958d
877367
62503f
4f3e29
504129
43381e
28200c
0e0a00
0b0903
0e0d09
17140e
454035
7b746a
9f9891
b2aaa1
b0a69d
ab9e95
a19187
948379
938175
a4937c
b4a28b
bda891
baa38b
ae957d
957a62
7c5e46
543d2f
29190d
160e08
0d0c09
10110d
434139
797468
a89588
baa396
b7a496
b2a092
a69384
8b7561
7e654d
896c50
9a7959
a38363
9c7e60
866e52
66553c
3a311f
171205
060803
070804
080605
2f2927
6f6561
9a8d85
ac9e94
b2a696
b4a494
ad998a
a28a78
997f6b
977d67
967d65
8c7761
6b5a49
42352b
1b120f
090303
0d0805
272018
5f584e
90857d
9f958c
a59c91
a79b8c
998879
917869
7a5e4f
6f5544
665143
5a4d41
3a322b
15120d
0a0903
070700
130c08
2f2820
544c3f
6d6451
776c55
786953
705f4a
695947
604f41
58463b
58453e
4d3d38
2e2321
130f0c
090907
0a0305
322929
6f6462
9c8d88
b2a099
bca69d
b6a095
ac9080
a18570
987a5f
997c5b
a78965
ad8e6b
a78562
917454
7f684e
564736
221913
0b0606
0a0406
170b0f
332729
695b5e
99888c
af999e
a38d92
8b787c
67585b
46393c
2d2526
201a1a
1f1a1a
161513
080807
070b08
030704
222226
28272d
3e3d42
555359
605f67
6c6a73
5c5a65
4d4c53
4c4b4e
4d4b4c
5f5a57
5b524b
54483b
5c4e3d
564737
6b5c4d
786558
796259
655147
44372d
1a170a
131609
090701
2b271b
5f594d
928a7c
afa595
b3a795
aea08e
b09c8b
988474
756353
574636
4e3c2e
514134
3f2f21
1e0f05
1c0f07
3c2f27
62554c
7f7367
908377
9f9284
a99c8d
aea190
b4a796
afa291
a89a89
a19482
8a7c6b
6a5c4b
383125
110e05
050703
070b0d
040505
27221c
6b5f57
998a7b
b1a08f
b2a18f
b2a18f
a19485
766e64
3b3a33
080905
040200
090501
0a0300
0e0401
2b201d
665857
9a8a89
ad9b93
af9e96
b1a097
ad9c91
9a897d
78685a
5c4b3d
594c3f
4a3d34
32251c
1a1008
150a04
362e27
736b64
9d968c
b0a89d
b4aaa0
aea298
a4968a
968572
938269
a39175
ae9a81
b09b82
a59079
8a7764
615445
322a21
0f0a06
090805
171310
4a4440
7e7670
948b83
9e9289
a19389
a49489
a89789
ac9d88
b5a58c
c1b197
c9b89e
c6b39b
bdab93
ab9b85
958471
756356
413229
1a110a
0e0b07
0d0d08
333029
68655d
858076
8d867b
94897c
8e8173
877a6a
796d5d
6d6050
716250
736452
605646
443e32
222017
0c0c06
080703
080705
1b1718
4a4444
7b7672
918b83
968e86
a49794
af9f9b
b6a39e
beaba4
c8b7ab
cec2b3
cdc4b3
d2c4b7
d2c4b7
d2c4b7
d3c5b8
d4c6b9
d4c6b9
d4c6b9
d5c5b8
d5c5b8
d5c5b8
d5c5b8
d5c5b8
d5c5b8
d5c5b8
d3c4b7
d2c5b8
d3c5b8
d3c5b8
d3c5b8
d2c4b7
d1c3b6
cfc1b4
cec0b3
cdbfb2
cdbfb2
cfc1b4
d0c2b5
d1c3b6
d2c4b7
c6bdb7
c0b2ac
ae9c95
8d796e
665344
4f3d2a
4c3c26
42371e
29210c
0c0800
080501
080606
0f0b09
3b362f
746d64
9b948c
b0a89f
b1a79e
ac9f96
a29288
948379
938175
a3927d
b3a08b
bda791
baa38c
b0977e
997e63
826449
57422f
322215
19110a
0b0b07
0a0a08
33312b
6e685e
a19084
b6a395
b7a59a
b5a498
ac9b8c
927d6b
826a53
876d53
96795c
a08467
9a7f64
856e55
665441
393022
161006
050703
070802
090802
302b24
70675f
9b8f86
ad9f95
b3a59a
b4a397
aa998b
9d8a79
95816b
967f67
977e66
8f7860
6f5c4a
45362c
1d130f
090303
0b0704
221e18
5a554d
8b8379
9e948b
a89b91
aa9a8c
9c8979
917a6a
796151
6b5647
645142
5c4e40
40362c
1a140d
0a0802
060702
060504
110e0b
29251b
453f31
534b3a
514736
4f4232
524435
544334
524035
59463e
50403b
322725
14110e
070705
080403
2d2725
6b625f
9b8e87
b0a096
b7a599
b29e91
aa917e
a0876f
947b5f
977d5d
a68b69
ad9170
a7896a
9b8063
786347
4b3a26
31251a
1d1410
0d0404
110709
201619
352b32
51454d
504048
322029
170911
0e030a
0d060b
110e12
1f1c20
353438
18181b
141518
404043
2c2e31
23292b
3a4143
484e51
565b60
666b72
6a6f76
797e87
787c83
44484c
333539
4e5053
6e6c70
656165
3d3638
352e30
282021
1b1112
120907
1e1614
231f19
1b1d14
1c2318
151612
24221a
595449
999184
b6a99a
b2a391
b4a490
b49f8d
998774
776453
5a4938
534232
554536
423223
211205
201206
3d3023
615445
7b6e5f
8e806f
9f9280
ab9f8b
b1a28e
b0a18d
a89985
a1927e
978875
7c6d59
5a4b37
312618
171208
0a0b07
070c0b
030606
211e1a
625952
97877b
b1a090
b3a291
b3a293
a4968a
797168
403e39
0b0b09
030100
0a0502
0a0300
0f0601
302520
6c5f5b
9d8e89
ae9e96
b09f96
b3a296
b19f92
a08d7d
877462
776350
776456
645248
43332b
21140e
120702
302820
6b655a
989284
ada697
b3a99d
ada197
a4968a
998878
94826c
9f8d73
af9981
b19a82
a79079
8b7765
635345
342921
100a06
0a0806
16120f
48423e
7e766f
958b83
9f938a
a19489
a49489
a89789
ab9c87
b4a48a
c0b096
c8b79e
c6b39c
beac93
ab9d84
988772
786556
44352b
1c130b
0f0c06
0d0e08
37322c
6a645e
877f76
8f847b
928679
8e8173
8e8070
8b7d68
86765f
8b7a63
8e7d65
7e715b
5e5544
2e2a1c
0d0c02
080801
070603
131010
3f393a
746e6d
918983
958d86
a19591
ae9e9b
b7a59f
bdaaa4
c7b6aa
cdc1b3
cec5b4
d2c4b7
d2c4b7
d2c4b7
d3c5b8
d4c6b9
d4c6b9
d4c6b9
d5c5b8
d5c5b8
d5c5b8
d5c5b8
d5c5b8
d5c5b8
d5c5b8
d3c4b7
d2c5b8
d3c5b8
d3c5b8
d3c5b8
d2c4b7
d1c3b6
cfc1b4
cec0b3
cdbfb2
cdbfb2
cfc1b4
d0c2b5
d1c3b6
d2c4b7
c5bbb8
c1b2ae
b2a09a
947f77
6c594c
52402f
4d3d29
43381e
2b220c
0f0b00
0b0704
0a0709
0f0a0a
383231
6f6863
979088
aea59d
b1a79e
aea198
a4948a
95847a
928176
a19080
b29e8c
bca691
baa38a
b3997f
9e8366
876a4c
5c4731
392919
191309
0c0b07
0a0a08
272421
605953
99897e
b29f93
b7a69c
b4a69b
afa092
988574
836c57
846b54
937a61
9f856c
9c826a
89725b
6a5748
3e3228
1a120b
040603
060803
0a0901
322e21
726a5d
9c9086
ad9f96
b5a39e
b1a29b
a7998e
988a7a
91826c
948067
997f65
937a60
745e49
48392c
1f1411
090405
080506
1d1b17
54514b
868176
9b9288
a99990
ae9a8e
9f897c
927c6c
796453
695749
614f41
5f4e40
47392e
1e160d
080700
030704
040203
0e0a08
242017
403a2e
514939
554939
534637
564739
574637
544236
57443c
50403b
372c2a
171310
050503
090703
282420
675f59
978c83
ad9e92
b4a394
b19e8f
aa957e
9e8870
917b5e
937c5c
a38c6b
ae9576
aa8f73
978368
7b6b53
574a36
2d2216
0b0402
0c0707
191519
1c181f
1b181f
130c14
0d020b
0f030d
120812
100a12
0c0910
0d0d12
0d0d12
4c4d52
5a5b61
3a3b40
5c5d62
8b8b91
232a2c
111618
343c3e
3c4347
20272d
2c333a
383f47
484e55
63686c
383c40
1f2227
34343a
424147
504f55
46454a
47444a
343135
151315
131213
1d1e1d
323533
404342
383936
22211c
3f3b34
867d72
b6a89b
c0ae9e
b6a290
af9985
9b8974
83705d
6c5b49
665545
6c5c4c
5c4c3c
3f2f1f
382918
483927
60513e
766853
877862
978973
a3947d
a5967f
a3937c
9c8c75
96866f
8c7c65
73634c
594932
403423
2c2418
12120d
080b0a
050809
1c1a19
5c5551
95877b
b09e90
b3a193
b5a395
a6998d
7d756d
44413e
0e0e0e
040102
0c0705
090201
0f0703
342a24
71645c
9d8e87
b0a299
b0a195
b6a698
b5a392
a5907b
917a63
8b735a
87715e
725d50
4d3b33
271613
120501
2b241b
686454
948f7d
aaa391
b1a89b
aca095
a6988c
9d8b7c
958370
9d8a73
b09880
b29a82
aa917b
8e7967
665547
362a23
120a07
0c0a08
15110e
453f3b
7c746e
968c85
a1958c
a3958b
a39389
a79688
a99a85
b1a288
beae94
c9b89e
c7b49d
bead93
ac9d83
988771
786756
443628
1c1209
0d0a01
0c0c05
39342e
6c645e
898078
92867d
918478
8f7f72
938174
95836e
97846c
9e8a72
9c8871
8f7e69
716553
3c3426
111004
0c0c03
0a0904
0e0b0a
352f31
6e6768
8f8785
948b87
9e918e
ae9e9b
b8a6a0
beaba4
c6b5a9
ccc0b2
cec5b4
d2c4b7
d2c4b7
d2c4b7
d3c5b8
d4c6b9
d4c6b9
d4c6b9
d5c5b8
d5c5b8
d5c5b8
d5c5b8
d5c5b8
d5c5b8
d5c5b8
d3c4b7
d2c5b8
d3c5b8
d3c5b8
d3c5b8
d2c4b7
d1c3b6
cfc1b4
cec0b3
cdbfb2
cdbfb2
cfc1b4
d0c2b5
d1c3b6
d2c4b7
c0b6b4
beafad
b3a09c
97837a
705c50
554334
4e3e2c
44381f
2b230d
100c01
0d0906
09070b
0b050a
312a2c
69615e
958e86
ada59c
b1a79e
aea299
a5958b
95847a
928076
a18e80
b19e8e
bba692
bba38a
b49b7f
a08667
8a6e4d
614d34
3e2f1d
181107
0a0a06
070706
191714
4d4642
8e7f75
ad9b90
b4a69d
b6a89f
b3a599
9f8e7d
89735f
836d56
8d775f
9b836b
9a826a
88725f
6b574b
40322b
1b120f
030504
060803
0b0a01
332f1e
736b5b
9d9186
aea098
b5a2a1
b1a29e
a5988f
958b7b
8f826d
938067
9a8065
967b61
765f4a
4b392d
201512
090506
060405
1a1916
4f4f48
828074
9b9187
aa9991
b09a8f
a18a7d
937d6d
786554
68584c
604e40
614e40
4c3c2e
20180d
070600
000705
0f0b0c
2a201f
4a413a
685d50
7e7261
877868
817161
786859
6c5b4c
5d4b3f
544139
4c3c37
382e2c
1a1614
060603
070602
211f19
615a53
948b80
aa9f90
b5a695
b5a592
af9c84
a08e74
907d5e
8f7c5a
a08a6a
ac9476
ac9277
98886f
6b624c
443b29
2b2419
191510
1e1d1f
1e2129
131620
13121a
0e0a13
0f0611
110712
100914
121019
15151d
05080e
0e1017
1a1c23
53545c
66666e
3f3f47
63626a
616468
1b1f22
050a0c
12151a
080d13
181c23
1d212a
12141b
24262b
626467
505154
171819
262626
292a27
252524
302d2f
39383a
262628
26272a
2d2e33
424147
424047
474949
565654
47443e
534a40
998a7d
c6b1a1
bda693
a7927d
998771
8d7b65
806f5b
847360
968775
948475
817260
796b55
776853
7e7058
8a7b63
928469
96886e
9b8d73
a09077
9f8f76
9b8b72
97866e
8d7d64
7c6b53
6b5b42
584a39
42392c
1a1812
060909
05090b
1b1b1a
5a5452
95877e
b09e91
b3a193
b6a498
a79a90
7e7670
464441
100f11
050204
0d0809
0a0302
120905
3b3128
776a61
a1948a
afa299
b0a296
b8a898
b8a491
a68f77
947a60
93785c
8f7760
796253
543f38
291716
0f0301
282016
64604d
918d77
a9a28e
b1a999
aba093
a6988d
a08d80
958372
9c8973
b0977f
b39982
ab917b
917a68
685548
382a23
130907
0b0b08
14100d
443e3a
7b746d
968d85
a2968d
a3958b
a39389
a69587
a99a84
b1a188
beae94
c8b79d
c8b59d
bead93
ab9c80
98876f
786854
433527
1b1308
0c0900
0a0a04
3c342f
6c645e
8c827a
958980
938478
8f7e71
958375
95816f
a08a76
ad957f
a9927d
9a8675
7e6e60
463b31
141206
0e0e03
0b0a04
090604
2c2628
676062
8b8283
928986
9c8f8c
af9e9b
baa7a1
beaba4
c5b4a8
ccc0b1
cfc6b5
d2c4b7
d2c4b7
d2c4b7
d3c5b8
d4c6b9
d4c6b9
d4c6b9
d5c5b8
d5c5b8
d5c5b8
d5c5b8
d5c5b8
d5c5b8
d5c5b8
d3c4b7
d2c5b8
d3c5b8
d3c5b8
d3c5b8
d2c4b7
d1c3b6
cfc1b4
cec0b3
cdbfb2
cdbfb2
cfc1b4
d0c2b5
d1c3b6
d2c4b7
b1aaa7
b0a6a3
a69692
8c7a71
6b594c
534230
4a3a26
41351e
2d2411
181107
0b0704
070708
060405
272421
66605a
928b84
aba39c
b2a8a1
b1a59c
a7978e
96857c
917f76
9d8a79
ae9c89
b8a68f
b7a589
b39b7d
a28667
8f6e4d
674f38
412f1d
20160b
0b0804
0b0a06
161310
413a33
817467
ab9c8f
b5a59b
b9a9a1
b8a79d
a59384
917e6b
836f59
8a715a
917961
917a62
816f5a
635545
373025
15120b
040703
090a05
0f0b05
383125
7b6e62
a49387
b29f92
b7a59f
b0a19a
a2958a
958a79
92846f
96826c
9b806a
967c64
7d664f
504132
201611
0b0705
070503
151510
4c4b44
827b71
9d9188
ab9a92
af9a8e
a28b7e
94806f
786755
695649
645243
604f3f
493d2c
221a0d
080400
040202
100d0a
34302c
666259
8a8175
988d7f
9e9080
9e8d7c
968576
7c6c60
5f4d43
524138
4d3f37
383028
1c1911
090b03
040600
1d1c12
5a564a
90877a
aa9c8d
b5a393
b3a191
b29e8b
9a876e
8f7e5f
8e7e5d
958569
b19e8c
9f8a82
675a51
42392f
383028
423e39
343533
141819
090f14
0b1217
17181e
1e1f25
0e0e14
030107
05030a
09070e
0c0a12
292a37
2d2d39
080813
292934
64646e
777780
474750
3a3c43
585b61
707379
35373e
14171e
1e2128
25272f
1e2127
121419
0f1014
3e3e42
565657
474647
252323
0e0d0c
232021
363435
302f30
343234
464547
727072
5c5a5d
4b494e
524e51
625b5a
625853
63554c
917f73
b6a394
a58f7f
8f7968
95806e
a18d7b
9d8b76
b4a38e
b19f8a
b4a18b
ae9b83
aa977e
aa9880
ad9a7f
ac997e
ac9a7d
af9d81
b0997e
ae977c
b19b80
ad967b
a38d72
998267
8b7459
6e5f4e
4b4134
1e1c16
0a0c0a
070808
1c1a18
5b534f
92857c
afa093
b2a194
b2a295
aa9c91
887f78
4d4946
120f0f
040103
0c0708
0a0303
110804
463c36
82756d
a79890
b2a497
b6a698
b8a797
b39f8b
a48e77
978065
937a5e
8e7962
7a6657
513e38
281818
130706
241d17
5c5a4b
8e8a77
a8a18e
b2a89a
ada195
a89a8f
a08e80
968473
9c8972
ae957d
b19880
aa907a
927a69
69584a
382c25
130a08
0b090b
14100e
433e38
7a7269
948b81
a0948b
a4968e
a5958c
a79689
a89985
b0a087
beae94
c9b89c
c7b59b
bdac92
ad9d83
978870
756854
43392a
1a1207
0c0600
120d07
3d352f
706862
8d837c
92877e
938478
908073
958376
94836f
a18e79
b19c85
ae9882
9e8a77
817164
4f4238
1b150b
0d0a01
0b0703
0c0606
282224
625c5c
86807d
8d8683
9b908e
ab9d97
b9a89e
c0ada1
c6b4a7
cebeb0
d2c5b7
d3c5b8
d3c5b8
d3c5b8
d3c5b8
d3c5b8
d3c5b8
d3c5b8
d6c6b9
d6c6b9
d6c6b9
d6c6b9
d6c6b9
d6c6b9
d6c6b9
d4c5b8
d3c5b8
d3c5b8
d3c5b8
d3c5b8
d3c5b8
d2c4b7
d1c3b6
cfc1b4
cec0b3
cec0b3
cfc1b4
d1c3b6
d2c4b7
d3c5b8
999592
958d8a
8b7c78
77655c
625042
534230
4d3d27
43351f
302313
1c140a
090503
080607
060404
22211b
645f58
918a84
aba39c
b2a8a3
b2a69e
a99991
98877f
938077
9b8977
ad9c87
b7a78f
b7a68a
b49d7e
a68869
957152
70563f
493524
281d12
0d0a04
090905
110e09
332c25
726659
a29587
afa198
b7a69f
b7a69d
a79589
958473
83705c
856d58
89715b
89735c
7d6b57
5c5241
2f2c20
0f0f07
050703
0a0a05
110c06
3c332a
7f6f66
a79487
b59f91
b7a59d
afa198
a19387
958877
938470
98846e
9c826c
977e65
816b52
544535
221812
0d0906
070602
13120c
4a4940
80786e
9d9188
ab9b92
b09b8f
a48e80
968273
7a6957
695647
665344
5f4f3f
483d2d
251d0f
0a0400
050000
110f0b
3a3932
737067
9b9488
a89e8f
ad9e8d
ad9d8a
a59584
8a786c
68564a
58463e
52433c
3c342c
1d1a11
090b03
050600
212015
575247
877d71
a7998b
b7a697
b2a091
ad9b8a
a2917b
827357
7d6f53
91846d
86786d
5f4f4e
322625
322828
3b3634
2c2a2a
17191c
0b1115
02080d
05080d
0a0e12
030408
020409
05070b
09080e
0d0b11
110e16
272635
4a4957
3f3e4b
252531
383842
43434c
515159
55555c
494a51
595961
55565d
55555c
4d4d54
2b2b32
1e1f25
222529
1f2025
1c1c20
373639
525051
363334
121011
171516
312f30
323031
232122
1f1d1e
514f50
585657
403a41
413b3f
5b5152
7b706e
62564e
584a40
7b6a60
725e52
5f493d
6e594b
ad9888
c0ae9a
c3b19b
bfae95
ccb9a1
c9b49c
c5b098
c6b197
c5b196
c4b093
c6b395
cbb698
c4ab8f
c1a88c
c5ac91
c0a78c
b59c81
ab9277
9d8367
7a6a58
514739
222019
0e0f0d
060706
1a1714
574f49
908279
af9f93
b2a295
b1a194
ab9d92
8c837b
514c48
151310
050302
0d0807
0b0404
110804
4c423c
887b73
a89a92
b2a496
b8a898
b7a795
af9c88
a38e77
998268
947c60
8c7a62
796657
4e3d36
271718
120807
211a15
575447
8b8776
a8a08e
b2a89b
aea296
a99b90
a08e80
968472
9c8972
ae957d
b0977f
aa907a
927c6a
6b5a4c
392e27
150b09
0b080b
14100e
423d36
797166
938a80
a0948b
a4968f
a6968e
a7978b
a89986
af9f86
bdad93
c9b89c
c7b59a
bdab92
ad9e84
978870
746854
433a2b
1a1207
0c0500
150e08
3c3630
716963
8d837c
91867d
948479
928275
968577
95866f
a18f79
b29e86
b09c84
a18d7a
857567
57493e
221b10
0e0902
0b0603
0d0707
272122
5e5858
847f7b
8c8582
9a908e
a89d96
b8a89c
c0aea0
c6b4a6
cdbeaf
d3c5b8
d3c5b8
d3c5b8
d3c5b8
d3c5b8
d3c5b8
d3c5b8
d3c5b8
d6c6b9
d6c6b9
d6c6b9
d6c6b9
d6c6b9
d6c6b9
d6c6b9
d4c5b8
d3c5b8
d3c5b8
d3c5b8
d3c5b8
d3c5b8
d3c5b8
d2c4b7
d0c2b5
cec0b3
cec0b3
cfc1b4
d1c3b6
d2c4b7
d4c6b9
756f6c
6c6360
61524e
57453c
4f3e30
4b3a28
493923
44351f
332615
1e150b
090402
090507
070404
201d18
5f5a53
8f8882
aba29c
b4a9a3
b4a8a0
ab9b93
9a8981
958279
9b8876
ad9c87
b9a990
bba88c
b8a182
ac8e6f
9c7959
795f48
53402f
2f2419
100c07
090804
0b0803
251e16
61574a
988c7f
ab9e95
b4a59e
b6a79f
aa988d
998878
847260
806957
806856
806c58
766554
554b3e
2a271d
0c0d08
040603
080803
120e08
40362e
817168
a69487
b6a092
b5a49b
afa196
a29487
938674
92836e
9b8770
9f866e
998066
826c54
564637
251b15
0f0b08
070602
11110b
48473e
7e766c
9b8f86
aa9a91
b09b8f
a48e80
968272
7a6857
695647
655344
5e4f3e
4b3f2f
271f13
0c0601
050100
100d08
39362e
767066
a2988d
b3a798
b8a796
b5a390
ab9987
8f7d6e
6c584c
59463c
52413a
3d332e
1d1914
080702
0a0801
18130c
4e483e
8b8176
afa296
baaa9c
b1a091
b1a292
998b79
625641
4e432f
554b3b
332921
281d1c
3b3236
2f282e
171218
0b090f
05070e
03060f
010610
070c13
090e11
06090d
0c1014
0d0f14
141419
1d1d22
18171e
23222f
656571
767682
52525c
5b5b63
46464d
222329
232329
27262b
2a292e
303034
2c2c31
323237
343439
202024
1b1c20
2b2b2f
171619
1b191a
393535
464242
201c1b
0f0b0b
110e0e
1c1818
1c1919
0c0909
181515
262222
312b30
403a3e
3b3234
4d4543
564c47
564941
5a4d44
534239
49372d
423023
907e6f
cdbaa7
ccbaa3
cfbda5
d5c2aa
d3bda5
d1bba2
d3bda3
d4bea2
d1bc9e
d2bd9e
d5c0a1
d2b89b
ccb396
cfb699
cab093
bea588
b2997c
a1886a
7f6e5b
564b3b
27231b
11110e
070706
1a1510
564c44
8d8076
ae9e92
b3a396
b3a396
ac9e93
8d847c
544f4c
181513
060402
0d0806
0c0603
130a05
4e443d
897c74
aa9c93
b3a597
b8a898
b7a695
af9c88
a38e77
9a8269
967d62
8c7962
796657
4f3e37
281819
120707
1e1812
525043
898373
a69f8c
b1a89b
afa397
aa9c91
a18f81
978573
9c8972
ad947c
af977f
aa907b
937d6b
6d5c4e
3b3029
170d0b
0b080b
120e0c
403b34
777065
948b80
a2968d
a59790
a7978f
a7978b
a79885
ae9e85
bcac92
c7b69a
c6b499
bcaa91
ac9e83
978870
746854
433a2b
1a1207
0d0600
160f09
3b352f
706862
8c837b
92867d
95857a
948477
988779
978771
a18f79
b29e86
b29e86
a38f7c
88796a
5f5147
282117
100b04
0c0704
0d0707
241e1f
595353
827d79
8d8783
99908d
a79c95
b6a79c
bfae9f
c4b4a5
ccbeaf
d1c5b7
d4c6b9
d4c6b9
d4c6b9
d4c6b9
d4c6b9
d4c6b9
d4c6b9
d6c6b9
d6c6b9
d6c6b9
d6c6b9
d6c6b9
d6c6b9
d6c6b9
d4c5b8
d3c5b8
d3c5b8
d3c5b8
d3c5b8
d3c5b8
d3c5b8
d2c4b7
d0c2b5
cec0b3
cec0b3
cfc1b4
d1c3b6
d2c4b7
d4c6b9
2b2522
281f1c
291a16
312016
3e2d1f
493825
4e3f28
473722
372817
20160c
090301
090506
090404
1e1814
5a534d
8b847f
a8a09a
b4a9a3
b5a9a1
ac9c94
9b8a82
96827a
998775
ac9b86
b8a890
bba98d
bba485
b19475
a28060
7f654f
5a4736
362b20
14110b
0b0a06
090602
1a130b
52493e
8e8479
a99c95
b3a6a0
b7a9a2
ad9f94
9e8e80
887566
7c6658
74604f
746051
6c5c4f
4d443a
23231b
0b0d09
040603
070702
130f09
453b33
84746b
a79487
b6a193
b4a297
afa194
a29585
918470
93836c
a08b73
a38a70
9b8267
846e57
5a4a3b
281e18
120e0b
070602
100f0a
44423a
7b7369
998d84
a99990
af9a8e
a38d7f
93806f
776654
6a5748
655344
5e4f3f
4d4130
2b2316
0e0802
060201
0b0701
332f26
726b60
a1978a
b8a999
bcaa98
b9a590
ac9985
907d6d
6d584a
584239
524039
423632
211c1a
0b0705
100b06
140d08
4c443c
857c73
9d9186
afa195
c2b5a6
b5ac9e
60584a
372f22
292217
1e1811
0e0707
191417
322f35
201d26
0f0e16
181921
151821
02050d
00040c
020a10
111a1c
353b3f
34393d
35393e
55575c
606267
505157
62626e
60606c
6f6f78
44444c
3b3b41
68696d
55565b
222123
151415
161516
1f1e1f
161617
141415
1a1a1b
1e1e20
151517
1d1b1d
201d1e
1d1918
171211
322d2a
342e2c
211c1b
0c0705
100a09
1d1716
1f1918
181211
2a2423
1a1317
362e31
30272a
302727
4f4644
5b524f
4a413c
443832
493b34
44342a
78685a
c5b3a1
d9c6b0
d9c5ac
cfb9a0
d5bda2
d6bea3
dbc4a8
dcc6a7
d7c0a1
d4bd9d
d6be9f
d8bc9e
d0b497
d2b699
ccb093
c0a587
b4987b
9f8466
7e6c56
574a39
29231a
12110d
0a0805
1b140f
564a43
8b7d73
ad9d91
b4a497
b4a497
ac9e93
8e857c
57534f
1c1915
040200
0b0603
0b0502
160d07
534940
8e8278
aea095
b7a99b
bbab9c
b9a897
b09d89
a48e77
9b836a
967e62
8e7b64
7b6859
52413a
2a1b1b
130707
1c1510
4e4b3e
86816f
a59e8b
b1a89a
b0a498
ab9d92
a18f81
978573
9c8872
aa927a
ae967e
a98f79
937d6a
6d5c4e
3c312a
180e0c
0a080b
0f0b0a
3b362f
756e63
948c81
a3978e
a69891
a89890
a8988c
a79885
ad9d84
baaa90
c6b599
c6b398
bca990
ab9d82
96876f
736754
433a2b
1b1307
0d0600
160f09
3a332d
6f6862
8c837b
92877e
96877b
968679
9a897b
988872
a18f79
b39f87
b4a088
a4907d
897a6b
66584e
2f281e
130f08
0d0804
0c0606
1f191b
534d4d
7f7a77
8d8884
96918c
a59d95
b4a89c
bdae9f
c2b5a5
cabeae
cfc6b7
d4c6b9
d4c6b9
d4c6b9
d4c6b9
d4c6b9
d4c6b9
d4c6b9
d6c6b9
d6c6b9
d6c6b9
d6c6b9
d6c6b9
d6c6b9
d6c6b9
d4c5b8
d3c5b8
d3c5b8
d3c5b8
d3c5b8
d3c5b8
d3c5b8
d2c4b7
d0c2b5
cec0b3
cec0b3
cfc1b4
d1c3b6
d2c4b7
d4c6b9
0f0a07
140a08
1f100c
2d1b12
3c2b1d
483724
4e3e28
493823
3a291a
23170e
090101
090305
0a0304
1d1410
554d47
88817b
a69d97
b2a7a1
b4a7a1
ac9c94
9b8a82
95827a
978573
aa9984
b6a68e
baa88c
bca687
b49778
a68463
846a54
614e3e
3c3126
17140f
0d0d0a
090603
150d06
423b30
81786e
a29791
b0a49f
b9aca6
b2a59c
a59688
8a7a6b
766256
695647
665346
5f5146
423a33
1d1c18
080c0a
040602
050500
15110b
483f36
86766d
a79487
b8a295
b2a194
afa293
a29584
8f836d
92846b
a28f74
a68d72
9d8469
867059
5c4c3e
2b211b
14100d
080703
0e0d08
424138
787066
978c83
ab9a91
b29d91
a79083
988474
7c6a59
6b5849
655344
5e4f3f
4d4331
2d2518
100a04
060201
090600
322c22
6f675b
a09385
b9a998
beac98
bba68f
b09c85
97836f
725c4c
5b443b
55423d
493a39
271f20
0d0707
0b0201
150c09
453c36
776e66
958b81
ada295
bab0a1
7a7468
2c271c
211c15
181411
161414
131013
110f14
1c1c23
191b21
16181e
191c22
1e2328
22272a
26292e
293134
566162
949d9f
949c9f
878d91
787c80
6b6e72
7d8085
888892
373741
474750
27282e
1f2024
54555a
727378
565654
242320
1b1a17
1a1916
13120f
0b0a07
0f0d0a
212120
1e1c1e
151213
1e1919
191513
0f0a06
19120f
312926
2f2926
231c19
160f0c
0e0805
1e1715
1c1613
413a37
281f22
251c1f
30272a
261f1f
352e2d
3f3937
413b38
3d3432
372b27
43352d
4a3b2d
837261
b8a68e
d6c1a7
d6c0a4
d9c0a4
d9bfa4
ddc5a6
dec5a6
dac2a2
d8c09f
dbc2a2
dcbea0
d2b597
d3b698
cfb294
c4a789
b6997a
a18465
7e6b54
574838
2a2318
14110c
0a0603
1a120c
55483f
897b71
ac9c90
b4a497
b6a699
ad9f94
90877e
5a5652
1e1c18
050300
0b0703
0d0601
1a120a
5b5146
968a7e
b5a89b
beafa2
c0b0a1
bcac9a
b29f8b
a48f78
9a836a
977f63
8e7b64
7c695a
53423b
2b1b1c
110606
19130d
484639
827d6b
a49d8a
b1a89a
b0a498
ac9e93
a29082
978573
9b8871
a78f77
ab937b
a78d77
917b68
6c5b4c
3b3029
170d0b
0a080b
0d0908
39342d
736c61
958c81
a59990
a89992
a99991
a8988c
a69784
ab9b82
b8a88e
c4b397
c5b298
bba98f
aa9d81
96876f
736754
443b2c
1b1308
0e0700
160f09
39322c
6f6761
8d837b
93887f
97887c
97877a
9c8b7d
9a8a74
a18f79
b4a087
b5a089
a38f7c
88796a
6a5c51
342e24
16120a
0d0805
0b0505
1d1719
4e4948
7d7875
8d8985
94918c
a49d94
b2a89b
bbae9e
c0b4a4
c7bead
cec6b6
d5c7ba
d5c7ba
d5c7ba
d5c7ba
d5c7ba
d5c7ba
d5c7ba
d6c6b9
d6c6b9
d6c6b9
d6c6b9
d6c6b9
d6c6b9
d6c6b9
d4c5b8
d3c5b8
d3c5b8
d3c5b8
d3c5b8
d3c5b8
d3c5b8
d2c4b7
d0c2b5
cec0b3
cec0b3
cfc1b4
d1c3b6
d2c4b7
d4c6b9
514e4a
564e4a
594b47
5a483f
554235
4d3b2a
4a3a25
4a3923
3c2919
24160e
0d0101
0b0306
0b0406
191310
4f4943
837c77
a49c96
b0a59f
b3a69f
ac9c94
9a8980
927f76
95816f
a89782
b6a58c
bba78c
bda687
b69879
a98666
8a6f57
685441
44382c
1f1a14
100e09
090603
110902
362d22
71675e
998f88
aba19d
b6aaa4
b5a8a0
a89c90
908074
756057
5d493e
574638
52473b
38332a
161613
060a0a
040702
040500
15110b
4b4239
88786f
a79488
b9a295
b2a294
aea291
a19583
8f836b
93856a
a48f73
a88f72
9f866a
867058
5e4e3e
2e251e
13110d
080703
0f0d08
3e3b33
766d64
998d84
ab9a90
b39e92
ac9688
9f8c7b
83725f
6c5949
655344
5f5040
504434
2f281c
120c05
080402
0a0500
2e281c
6b6156
9e9282
b6a695
bca995
baa48e
b09c86
9b8674
776051
5c453a
54403b
493939
2a1f23
0e070b
0f0605
0f0605
2f2422
605650
857c74
7f766c
544b3f
232018
15130d
1c1917
0a080b
0d0b11
0c0b12
0d0d13
1d1e24
171a1f
181c1f
2c3033
484d4f
505556
3b4041
42484b
767f84
666e73
50585d
5b6268
464b51
3c3f46
585b62
484950
16171d
232328
0d0e11
0f0f12
191a1c
353537
423e3a
2c2621
322e28
1d1914
120f0b
100d0a
070402
0d0a08
191616
171312
161210
16120f
1a1311
0d0603
1b1411
302724
2f2624
1c1310
0a0100
180f0d
180f0c
332a27
23191a
1f1617
312829
1c1615
1f1a19
292624
2b2826
292321
211816
3f352f
43362c
554436
887560
b09c82
ceb89d
d9bfa5
d4bca1
d6bea2
d7bfa1
d5bd9f
d6bf9f
dac2a2
d9bc9d
d0b495
d1b595
cdb091
c3a788
b6997a
a08364
826c56
574838
2a2318
14100b
0a0602
170f0a
4f433a
87796f
ab9c8f
b4a496
b6a698
aea094
90877f
5d5855
211e1b
050300
0c0804
0f0902
1f170e
62584d
9c9082
b9ac9f
c3b4a6
c3b3a3
bfae9c
b5a18c
a69079
9b836a
977e63
8e7b64
7b695a
53433c
281a19
100605
150f0a
424134
807c6b
a49d8a
b0a799
b0a599
ad9f93
a49284
988673
98856e
a48d75
aa9179
a58c76
907967
6b5a4b
3c2f28
180e0c
0a080b
0d0907
38332c
726a60
948b80
a59a91
a89992
a99a92
a8998c
a69784
aa9b82
b7a78d
c3b296
c3b196
baa78e
ab9b81
96866f
746754
453b2c
1c1408
0e0700
161009
38312b
6d665f
8d847c
93887f
998a7e
9a8a7d
9c8b7d
9b8a76
a18f7a
b39f87
b5a089
a28f7a
887869
6b5d53
383027
17110a
0d0704
0c0505
1a1416
4a4645
7c7774
8d8985
94908b
a29b93
b1a89b
baaf9f
c0b4a5
c7bdad
cfc6b7
d4c7ba
d4c7ba
d4c7ba
d4c7ba
d4c7ba
d4c7ba
d4c7ba
d6c6ba
d6c6ba
d6c6ba
d6c6ba
d6c6ba
d6c6ba
d6c5b9
d4c4b8
d3c5b8
d3c5b8
d3c5b8
d3c5b8
d3c5b8
d3c5b8
d2c4b8
d0c3b6
cec1b4
cec0b4
cfc1b5
d0c3b6
d2c4b8
d3c6b9
878982
8f8b84
8c827a
847369
6f5c4e
524030
4a3c27
4c3d23
382715
26140d
130405
0e0209
0b0408
161411
45423f
7e7573
a49b97
aea59e
b1a49c
af9e96
99887e
8c7a6d
917c6a
a79580
b7a38c
bda68b
bfa487
ba9b7c
ad8969
907459
6e5840
4e3e2e
2d2419
110a04
0e0701
0e0601
2c221a
5e544c
918780
a9a09a
afa7a0
b0a79f
a69b91
998881
7c6560
4e3c31
3f3424
413d2e
2d2d21
11130e
060a09
050804
030400
14110b
4d443b
8b7b71
aa9589
baa296
b2a495
aca28f
9d9580
91876e
96866b
a48e72
aa9073
a5896b
876e54
60513e
332e22
10110c
090a05
120e09
363129
736c60
9b8f85
a39386
a99486
a69181
9b8975
81705c
6d5b47
655342
615242
54473b
322a21
130e07
0c0803
0d0901
272118
655e53
a09487
b5a595
baa695
baa490
af9c88
9b8978
7b6657
5d4739
523e36
4b3b3b
2f2329
140a12
0d0608
060000
180f0f
352d2a
3f3833
322b25
181109
1a1616
131113
100e12
131218
111117
0e0e16
11131c
0b0c12
292a2e
57585c
56575b
46464a
333438
18191d
202128
464953
30333c
262932
181c25
11141d
32363e
141820
2e3234
151618
09090a
131312
131210
0f0e0c
151210
251e16
251d14
221c14
211e16
17150f
090906
070805
060502
110c0a
181411
130f0c
14100d
13100d
110d0a
140f0d
1a1310
221b18
201916
120c0a
0c0502
1d1613
322a27
211613
241a16
211915
1b1412
1a1514
201e1c
262323
1e1a18
1e1715
231a19
443733
39271f
5b4838
755f47
b69e84
d2b9a1
d1baa1
d4bda4
d5bfa4
d4bfa3
d3bfa3
d3bea2
d2b799
ceb395
cfb496
c8ad8f
bfa486
b4997b
9e8365
866f5a
554535
2d241b
120d0b
0a0707
150e0e
4a3e3b
85786e
a9998d
b2a293
b5a596
aea094
928981
605b57
23201e
040301
0d0906
110c06
241c13
665c50
9d9182
b6ab9a
c6b6a6
c3b2a0
c1af9a
b9a58f
ab937c
9c836a
977d63
917d67
7d6b5c
574640
251818
110707
140e09
3e3c30
817d6d
a29b89
b0a799
b3a89b
aca093
a79687
998774
917f68
a18a72
a89178
a58c76
8f7866
6a584a
3d2f28
1a0f0e
0a080b
0f0b09
39332c
6f675d
928a7f
a79b92
a99b94
a99b93
a99a8d
a59783
a99980
b5a58b
c0af93
beae92
b7a48b
ab9580
95826e
756453
473a2b
1d1509
0f0800
151108
352e29
6b645d
8e857d
93887f
9a8b7f
9f8f82
9a887a
998679
a28d7d
b39c86
b59e86
a38f77
8b7a69
6d5e54
3b3128
160d07
0d0503
0f0707
171113
474342
797672
8a8581
948c8a
a09791
b0a89c
bab1a2
bfb4a6
c8bcae
d2c6ba
d3c7bb
d3c7bb
d3c7bb
d3c7bb
d3c7bb
d3c7bb
d3c7bb
d6c5bb
d7c6bc
d7c6bc
d7c6bc
d7c6bc
d6c5bb
d5c3b9
d3c3b9
d2c4b9
d2c4b9
d2c4b9
d2c4b9
d2c4b9
d2c4b9
d2c4b9
d0c4b8
cfc3b7
cdc1b5
cec2b6
cfc3b7
d1c5b9
d2c6ba
a1a19b
aca7a1
aca29b
a09388
857466
5d4c3b
4d3c29
4b3b23
392817
26170f
100504
0a0207
070205
110e0c
423d3a
7d7472
a39b97
afa59f
b3a69e
b09f97
9b8a80
8e7b6e
8f7b69
a4927d
b4a18a
bba58b
bea487
ba9a7c
b08b6d
95795c
765e44
564431
34271b
160c05
0d0702
0b0401
1d1511
4d4640
877f78
a79e95
afa59c
b1a49b
a99d94
9b8c84
78655e
48382f
31271a
2e291d
201f17
0d0f0a
040905
050703
040400
17120c
50463d
8c7c73
a89689
b9a396
b3a595
ada290
a09581
91876e
96876c
a58f73
ad9174
a78a6c
8a7257
655643
373226
13140f
0b0b07
100d08
2e2922
655e53
8e8278
99897c
9f8a7c
9b8675
8f7d69
786753
685642
614f3e
5f4f40
55483c
352c23
140e08
0a0702
0c0701
261f18
625950
9d9186
b4a495
bba797
bba592
b19d8c
9c8b7c
7b6658
5c4639
534037
4e3f3c
34292b
160e13
0c0507
110b0b
1a1414
201a17
1a1511
140f0b
120c07
140f13
100f12
121014
131218
121217
101117
12141b
0d0f14
2c2d31
404145
343539
2a2b2f
18191d
0f1014
121216
141418
2a292d
212025
232226
1d1c20
262429
27262b
1d2023
0d0e10
08090a
0f0f0f
0d0d0b
080705
0b0705
14110d
191712
191814
161512
141412
111210
080a09
040504
12110e
191715
100f0d
0c0a08
080704
0b0a08
141310
11100c
11100c
1d1c18
1e1d18
0e0d09
0b0b06
191914
191a15
1e1d19
1b1a18
151312
161213
1b1619
20191e
211717
231717
201213
372524
34201a
3e281d
523929
a38973
ceb49b
d1b79d
d0b59a
cfb597
d5bb9d
d6bd9d
d2b999
d3b89a
ceb395
cfb496
c7ac8e
bea385
b4997b
9e8365
826c57
544434
2d241b
110f0b
0b0908
16100f
453c37
82756c
a8978d
af9f92
b3a396
aea096
938a82
5d5956
231f1d
0a0701
0f0b04
140f04
261e10
675c4c
9d927d
b8ac98
c7b7a5
c3b29f
c2af99
baa58e
ab947b
9c8368
977d61
927963
80685a
5b443f
2c1718
160707
170b06
3f372c
80796b
a19a8b
b0a79d
b4a8a0
aea098
a8968c
998678
907c69
9f866e
a58c74
a28872
8c7563
675648
3a2e27
180e0c
0b080b
0f0b09
37322a
6e675c
948b80
a79c93
a99b94
ab9a93
a9998c
a49582
a7967e
b4a389
c0ad92
c1ad93
b7a38a
a7917b
917e69
716150
45382a
1d1409
0f0800
151108
362f2a
6c645e
8e857d
93887f
998a7f
9d8d80
988678
988577
9f8a78
b09981
b29b81
a18d75
897866
6b5b51
392f25
160d07
0d0503
0f0607
161012
464241
787571
8a8581
948c8a
a09791
b0a89c
bab1a2
bfb4a6
c8bcae
d2c6ba
d3c7bb
d3c7bb
d3c7bb
d3c7bb
d3c7bb
d3c7bb
d3c7bb
d6c6bc
d7c6bc
d7c6bc
d7c6bc
d7c6bc
d6c5bb
d5c4ba
d3c4b9
d2c4b9
d2c4b9
d2c4b9
d2c4b9
d2c4b9
d2c4b9
d2c4b9
d0c4b8
cfc3b7
cdc1b5
cec2b6
cfc3b7
d1c5b9
d2c6ba
b0aca8
bbb5af
b9b1a9
aca196
8d7e70
655442
54412e
4f3c25
3d2c1b
291d14
100a07
080508
060406
0e0c09
3e3835
79716e
a29995
afa49f
b4a79f
b1a098
9d8c82
8f7c70
8f796b
a08e7d
b3a08a
bda78e
bfa58a
bc9b7f
b59074
9c7f62
7f6448
614b34
3f2d1e
1c1107
0d0701
060401
0d0c0c
3a3735
7b736d
a59990
b4a598
b4a69a
afa298
a19389
786a60
45382f
221911
19150d
13110d
090b06
020601
050402
060300
1a130e
534840
8e8076
a9988c
b6a596
b4a495
aea190
a19582
94866f
99886e
a89175
b09276
a78a6c
8a7257
695a47
3a3529
141510
0a0b06
0d0904
231e16
50493e
7f7369
938376
9e897b
968170
897663
73624e
665440
5f4d3c
5d4d3e
56493d
372f26
17110a
0b0702
090500
201914
5b524a
968980
b09f93
b9a696
baa492
b29d8d
9f8d7e
7b6658
5e4839
564338
52443d
372c2a
170f0f
0b0706
1a1514
1f1a19
201b1a
171210
0c0806
140f0e
171218
17141b
17151b
100f14
0d0d12
16171b
23262a
202226
292a2e
17181c
0d0d11
131418
0b0c10
0b0d11
151518
262425
1b191a
201e1f
312f31
292729
252325
201e20
181b1e
111214
0c0d0e
0c0c0c
0b0b09
070705
090502
080806
141414
1a1a19
121212
0e0d0e
100f0e
0a0a09
090907
14110f
151310
110e0c
110f0c
0d0b08
0d0b09
181613
1a1b16
13140f
12130e
14140f
141410
141410
151611
131711
181b17
181817
131111
140f12
1a1316
1f151c
1a0d0f
221314
241417
311e21
35201f
341d18
50382d
a38977
c8ac95
ccb199
c8ad91
c7aa8d
d0b192
d4b695
d3b493
d1b698
cdb294
cdb294
c5aa8c
bca183
b29779
9c8163
7d6952
524433
2d271c
11100c
0c0c0a
151210
3e3530
7e7169
a7968e
ad9d92
b2a297
b0a299
978d88
625e5c
272321
0c0802
0e0901
140c00
261b0c
635846
998c76
b7a994
c5b3a0
c2af9b
bfab95
b9a28a
a98f76
9a7f64
95795c
937760
826658
60463f
311a19
1c0908
1a0b06
413429
7f756a
9f978c
b0a69f
b6a9a4
b1a19c
a9968f
99857a
8f7a69
9d816a
a28770
9e836e
897260
645547
392f27
18110e
0c0a0d
0e0a08
342f28
6d665b
958c81
aa9e95
ab9c95
ac9a93
a9978c
a2907f
a39179
b09d84
bda88d
bfaa8f
b7a18a
a8927c
907d68
705f4e
45382a
1d1409
0e0700
120e05
352e28
6b645d
8e857d
93887f
998a7e
9c8c7f
968476
968072
9a8470
aa9179
ac9479
9f876e
887361
68564b
372b22
150c06
0e0603
0f0607
140e10
433f3e
76736f
898480
948c8a
a09791
b0a89c
bab1a2
bfb4a6
c8bcae
d2c6ba
d4c8bc
d4c8bc
d4c8bc
d4c8bc
d4c8bc
d4c8bc
d4c8bc
d5c7bc
d5c8bd
d6c8bd
d6c8bd
d5c8bd
d5c7bc
d3c5ba
d3c5ba
d3c5ba
d3c5ba
d3c5ba
d3c5ba
d3c5ba
d3c5ba
d2c5ba
d0c4b8
cfc3b7
cdc1b5
cec2b6
cfc3b7
d1c5b9
d2c6ba
bcb4b0
c1bcb6
bbb6ad
aaa396
8a7e6f
635140
533d2c
503b24
402f1e
2b2118
0e0d09
06070a
070708
0d0b08
3a3330
746c69
9e9691
ada39d
b3a79f
b1a098
9d8c82
8e7c70
8c7669
9b8979
af9c88
bca68f
bfa48b
bc9b80
b99479
a28365
876a4c
6c5137
4a341f
241608
0f0904
030405
03070c
2a2c2d
6c655f
9e9085
b5a395
b9a89a
b4a69c
a69a8f
7f766a
494138
1a1510
0b0705
0c0a09
080904
030500
060201
080200
1d1410
554c43
8f8378
a89b8c
b5a696
b4a495
b1a191
a49582
978770
9c896f
ab9277
b39377
a8896c
8b7358
6b5c49
393428
12130e
0b0b06
0b0803
1e1912
484135
7a6e64
948477
a38e80
9a8474
8d7a67
7a6955
6a5744
604d3d
5c4d3d
55493d
393027
18130c
0c0903
0a0602
1f1814
584f49
93867d
af9e94
bba79a
bda697
b39f8f
9f8d7e
7b6658
5f483a
594638
54463b
362b25
140e09
0f0d0a
161511
100e0d
191717
1b181b
110f11
1d1b1e
251f29
1f1b24
131017
0a090e
141317
2f3132
4b4e4f
36393b
222327
06070b
0b0c10
131418
1e1f23
3d3e42
313235
49494b
6e6e70
7b7c7e
6b6b6d
3d3e40
212123
191a1c
161a1d
171719
121314
0e0e0e
0e0e0d
11100e
120f0c
080606
0d0b0c
131210
120e0c
110c09
120c09
140c09
170f0a
1e1610
1f1711
1f1812
221a14
19110b
120b04
1d140e
2a211a
261d16
20160f
231a13
2e251e
2f251e
251c14
15110a
1a150f
191410
140d09
130b0a
170e0f
191011
170c0c
1c1011
27191d
27181d
28181a
2e1d1a
503f37
8a776a
a38c7b
af9784
bba28b
c1a68b
c6a88c
ccad8e
d2b293
cdb395
c9ae90
caaf91
c3a88a
ba9f81
af9476
997e60
79664f
514433
2c271c
0f100b
0a0b09
110f0d
322d26
71645d
9d8c85
a7968e
ac9b92
a89a93
938986
686263
2f2a2a
0c0603
0c0400
110800
23180d
5e5142
948472
b5a492
c3b19b
c1ab97
bfa891
b79f86
a78c72
997c60
957759
90755d
806655
60473e
321c19
1d0a08
190b03
3c3123
7a7362
9d9687
b0a69c
b7aaa2
b2a49b
aa988e
998678
8e7866
997a65
9e806b
997d69
856d5c
615143
352e26
15120d
0d0b0e
0d0907
322d26
6c655a
958c82
ab9f96
ab9d96
ae9b94
aa968c
a08d7d
9f8b73
aa967d
b7a287
b9a389
b39c85
a48e78
8a7763
6b5b4a
433728
1d1409
0d0600
100c03
322b25
69615b
8e847c
93887f
998a7f
9d8d7f
978578
927b6c
957c67
a2886e
a68b6e
9a8167
836e5b
635043
34281e
150c06
0e0603
0f0607
120c0e
403c3b
75716e
898480
948c8a
a09791
b0a89c
bab1a2
bfb4a6
c8bcae
d2c6ba
d5c9bd
d5c9bd
d5c9bd
d5c9bd
d5c9bd
d5c9bd
d5c9bd
d5c9bd
d5c9bd
d6cabe
d6cabe
d5c9bd
d4c8bc
d3c7bb
d4c6bb
d4c6bb
d4c6bb
d4c6bb
d4c6bb
d4c6bb
d4c6bb
d3c6ba
cfc4b8
cfc3b7
cdc1b5
cec2b6
cfc3b7
d1c5b9
d2c6ba
bbb1ae
c1b9b4
b9b5ab
a7a295
877e6d
604e3d
513827
4d3620
3e2d1c
292218
0b0c07
03080a
060709
0c0906
36302c
706865
9b928e
aaa09a
b1a59d
b09f97
9b8a80
8d7a6d
877265
968374
ab9784
baa38d
bba089
b99980
b9947a
a48565
8b6c4d
725438
513822
29180a
110c06
030407
00050c
202327
5f5954
97877a
b5a190
baa89a
b2a49b
a69d91
878172
4f4a41
1a1614
060305
0a0809
0a0b05
040500
070000
0a0200
1e1612
574d45
908579
a89c8d
b3a796
b6a496
b2a191
a59683
998871
9e8970
ad9278
b69579
aa8b6e
8d765b
6e5f4c
393428
12130e
0d0e09
0e0b06
241f18
5a5247
877c71
9f8f82
ad988b
a48f7f
9a8774
8d7c68
6f5e49
645140
5d4d3e
55483d
393128
1a140d
0f0b06
080401
1c1512
534a45
8e817a
ad9b94
baa59a
bca598
b29e90
9e8c7e
7b6658
604b3a
5a4838
544639
332920
0f0902
100f0c
1b1a16
141212
232123
27252a
151419
201e24
29242f
1d1a23
0f0d15
0e0d12
1f1e22
2e3030
2f3331
181a1c
0d0e12
0a0b0f
1b1c20
020307
18191d
67686c
5c5e62
5d6265
8d9295
5f6367
464a4e
474b4f
22272a
171c1f
0a0d10
151517
141516
101010
141312
191916
191513
1e1918
150f0e
100906
19100c
1f150f
1b0f09
190b04
1a0d04
25180e
302319
372a20
392c22
2c1e14
271a10
302116
2a160b
2f1c10
443125
564237
4e3b2f
3a271b
2e1b0f
23140c
271811
241710
1b1009
160d08
170f0a
170f0b
1b1112
140a0c
1d1317
150a10
150b0f
2a1f1d
473d37
61544a
6e5c50
887567
ae9987
c0a993
bda389
c3a68b
cfb194
cbb092
c6ab8d
c7ac8e
c0a587
b79c7e
ad9274
977c5e
77664e
4f4533
2a271c
0d0f09
080a08
0e0d09
2b261f
5d514b
86756f
94837b
98877f
93857f
827776
5e595a
2e282b
0f0507
0b0201
110603
24150e
5d4d43
928073
b4a294
c5b09b
c2ac95
bfa990
b89f85
a98c70
9b7c5f
96775a
8a7259
7a6450
5b483b
2f1b16
190905
130800
342d1d
77705d
9c9583
afa798
b8ac9f
b3a699
ab9a8a
998774
8c7761
94735d
9a7a65
947662
7e6855
5c4e3f
302b22
100f0a
0e0c0f
0c0806
312c24
6c645a
968d82
aca097
ab9d96
ae9c95
aa968c
a08c7b
9c8770
a69078
b29c81
b69d84
ac957e
9a846e
816f5a
645443
3f3325
1c1308
0d0700
100c03
2f2822
666058
8d837b
948980
9a8b80
9f8f81
99877a
8f7766
907760
9d8267
a18669
967c61
826b56
604c3d
33271c
150c06
0f0704
0f0607
100a0c
3e3a39
73706c
88837f
948c8a
a09791
b0a89c
bab1a2
bfb4a6
c8bcae
d2c6ba
d5c9bd
d5c9bd
d5c9bd
d5c9bd
d5c9bd
d5c9bd
d5c9bd
d4c9bd
d5cabe
d5cabe
d5cabe
d4cabe
d4c9bd
d2c8bb
d3c6bb
d4c6bb
d4c6bb
d4c6bb
d4c6bb
d4c6bb
d4c6bb
d3c6ba
cfc4b8
cfc3b7
cdc1b5
cec2b6
cfc3b7
d1c5b9
d2c6ba
b8b6b0
bcbab3
b5b3ad
a7a299
887d71
5f4d3d
513826
4d3523
412f20
291d14
110d08
070806
010202
090908
2e2b28
6f6563
98908b
a99e99
b2a49f
af9d99
a29089
8c7871
846c5f
8b766a
a18e81
b29d8c
b79e8a
b79981
b08d72
9f8168
876c52
6e533c
523c27
2d1e10
100a02
070705
040605
181715
4a4742
857d75
a99e92
b2a598
b3a596
aea194
928a80
655d55
27221c
060302
080805
0b0b08
010302
0a0404
080201
241c18
5e554d
93887d
aca091
b6a797
b5a697
afa291
a29280
95836d
9b856d
aa8f75
af9275
a6866a
8f7359
6d5b48
40372d
191713
090804
0d0a05
251f19
665e55
978b7f
ae9e8f
bba695
b5a08d
ab9886
9a8978
7a6757
5f4d3d
5d4d41
53463c
393028
1a140f
0d0905
050100
17100e
4d443f
8a7c75
ac9b91
bca89c
bda799
b09b8d
a49284
867262
614c3b
614e40
53453a
281e16
130d07
11100c
0e0d09
1b1a17
282728
1d1b20
110f15
1f1c23
1c1b23
1b1a22
121118
0e0d13
19181c
202022
121314
0b080d
100c12
0d0b11
29292e
1e1f24
262a2e
2f3337
2a2d33
212129
303138
43454a
1f2327
1e2326
212728
171d1e
0d1216
101316
111114
121111
161411
1c1814
211a17
28241a
251e14
1e150b
23160c
342219
3f281f
371d14
361c10
412818
513828
624939
5e4535
513828
5f4435
6f5343
5c3d2b
52311f
583522
6f4b39
7b5849
6a493f
52332a
3f2318
3a1e13
3b1d11
31170d
260f08
231310
221615
231d1e
242022
342f30
201b1c
191314
292222
322d2c
413935
483d36
5f5249
8d7e71
b3a08f
c0aa94
c4ac94
c2a88f
c5ae92
c6ab8d
c4a686
bf9f7d
b89777
a88a6a
94785a
6f5e48
4c402f
28231a
0b0d09
0a0d0c
0b0908
16110c
362c25
594d44
77685e
7f6e64
786a62
675a58
443c3c
1f1a1c
0e0705
100706
14080a
231515
554542
928178
b19f94
c7ada2
cbb2a2
c4ab97
bba288
ab9373
977e5c
927855
8c715c
7a6353
59473d
2b1d18
140a06
0e0600
302a18
706959
9c9585
ada193
b7a698
bda99b
ae998b
998777
867261
846c5a
886f5d
8a7360
756152
534438
302720
110d09
0c0b0b
0d0b09
2e2824
676058
948a81
a79a90
a99a8f
ad9b90
aa9588
9f8773
987c64
a3856b
b19478
b1957a
a68c74
977e68
7f6853
5f4c3b
3f2e1f
201308
120600
100701
271f1b
645c58
8e847e
968b83
9d8d85
9e8d83
948276
877165
856f5f
907961
947d62
877359
70614e
4f4338
2a241b
110b05
0d0703
0d0708
110b0e
3f3a3b
76716f
8a8582
918d8b
9e9792
b1a69d
bbafa3
bfb3a6
c5bbb0
cec5ba
d4c8bc
d4c8bc
d4c8bc
d4c8bc
d4c8bc
d4c8bc
d4c8bc
d3c7bb
d4c8bc
d5c9bd
d5c9bd
d5c9bd
d2c7bb
d0c5b9
d2c6ba
d3c7bb
d3c7bb
d3c7bb
d3c7bb
d3c7bb
d3c7bb
d2c6ba
cfc3b7
cfc3b7
cec2b6
cfc3b7
d0c4b8
d1c5b9
d1c5b9
b8b8b0
babab3
b2b1ab
a39e97
83776d
5b493a
4f3625
4d3523
443122
2b1e15
150e08
080704
010101
070809
2a2726
6b6360
978e8a
a99e9a
b3a5a0
ae9d99
a29089
87746d
786155
7f6a5f
988479
aa9587
b09785
b2957e
ab8b70
9b7f67
876b53
6d523c
523c27
302013
130b02
0a0703
040301
0e0d09
3a3733
777069
a29a8f
b1a699
b5a796
b2a497
9a928a
716860
322c25
0a0703
060601
080806
010202
0a0404
070201
271f1b
625951
968b80
afa393
b9a999
b4a797
aea190
a1907e
92806a
988169
a68c71
a98d71
a18265
8c7057
695644
3e352a
171511
050400
0c0904
241d18
615950
968a7f
b1a192
c0ac9a
baa592
ad9a88
978676
756253
554334
56463a
4c4035
362d25
19130e
0b0703
060100
160e0c
4a413c
887a72
ac9b91
bda99d
bda799
b6a193
a79587
7c6858
5c4735
5b493a
4b3d32
251b13
17110b
12120d
181712
1f1f1b
1e1c1d
131115
0d0a11
100d14
13131b
15141c
19181e
19181e
141317
0d0d0f
0b0b0d
171318
302a31
343237
39373c
252529
2c2d32
3b3e42
202329
1a1b24
1b1d25
31343b
23262c
14181c
181d20
101417
0d0e14
111116
141116
171214
1a1412
1f1614
221817
21190e
31271c
463a2d
56453a
624c40
73594f
876b60
917363
967863
a28470
ae8e7a
aa8975
9e7d67
9a7762
9e7a63
9d7860
8f674e
85583f
885b42
90654f
88604f
795344
684535
5f3c2c
603d2c
5a3828
4e3125
4b342d
43302d
2f2726
363132
4e4a4b
423e3f
353132
2f2c2e
211e22
2d2829
2c2523
403733
5e524a
817166
bca998
bda895
bba690
bea88e
c0a589
bd9e7f
b99775
b1906e
9e8060
8b6f51
6c5a45
4a3d2d
272118
0a0b08
080909
040303
0e0906
20170e
382d22
56483d
604f45
54463d
40332f
241b1b
110b0b
0c0603
0e0504
120709
201214
52423f
938179
b3a197
c9afa4
d0b6a8
c8ae9c
bea48d
ad9378
947a5b
8a724f
856b57
745e51
54433c
281c1c
130d0c
0c0803
2a261d
6b6559
9d9589
ada094
b7a49a
bea99c
ad998b
988577
7e6c5d
746050
796452
7e6857
6b5848
4c3e33
2f2721
130f0b
090908
0b0a08
2c2724
655e58
948981
a7998f
ab9c90
ad9c8f
a69485
99816e
8f725c
96785f
a4866d
a38770
997e68
8a705c
735b49
554131
382618
1d1006
110700
110701
261e1b
625a56
8c837d
978b84
9e8e86
9d8c82
928074
816d62
7b6557
806a56
836e56
786650
645747
473c33
28221a
110c07
0c0605
0d0709
110b0f
3f393c
767070
898482
908c8a
9d9691
b0a39b
baaca1
beb0a4
c3b9af
ccc4b9
d2c6ba
d2c6ba
d2c6ba
d2c6ba
d2c6ba
d2c6ba
d2c6ba
d1c5b9
d2c6ba
d2c6ba
d3c7bb
d2c6ba
d1c5b9
d0c3b8
d0c4b8
d1c5b9
d1c5b9
d1c5b9
d1c5b9
d1c5b9
d1c5b9
d0c4b8
ccc0b4
ccc0b4
ccc0b4
ccc0b4
cdc1b5
cec2b6
cfc3b7
b9b9b1
b9b9b2
afada8
9d9891
7c7166
584637
523928
523926
4a3626
302218
170f08
0b0704
030200
070605
25221f
635e5a
938c86
a79e99
b2a6a0
ac9d98
9f8e87
827069
6c564c
715e54
8b796f
9f8c7f
a7907f
ad917b
ac8c73
9d7f65
896c52
70543c
563e28
352415
190f06
0b0802
040401
090805
2b2824
676059
9a9287
b0a497
b5a797
b2a498
a0978e
797169
3d3731
100d07
030300
050503
040604
080202
080201
29211c
665c54
9a8e83
b2a596
baab9c
b7aa9a
afa291
a2917f
92806a
978068
a4896f
a68a6d
9e7f62
896d53
655240
3a3126
14120e
040300
0d0904
231d17
5f574e
95897e
b1a193
c1ae9b
bca794
af9c8a
998878
786556
564435
544538
4a3e33
342b24
16110c
070300
060100
140c09
453c37
84776f
a9988e
bba69a
bfa89a
b8a395
a49283
806c5c
644f3e
4a3729
291b0f
20160d
2d2721
1f1e19
1c1b16
1f1e1b
232122
19171c
0d0a11
09060d
0d0c14
17161d
232228
28272c
212024
1b1b1d
1f1f21
1b1a1c
181519
19171a
2d2b2e
2e2b2f
28262a
49474a
18191d
0e131a
10141b
191b21
24272c
15171c
181a1d
0f1113
100b11
150f13
1b1215
1f1415
251717
2c1e1b
342321
3e2f23
46372a
59473a
735d50
836b5d
937769
a98c7f
c1a18e
d4b09a
debba4
e2bea5
e2baa0
dcb498
cca185
c09577
c29375
c08e6f
bb8665
b5805f
b07c5c
a17154
926448
82583f
7b5038
7b4f37
784d36
724d38
6d4e3f
5e4236
463631
3d312e
3b312f
382f30
403b3d
444348
333238
37363b
3a383b
403c3d
372f2d
342a21
7b6d62
a69788
b8a695
b59e86
b79b80
b49477
b08e6e
a88766
957658
816548
604e39
3f3222
221c13
090b07
080a09
070505
191410
332a20
45392c
584a3e
625246
55473d
3b2e29
1b1211
0c0505
0e0504
0d0203
130508
201012
503e3d
927f78
b8a59b
c8b1a1
ceb7a6
cab09e
c1a692
b0937a
947558
866845
80654e
6f5848
4e3d36
241a1c
100b11
050309
1c1a1e
605e57
9a9388
ada198
b6a49d
bba79e
ab978e
958276
776558
655243
695545
6c5948
5b493b
403429
27211c
100c0a
070606
090705
292421
645c56
948982
a99b91
ae9f93
ac9c8f
a39183
917b69
816651
856853
91745f
927664
896e5d
785f4e
634c3c
483528
2d1e13
180b03
0e0500
100802
261e1b
5e5652
8a807a
978b84
9d8d85
9b8a80
928074
7a675c
6c584a
6d5847
725e4b
695847
554a3d
3a3128
241e17
100c08
0c0606
0d070b
110a11
3f393d
746e70
888282
918b8a
9d9490
aea199
b9a89f
bcada2
c3b6ac
cbc1b7
cfc3b7
cfc3b7
cfc3b7
cfc3b7
cfc3b7
cfc3b7
cfc3b7
cec2b6
cfc3b7
cfc3b7
cfc3b7
cfc3b7
cec2b6
cec2b6
cdc1b5
cdc1b5
cdc1b5
cdc1b5
cdc1b5
cdc1b5
cdc1b5
ccc0b4
c9bdb1
c9bdb1
c9bdb1
c9bdb1
cabeb2
cbbfb3
ccc0b4
b8b8b0
b8b8b0
aba9a4
97928b
776c61
584737
583f2e
5a402c
553f2d
3b2b1e
1c130b
0d0804
060300
070402
1e1b17
595550
8a8580
a29a95
afa59f
ac9f99
9f9089
82726b
67554a
65534b
7e6d64
97857a
a28d7d
ab917c
ae9077
a28367
917257
785a40
5c432c
3f2b19
21160b
0e0902
080704
090905
211f1a
59524b
8e867b
ab9e92
b3a595
b1a396
a0978f
837b72
4b463f
191610
020200
040402
070908
070101
080202
2b221e
695e56
9b9085
b1a596
b9a99a
b3a696
ac9f8e
9e8d7b
8e7c66
937c64
a0856b
a28669
9b7c5f
896c53
675442
3b3228
151410
050400
0b0803
221d16
60584f
94897d
afa091
c0ac9a
bda894
b39f8e
9f8e7e
776455
544132
504034
483b31
332b23
17110d
070300
070300
110906
3e3530
80736b
a7968c
baa59a
bfa99a
b8a395
a29082
7c6757
5f4a38
4d3c2c
27190e
170d04
29231e
14140f
393833
393835
212020
1c1a1e
1a171e
09060d
09080f
17161e
1c1b21
141319
151519
19191b
0f0f11
0a0a0b
141214
131113
070507
080306
120d10
261f23
080408
141719
0f1012
0d0d0d
201c1d
191415
1c1616
191211
231817
271a19
2a1b19
2c1b17
331f19
402a23
4c352d
5f473b
654c3e
71584a
826758
8d7062
9c7c6c
af8f7f
c7a692
ddbaa3
ebc7ae
f0c8ae
f4c7ab
f9cbac
f5c6a5
ecbc9b
e7b392
e7af8c
e4aa83
e1a77f
dca27b
ca946e
b88560
a5714f
9c6846
986541
925f3e
8e5f43
8b6249
78543c
634739
5b433a
432e25
30201c
2f2425
3b3438
433f45
403e45
4f4e54
555156
3b3434
180f0a
2f2219
7d6e64
a89789
ad967e
ae9379
ac8c70
a78568
a07e60
8d6e52
7a5e43
584632
382b1c
1e180f
090a06
090b0b
0e0c0a
29231f
534b40
675b4d
736656
7c6c5d
77695d
5e524a
2e2722
120b09
110606
0f0203
16070a
231013
4d3939
8f7b74
b8a39a
c4ae9b
ccb4a3
caaf9e
c6a993
b7997a
9c7c53
8d6c3a
82633f
6d5238
493627
201512
10090f
050309
19181e
595756
969088
aca19c
b3a49d
b9a6a1
ab9892
93827a
706056
5c4a3b
5b483a
5a4839
48382b
30261c
1c1713
070705
050505
070503
27221f
635b55
948981
a99c91
b0a195
aa9c8f
a08f81
897464
745947
715544
7c6052
81665a
796053
685243
533f32
3c2a20
25150f
120702
0c0301
0e0706
231b18
58504d
877d77
988c85
9e8e86
9b8a80
948276
756358
5d4a3f
584539
5f4c41
59483e
463a30
292319
1c1611
0d0906
0a0407
0d060c
120b13
3f3840
746e72
898283
948b8b
9f9490
b0a098
b8a79d
bcaaa1
c4b5ac
cdc0b7
cec2b6
cec2b6
cec2b6
cec2b6
cec2b6
cec2b6
cec2b6
cdc1b5
cdc1b5
cdc1b5
cdc1b5
cdc1b5
cdc1b5
cec2b6
cdc1b5
ccc0b4
ccc0b4
ccc0b4
ccc0b4
ccc0b4
ccc0b4
cbbfb3
c9bdb1
c9bdb1
c8bcb0
c9bdb1
cabeb2
cbbfb3
cbbfb3
b7b7af
b7b7af
a8a7a2
948f88
756a60
5b4939
5f4736
634833
5f4735
443224
20170e
110b05
080300
050100
171410
4f4d48
827e78
9b958f
aca39c
aba19a
a3968e
887a72
69574f
5c4a43
706059
8e7e74
a18e7e
ac937f
ad9179
a98a6e
9a7b5f
806247
634831
47321f
291c10
110b04
060502
040501
1a1712
4e4840
837a6e
a3978a
b1a393
b3a699
a59c93
8e867d
5c5650
25211c
040402
020200
080908
060000
080202
2c241f
696058
9b8f84
afa393
b6a697
b1a394
aa9d8c
9c8b79
8d7b65
927b63
9f846a
a28669
9c7d60
8b6f55
6b5746
40382d
1a1814
080703
0b0803
1f1a13
5a5249
918579
ae9e8f
bfab99
bca793
b19d8c
9d8c7c
766354
523f30
4e3e32
463a30
342c24
1a1410
0a0603
090502
0f0704
3a312c
7d7068
a5948a
b8a498
c1a99b
bda99b
b19e90
7f6a5a
644f3d
857364
66574c
271d15
29231d
1f1f19
302f2a
20201b
131112
2a282c
333137
19161d
06050d
100f17
18171d
15141a
151418
151617
0e0e10
060707
090909
131112
221d1e
231d1e
181013
11080b
261e1f
1a1712
18140f
1a120d
201511
2b1d17
2a1a14
2c1b16
312219
37271d
3d2b20
402c1f
483023
573e2e
644b38
846659
a08172
ba9b8c
c6a695
c9a997
d2b19e
e0beab
e7c7b4
eccbb9
f1ceb9
f4ceb5
f6ccb0
f8cbac
f9c8a7
f9c6a6
fdc6a6
fac29d
f5ba92
f1b68b
f0b78a
e8b287
dda87f
d3986f
cc9066
c5895f
b87f57
b5805b
b88967
a97f61
855d48
7f5b49
634334
472e23
311e1a
2f2223
3b3136
322b31
39363c
484145
3d3433
2f221e
27170f
4a392d
917e6f
a58e78
a58a72
a38369
a07e62
9a785c
896a4f
755940
574631
36291a
1b150c
060804
070808
0e0c0b
312b27
665e51
837868
908372
8f7f70
8c7e70
7c6f66
463f39
1b1412
120405
110204
19080b
230f12
483332
87716a
b19a92
c3ae9b
cbb3a2
cbb09e
ccaf95
c4a57b
ad8c51
9f7e37
93703b
77582f
4d361a
221306
130906
090305
1d191c
575453
8f8c87
a89f9d
b0a29f
b8a5a3
ac9a95
91827d
6c5d54
534235
513f31
4e3c2f
3c2d21
271c14
17130f
050505
060606
080603
27221e
615953
92877f
a99b91
b0a194
ac9e92
9f9082
837061
684e3e
604436
694c43
6d534c
675046
594336
463227
322018
1d0f0a
0e0401
0d0404
100a09
201814
544b48
837973
988c85
a09088
9d8c82
968479
75645a
544238
46332b
4a3831
463630
362c25
1e1910
16120c
0b0504
080206
0d060d
130b15
413a42
777076
8a8486
978c8d
a19490
b09f98
b9a79d
bdaba0
c5b5ac
cfc1b8
cec2b6
cec2b6
cec2b6
cec2b6
cec2b6
cec2b6
cec2b6
cdc1b5
ccc0b4
ccc0b4
cbbfb3
ccc0b4
cdc1b5
cfc3b7
cec2b6
cec2b6
cec2b6
cec2b6
cec2b6
cec2b6
cec2b6
cdc1b5
cbbfb3
cbbfb3
cabeb2
cbbfb3
ccc0b4
cdc1b5
cec2b6
b8b9b3
b5b6af
a6a5a0
8f8a82
73685c
604e3e
654d3c
6a4e3c
664d3d
4b392c
241912
100a05
080401
040100
110e0a
44413c
79756f
98928c
aaa29b
ada29c
a59990
8e8179
6e5c56
55443e
63544d
87776c
9a8678
a58b79
ad907a
ab8a6e
9f7e61
86684c
684e35
493623
2d2013
160d05
070200
040201
130f0c
3f3a34
786f67
9c9186
afa193
b4a699
aca299
9b938a
68645d
2a2922
050602
010100
060604
050001
080303
2c2521
696159
9a8f85
aca193
b1a394
b3a595
ad9e8e
9e8d7b
917e68
988068
a3896f
a6896d
9e7f62
8d7157
6d5b49
443d31
1e1d17
090904
0a0702
1d1610
544b43
8d8176
ae9e90
bda998
bca795
b09d8c
9b897a
7f6b5b
5a4637
514134
4d4035
3a3028
1e1711
0a0503
080603
0d0804
352c27
776962
a59389
b6a396
bda89a
b8a696
ac9b8b
867262
6c5648
8f7b6f
6a594f
2e231a
322b24
393834
2b2925
363432
494647
3b393b
211e23
19151b
0a0b12
0e0e16
16161c
19181e
131116
0e0c0f
0f0d0f
1c1b1d
2e2d30
3a383b
373334
352f31
342b2c
160d0d
211816
1c150d
221911
2b1f16
2d1c13
3f2c20
422d22
483126
4a3425
543d2e
604938
6d5242
785a4a
856554
8e6e5d
a88573
c5a290
dfbcaa
eac8b5
f2d1bd
f8d7c4
f4d3bf
f0d4c2
f1d8c4
f2d5bf
f6d6bd
fcd6bc
fdd4b6
fdd1b1
fdcdac
fbc6a3
ffc8a3
ffc79c
fdc396
fbc394
f8c094
f3bd93
ecb183
e7aa7b
e1a172
d7976a
d69b70
dea680
dba784
c59477
b98971
8e634f
6d473b
4d302b
392523
352829
2e2429
2f252d
302729
342928
3a2d27
36261d
2c1b0e
715c4e
96816c
9e836c
a18167
9e7a5e
967355
856648
74583b
54422e
342719
161209
050704
030605
0e0c0a
38322b
746b5f
9b8f81
a79889
a39283
9c8d7f
8c7f75
58504a
241c19
0f0303
100203
1c0b0e
220e10
412c29
806963
ac958a
c3ab97
cab49c
cfb69c
d3b797
ceb080
bd9e55
b09134
a8823d
906c36
5c3f18
271300
110700
090200
191710
504f47
8b887f
a79e97
b0a19d
b6a4a0
ac9b96
938680
695c54
4d3c2f
473628
453627
34281c
211b13
12100d
060607
050405
0a0606
27201e
605752
91867f
a5998f
aca194
ada195
a09286
807063
5c473b
4e352c
573d35
5b423c
57403b
4c3731
3b2923
281915
180c09
0e0303
0c0607
0f0a0b
1d1413
4d4542
807771
978c84
9e8f86
9d8e83
97877a
796a60
4e3e34
37251e
392722
352622
2a211a
1b160e
120d09
080303
080205
0c050b
140d15
423c42
787178
8f878b
9b8e90
a39493
b3a29e
baa8a1
bdaca3
c7b7ae
d0c2b9
cfc3b7
cfc3b7
cfc3b7
d0c4b8
d0c4b8
cfc3b7
cfc3b7
cfc3b7
cec2b6
cdc1b5
ccc0b4
cdc1b5
cfc3b7
d1c5b9
d1c5b9
d0c4b8
d0c4b8
d0c4b8
d0c4b8
d0c4b8
d0c4b8
d0c4b8
cec2b6
cec2b6
cdc1b5
cec2b6
cfc3b7
cfc3b7
cfc3b7
b9babb
b3b4b1
a2a29b
858176
6c6052
665140
6c5240
755645
6e5345
513f34
281d16
0e0905
0a0802
040300
0c0a07
36312d
6d6761
958e88
a89f98
aea59e
a69c93
958a82
74625e
4d3d39
4b3c38
6e5d56
856f64
907563
9d806b
9a7c62
93785b
80664b
624d34
453420
2d1f13
1a0d07
0e0502
0b0502
0c0707
2b2726
696361
978b85
ac9d93
b4a398
aea299
a39c92
727169
33342e
0d0e09
050503
090706
060303
0a0704
2e2924
6a625a
978d81
a99f90
afa393
af9e8f
a69686
968573
8c7662
927a63
9e846b
9e8268
95775c
856a51
665743
413c2f
1d1e16
080903
090600
1b140e
514942
8a7e74
ae9d90
b6a292
bca795
b29f90
9e8b7d
7c6756
574333
4a382b
4b3e33
392f27
1f1712
0a0503
030401
0a0904
2e2520
6f5f58
a29085
b2a093
b4a393
b5a695
ac9c8b
867364
5d483c
59443b
3c2c24
2d241a
2a251d
33312e
23211e
262423
3b3839
403e3f
2f2c2f
1d1a1d
11141b
161920
1a1b20
15151a
121015
131116
181417
212025
26262c
262529
211c1c
292220
3d332e
352923
20130d
31221a
413027
4b382c
523c2d
5d4433
674c3b
6d503d
75543f
7e5c48
8d6a58
9f7b6b
b08b7d
bd978a
c39d92
d1ac96
e4c0a9
f2cfb8
f2d2bc
f5d6c3
fbdecc
f8dccb
f1dbc5
efdcc3
f2dbc2
f6d9be
f8d6b8
fad3b4
fbd0af
fcceab
ffcba4
ffcba1
fec99b
fec797
fcc595
fcc195
fcc096
f8c391
f4bb88
f0b07e
edaa78
eca97b
efae83
f3b38c
ecb48f
dfa889
c08b73
a47564
6e4940
412622
433330
3b2c30
2f1d28
302327
342a29
362d27
30251c
291b13
3a281f
7c6a55
967e66
a38369
9b7659
916d50
806144
6f5538
52402e
34291c
14100a
070a08
020605
0f0e07
3f392d
7a6f65
9f9186
a79588
ad9b8d
aa988b
8e8176
5c534b
251d17
0d0401
0e0202
1d0e0e
1f0e0d
372420
77635b
a58f83
c1a58e
ccb294
d5bd9a
d9be98
d9ba87
d1b05e
c4a430
b99134
ab8538
745219
371f00
160700
090200
171609
4b4a3c
898376
a99d92
b5a59c
b5a49d
ad9e97
948b82
685c54
49342d
3c2c21
3c3023
2c2519
1e1b13
0a0909
05060b
040105
0c060a
261b1d
605252
91857f
a0978d
a8a194
aba194
a19488
7e7067
514038
3d2a23
45302a
4c3630
493231
3f2c2f
322122
231316
150b0c
100708
0e0909
0f0a0b
1a1211
463d3b
7d736f
948b83
998e83
9c9183
978c7c
7e746a
4f433a
33251b
33231c
2e201b
251c15
1a150e
0e0907
090203
0a0403
0c0608
191315
484246
7c767d
978d93
a19092
a79698
b8a9a8
bcada9
bdaea8
c9bbb3
d0c2b9
d3c7bb
d3c7bb
d4c8bc
d5c9bd
d4c8bc
d3c7bb
d3c7bb
d3c7bb
d2c6ba
d1c5b9
d0c4b8
d1c5b9
d3c7bb
d5c9bd
d5c9bd
d4c8bc
d4c8bc
d4c8bc
d4c8bc
d4c8bc
d4c8bc
d3c7bb
d1c5b9
d1c5b9
d1c5b9
d1c5b9
d1c5b9
d1c5b9
d1c5b9
b5b5b7
b2b1b1
9f9e98
7d796d
645949
65503e
745944
7e604a
775c49
594839
30271d
130f09
0a0703
040401
070402
26211d
5d5651
8a837d
a39b94
aca39c
a99f96
a1968d
7f6f6a
50413f
342723
443730
64544a
7a6556
806856
806752
7b644d
6b563f
52402b
3c2c1d
281a12
170b08
0c0503
090504
070304
1e1b1a
575350
897f79
a6978e
b4a49a
afa39b
a09991
7f7d76
484943
161614
040404
0a0809
0a0300
0f0803
332921
6c6155
988a7c
aa9b89
b1a08d
ac9b8c
a29183
8e7d6d
7e6959
816a57
8d735f
8f745f
826853
705946
554737
353024
18180f
070702
090702
191410
4b443f
887d74
af9f92
b7a596
bba899
b29f91
9c8b7d
715e4f
48372a
382a1e
382e26
2b241d
191411
0c0907
030301
080601
2c231e
6d5d56
a08e84
b2a093
b4a393
b7a696
b3a293
705f52
312418
281f14
2f2c21
1f2418
0f160d
181b18
181b18
121413
141617
222325
27292c
1f2124
0a0a11
0c0d12
101116
111417
0e1314
0c1313
0f1714
191e1e
242526
33312f
3d3432
473833
58423b
4e342d
41231a
583729
704f41
876353
96715e
a47d69
ae8570
b38873
ba8f77
bd947d
c49d86
cdaa92
d8b7a0
e1c3ad
e7cab4
ebccb8
f5d5c2
fbdcc9
f8dac8
f5d9c7
f7ddcc
f5daca
f3dac5
f6dcc3
f8dcc1
fcdabf
fdd7b8
fdd3b2
fbceab
fbcba7
fec9a1
fec99d
fdc899
fdc694
fcc494
fcc195
fbc096
fcc697
fdc293
fdbe8c
fcba88
fab889
f9b88c
f7b991
f0b78d
e6b088
d8a482
d5a589
a9816b
6d4f3e
5d493b
44312d
29171b
352829
2c2120
332a26
2c221d
30221b
2b1a11
62523c
89735d
977864
886654
826151
74574c
5d463b
433428
2c2219
120e09
080707
080705
19140f
4b423a
82766c
a3958b
a9988a
ad9b8d
a79587
877a6f
544b43
201912
0c0500
0d0402
190c0b
1b0d0d
311f1e
695751
9a877d
bda492
cab397
dabf9c
e4c399
ebc487
ecbf5f
e6b937
d8aa2a
c89d27
a17815
6a4902
391d00
190500
201007
4e413c
887d7a
aa9b99
b6a5a2
b6a5a1
ad9f98
958c83
675b54
3f2e2a
31231d
302620
211b17
181414
08060b
05030c
060407
0b0509
23181a
5c4f4e
8f837d
a0978d
a8a294
aaa092
9f9387
7c6e65
493a32
2e1f18
33221d
3a2825
372626
312124
27181b
1b0f10
13090a
100707
0f0908
100b0a
18100c
403833
776f69
948b83
9b8f86
a09389
9b9083
867970
594a41
3b2b23
35231d
2d1d18
231913
160f09
0f0805
0d0503
0d0605
110809
22191b
544c50
887f84
9d9195
a39393
ab9b9b
bbaca9
bdafa9
c1b3aa
cdbfb5
d1c4b8
d5c9bd
d6cabe
d6cabe
d7cbbf
d6cabe
d6cabe
d5c9bd
d4c8bc
d3c7bb
d2c6ba
d1c5b9
d2c6ba
d4c8bc
d5c9bd
d6cabe
d6cabe
d6cabe
d6cabe
d6cabe
d6cabe
d6cabe
d5c9bd
d2c6ba
d2c6ba
d2c6ba
d2c6ba
d2c6ba
d2c6ba
d2c6ba
b1afb3
b1afaf
9e9b95
7a7467
645644
6a553e
7b6047
87684f
7e654e
625140
3a3125
19140d
090702
030200
030000
17110e
4a433e
7f7872
a19891
aaa19a
a99f96
a59a91
8b7c79
5f5451
302724
221a16
382f26
524438
5b4a3b
5f4c3e
5d4b3c
504130
3d3021
2c2116
1e130e
110606
090303
090606
030204
121113
484443
7f7672
a2958d
b4a69d
b1a59f
a19a94
888680
565653
1b1b1b
010102
040205
080000
120803
3a2f24
736759
9b8d7d
aa9987
af9d88
ab998d
9f8d83
847265
6a564a
645043
6d5749
6f5849
655042
554437
403528
2a2318
141208
060500
070604
151312
46413c
857a73
ac9d91
b5a395
b9a798
af9e91
99897c
706052
423328
2b1f16
28211a
1d1915
100f0e
09090a
040502
080601
2b221d
6d5d56
a18f85
b4a295
b8a897
bfaea0
b5a399
53453a
160f04
131309
191f17
131e14
0c170f
151917
0c100f
161a1b
202426
171b1d
14181c
25282d
242228
18161c
0f0f13
0f1214
0f1515
09120e
040f0a
040905
060402
120b06
25140e
3f261e
66463b
7b5548
805444
91604c
a3715d
b07e6a
ba8772
c7937c
d39e87
daa58d
e2b297
e5b69b
e7bda2
ebc6aa
edceb1
efd5b7
f0d9ba
f2d6c3
f7dac8
f8dbc9
f5d8c6
f4d7c5
f6d9c7
f5d8c5
f6d7c2
fad8be
fcd9be
ffd7bb
ffd5b3
fed0ac
fccca6
fac9a1
fcc79e
fcc699
fbc695
fcc592
fcc492
fcc294
fcc294
fac497
fdc295
ffc392
ffc08e
ffbe8c
faba8d
f5b78d
edb286
edb588
e5ae82
e4b289
cb9f7d
99775b
6c513b
493225
35221f
261716
281d1d
23191a
261c1b
2c201c
2e2118
473926
75614f
826858
725449
6d514b
614b49
4a3839
2e221d
211713
0f0906
080402
0c0503
231a16
584c47
8b7e76
a6998e
ab9a8c
ae9c8e
a29183
7e7066
4d443b
1a150e
0a0700
0d0703
140b0b
1b0f10
2d1e1e
5d4d4b
91817b
b9a195
cab19a
ddc19e
eac799
f5cb85
fbca5d
fbc738
efbf20
dfaf14
c8990f
a5790b
734b02
482501
351707
4f3835
887576
aa9897
b4a4a1
b3a59f
ab9e96
978a82
675b53
352a24
241a17
231a1b
181115
130e14
07040c
05030c
0a070b
0a0508
1f1616
584b4a
8d817b
9f968c
a7a194
aaa091
a19589
7c7067
443930
221711
211513
271a19
271a1d
23161d
1c1015
140a0c
0f0606
0e0604
0e0905
0f0905
140e06
373028
6f665f
92887f
9d9188
a2958c
9e9288
8a7c73
5e4e46
3e2b25
321f19
2a1814
221611
170e09
130a07
120806
120807
140a0a
271e1e
5d5355
8c8186
9c9194
a59996
aea2a0
bcafaa
bcb1a8
c2b7ac
cec4b6
d0c6b8
d5c9bd
d5c9bd
d6cabe
d6cabe
d6cabe
d5c9bd
d5c9bd
d2c6ba
d1c5b9
d0c4b8
d0c4b8
d0c4b8
d2c6ba
d4c8bc
d5c9bd
d5c9bd
d5c9bd
d5c9bd
d5c9bd
d5c9bd
d5c9bd
d4c8bc
d3c7bb
d3c7bb
d3c7bb
d3c7bb
d3c7bb
d3c7bb
d3c7bb
b4afb5
b0adae
97938d
726a5d
635540
715a40
846749
8f7254
876f52
6c5b46
453c2f
201d14
0c0905
060502
070402
100b07
342e29
6a635d
948b84
a09790
9f958c
9e948b
8f8481
6b6461
383432
15110f
130f0a
221b12
2b2218
342821
352921
2e241a
231a11
1a120c
120b0a
0b0206
040003
060506
020205
0b0c0e
3c3a3a
736d6a
998d87
ad9e98
ab9e9b
9e9691
86847f
5a5a58
252526
08080b
060408
070200
120b05
3a322a
70665b
94887a
a19281
a59582
a39087
95817a
725f57
4e3b34
402d26
443129
46342b
3d2e27
30251f
251c13
1b140a
100b02
080500
070506
121112
423e3a
7e7670
a4978d
ad9d8f
b2a092
a8988c
928478
65574e
352820
1b130c
19130e
0f0e0d
080a0b
05090c
050704
090601
261e19
64544d
96847a
aa988b
b1a08f
bbab9f
ad9d96
463a32
111007
1d2019
0e130d
191d1a
141714
0d0d0e
0e0f11
0f1013
101015
141419
1b1b21
212129
2d2b2f
1b191d
0e0c10
131213
161616
11120f
0d0f0b
0d0805
0f0400
2c1a15
5c453a
8c6b5e
b28c79
c0937f
bf8d77
ca937b
d39c84
d59e86
d59f87
dca68e
e7b199
ecb79f
eebda2
f0c1a6
f2c8ac
f5cfb3
f7d5b9
f7dabd
f7ddbf
fbddc9
fcddc9
fadac6
f9d8c3
f7d5c0
f7d4bd
f8d4bd
fad3bb
fcd2b9
fcd2b5
fccfb0
fccdab
fccba5
fbcaa2
fac89e
f9c499
f9c496
fac592
fbc58f
fcc48f
fcc292
fcc294
fac39a
fec398
ffc494
ffc191
ffbf8c
fbbb8b
f6b98b
edb185
f2b68a
e7ac7c
e2ab7c
dbaa80
be9573
8d6a50
5e4230
402c22
24130f
2e2325
1d1419
22191c
231919
241914
322416
564436
614a3e
553b33
503b35
443634
312829
1b1315
170e10
0e0604
0a0000
110604
2f211f
685a57
93867f
a89b90
ac9b8d
ae9c8e
9f8d80
76685d
463c35
16120b
080900
0c0b03
0e0908
170f11
24191c
4a3e3f
837473
b49b93
c9af9b
dec3a1
edcb9c
f8cf86
fed060
ffcf3a
f9c921
edbc13
e7b314
d19e13
aa7811
82571b
583318
57392e
8b7269
ab998d
b3a59a
afa59b
a99f96
9b8d87
6a5e57
2e291c
1b150e
181212
100b10
110c13
08050b
09070b
0e0a0e
0b0509
1c1213
544746
8b7e79
9e968b
a7a194
a79f8f
a19888
7f766a
453c34
1b130f
130b0a
161011
150e13
120910
10080d
0e0608
0e0705
110906
140d07
140d07
150e04
322a20
6a6158
90877f
9e928b
a3968f
a2958d
93847c
68564f
422e28
2f1a15
26120f
241310
1a0f0b
170d09
170c09
150b09
170c0b
2e2423
675c5d
918689
9c9193
a69b97
b1a6a1
bcb2aa
bbb2a7
c2b9ac
cfc7b7
cfc5b5
d4c8bc
d5c9bd
d5c9bd
d6cabe
d5c9bd
d5c9bd
d4c8bc
d1c5b9
d1c5b9
d0c4b8
cfc3b7
cfc3b7
d1c5b9
d3c7bb
d3c7bb
d3c7bb
d3c7bb
d3c7bb
d3c7bb
d3c7bb
d3c7bb
d3c7bb
d3c7bb
d3c7bb
d3c7bb
d3c7bb
d3c7bb
d3c7bb
d3c7bb
b9b4bb
afaaad
8d8782
655c4e
5e4e38
755d41
8a6c4d
977957
8f7756
74644b
4e4536
28241c
110e0a
0b0b09
0b0805
070201
1b1510
4c453f
7a716b
8c837c
8f857c
90867e
7f7671
605956
333130
10110f
050301
070501
0f0a03
110806
130b08
120c06
0f0902
0d0704
0c0607
080207
030002
060708
010105
020307
29292a
5c5653
7d726c
8f817b
938683
89817f
72706d
4c4c4b
242426
0c0b10
050308
040101
0b0806
2c2722
5c554d
7d7569
8b8172
918676
8e7b72
7d6862
56433d
2e1a15
1b0806
1e0c08
210f0a
1a0d0b
120b07
0e0602
0e0700
0c0600
070400
080608
0f0e12
33312e
6f6963
93887e
9c8c80
a19183
97897e
82756b
51453c
201711
090301
090604
060607
05080b
050b0f
050805
060400
1f1611
554740
857369
988679
9f8e7d
a8988c
9d8f89
443c35
0f0e07
232520
0b0a08
211c1e
130b0f
0c080c
0f0b0f
0d090f
0e090f
130d16
130e18
0d0813
161417
0c0a0d
0b080a
161011
181011
160d0d
1b1110
1d0f0f
2c1716
614742
9d8076
c7a492
e3b9a3
efc3a8
edbda1
f1baa0
f8c5aa
f8c6ad
f7c2aa
f6c3aa
f9c7af
fac8b0
fdceb5
faceb4
f6cdb3
f4cdb4
f4d0b7
f6d4ba
f8d7be
f9d8c2
f7d5bf
f6d2bb
f7d3ba
f9d2b8
f8d0b4
facfb3
fbcfb5
fbceb4
f9cbad
f8c8a8
f9c7a3
f9c8a0
fbc89e
fbc79c
f7c296
f7c393
f8c48f
fac48e
fbc48e
fdc391
fdc393
fcc59d
fec399
ffc094
ffbe8e
febc8a
faba89
f8bb8a
f7b990
f5b88d
e6a97a
e6ad7c
dfac7f
c49875
a98068
7f604c
503b2b
382821
2a1d20
1a1018
1d141b
2b2223
170c09
21150c
39281f
442e25
3f281e
37261d
2a2019
1c1a13
110d12
140c10
100507
0f0101
170907
382925
746563
998b85
a99c91
ac9b8d
ae9c8e
9e8c7e
72645a
423932
16130b
0e1204
12120b
0f0d0b
191215
21181b
403538
796c6d
b0958f
c7ad9b
dec4a4
eecfa0
f7d48c
fdd666
fdd641
fbcc29
f8c51f
f9c41f
e4ad18
bf8c17
a4772f
764e2b
63432c
8f765f
af9c87
b3a894
afa698
aba198
a0918e
6f635e
2a2a16
161308
130f0c
0d090c
100b10
0a080a
0b0a09
0f0d10
0b0509
1a1011
514443
897d77
9d958a
a7a193
a49c8c
9f9687
81796d
453e36
18110e
0b0707
0c090c
0d090f
0d080e
0c060b
0c0609
0c0805
100804
120b03
130c03
191207
30291f
696057
938982
a1958f
a69993
a59892
a08f87
74615a
49352e
301915
24100c
241310
1c100d
180d09
180d08
180d09
1a0f0d
352929
716565
9a8e90
a09595
a59c96
b2a9a2
bcb3aa
b9b1a5
c2bbab
cfc8b6
cdc5b4
d5c9bd
d6cabe
d6cabe
d7cbbf
d6cabe
d6cabe
d5c9bd
d3c7bb
d3c7bb
d1c5b9
d1c5b9
d1c5b9
d3c7bb
d5c9bd
d5c9bd
d4c8bc
d4c8bc
d4c8bc
d4c8bc
d4c8bc
d4c8bc
d4c8bc
d2c6ba
d2c6ba
d2c6ba
d2c6ba
d2c6ba
d2c6ba
d2c6ba
b4b0b0
a7a2a0
827c77
5b5246
594a35
786245
957756
9e8464
937c5d
826d51
68553e
3d3023
140e09
040507
030607
030501
0d0d0a
242320
4a4645
6b6565
756f6e
726969
5e5855
403b38
221e1c
0f0e0b
050401
020300
050601
040400
040400
050400
040300
050200
050101
050101
060404
060605
020101
050100
13100d
342e2b
56504c
6c6662
746c6e
6b6566
544f52
332e32
141217
050409
020106
040200
060301
191411
3d3834
605a54
706861
6f6761
685e55
4f443c
30251d
1a0e08
0e0300
0a0000
0d0200
0e0603
080400
020000
040404
060505
030201
060201
0d0906
1f201a
474641
6a655f
7d746e
857973
796b65
64564e
35302c
16110e
030000
050202
070506
040406
050408
040706
050602
141009
3a3026
615448
7a6d62
887b72
8d8378
7a7569
36382f
1b221d
1b231f
080808
251c1f
221418
1d1214
14090c
130a0f
181016
151017
100d15
100d16
0c0d0f
110c13
120910
120f11
151511
1c120c
321811
3a1a12
5c3b32
9d796c
cda696
e6bda7
f5c7b0
fccdb3
fecdb0
ffcbac
ffcdb0
ffceb2
ffceb3
fdceb2
fccdb3
fbcdb4
fed0bb
ffd1bb
fed3bb
fdd4bb
fad4b9
f8d3b7
f6d2b4
f3d0b9
f4d0b7
f6d0b7
f9cfb6
fccfb3
fdcdb1
fecbaf
fbcaac
fac9a9
f9c8a7
f9c7a4
f9c7a2
fac69f
f9c69d
fbc59c
fec498
fcc194
f9bf91
fbc091
fdc193
ffc294
fec194
ffc498
ffc393
fec190
fec08c
fdbe88
faba84
f7b67d
f9b789
fab78a
f2af7c
e7a772
dda572
cd9a72
af8263
946d56
6b4a3a
412820
2f1e1f
190f17
19141b
242227
161415
1f1813
2c221d
2b1f1a
271913
25150f
1e0c06
1a0702
140906
130805
0f0301
110503
251915
524642
837874
a18f87
ab978a
a89787
a39281
938575
6c5f50
41362a
2d231b
29221a
231d16
100b07
171010
251a1d
37252d
715c67
a48b8c
c6aba1
ddc0a6
eccaa3
f7d394
f9d470
f9d751
facc2f
fdca20
fec61b
f5b921
d99f2e
af7e33
7f5821
78542e
95785c
af9c82
b4ab97
afac9d
a8a599
958f86
716961
312925
110a06
0c0603
0f0a08
0d090a
0a0607
050303
10080b
0b0203
1f1513
524843
877b74
a2968b
aca093
a69c91
a49a90
877d75
473f3a
170f0c
0a0301
0a0506
0c060a
0b060a
0a0407
0f090a
0d0707
090301
110d09
251f1a
3f352b
50463d
756c62
988e85
a79d94
a69c93
a2988f
a2938f
80706d
4d3e3a
2a1a17
1e0e0b
1f100d
20100d
1b0f0c
170c0a
150a08
1e1311
473c3b
7e7371
9f9492
a49998
aa9f9c
b5aba2
bab1a5
bcb3a4
c4baad
cec4b9
d1c7bd
d7cbbf
d7cbbf
d6cabe
d6cabe
d5c9bd
d5c9bd
d5c9bd
d2c7bb
d0c6ba
cfc5b9
cec4b8
cfc5b9
d1c7bb
d3c9bd
d3c9be
d2c8be
d2c8be
d2c8be
d2c8be
d2c8be
d2c8be
d3c8be
d5c8bf
d5c8be
d4c7be
d4c7bd
d4c7bd
d3c6bd
d3c6bd
b0acab
9e9a97
77716c
544c40
5e503b
826d50
9a7d5a
a18866
988162
8b7356
745f47
4c3c2c
201912
0b0a0a
0a0b0c
0a0c09
070805
0b0a08
1b1917
2f2b2a
363130
322d2d
2d2b2c
1c191a
0e0c0d
070708
020203
000100
010302
000300
000400
010300
010300
030200
040200
040200
070503
070604
060301
050100
070301
130e0a
251e19
332c28
3b3232
312b2c
231e1f
120e10
050304
010003
030004
090401
050100
090503
1b1611
302823
3b322b
3c332c
373028
271f19
130b06
0b0301
090100
080000
0a0101
0a0403
040301
030303
04070b
05090c
020304
000000
030000
0e0d09
26241e
3d3731
4b433c
50473f
473a32
35251f
16100d
0b0403
060000
080302
050102
010000
050305
060605
010100
060100
160c05
2e2216
43372b
55493f
534a3f
3a3429
22221a
202521
131917
0a0a0a
20181b
231819
1d1818
151011
110e10
121013
131116
17171c
1f1f25
192123
1b1d21
131015
0e0d0f
14130f
22140b
3e1b13
5d3327
906657
cea491
eec0ab
f5c5ab
fac9ad
fcc8aa
fac7a8
fecaab
fdcaad
ffccaf
ffcdb2
fecfb3
fecfb5
fdcfb5
fecfb9
fed0b9
ffd1ba
fed2b9
fcd3b7
fbd3b6
fad3b5
f8d0b4
f9cfb3
fbcfb3
fdcfb2
ffcdaf
ffcbad
ffcaab
fcc7a7
f9c5a3
fac6a4
fcc6a2
fcc6a2
fbc69f
fbc69f
fdc69f
ffc79e
fbc39a
f9c096
fbc096
fdc296
ffc396
ffc296
ffc597
fec394
fec191
fdc08d
fdbe89
f9ba83
f5b67d
f2af80
f4b181
f2af7a
eaa973
e3a773
d39d72
b58360
9d7056
77523f
4c2e25
3a2626
23171d
1e181f
201f23
161516
25201e
28211f
251d1a
1a0f0c
160804
1a0a06
180703
1b0e08
160804
150803
281a15
4c3e3a
776965
978985
a4928a
aa988a
a79686
9a8a78
897a68
685b4b
4b3e30
463a30
463d34
39322a
1e1813
191210
201518
2b1a23
604a56
987f81
bfa39b
dabba5
ebc7a5
f7d299
f9d277
f9d65b
f8cc37
faca26
fcc51f
f5b625
db9e32
b77e38
92632f
8d6844
a3866d
b8a58c
bab29f
b4b1a2
aba89c
989186
756c64
372d2a
180f0b
100804
100a07
0b0604
0c0807
0a0606
0c0304
0e0605
291f1d
5d534e
8e827b
a89b91
ada195
a59b91
a0968d
827971
4a413c
1d1512
0e0705
070102
080204
0b0507
0b0507
0f0809
100b09
191411
36312d
58524e
7c7169
897e77
978d85
a29890
aca29a
aca29a
a69c94
a79895
90817e
60514e
31221f
1e0f0c
20110e
20100d
190d0b
150a08
160b09
2a1f1d
5b504e
8e8381
a69b99
a99e9c
afa3a0
b8aea5
bcb2a7
bfb6a7
c8beb1
d0c6bc
d3c9c0
d8ccbf
d8ccbf
d7cbbf
d7cabe
d6cabe
d6c9bd
d6cabd
d2c7bb
d0c7ba
cfc6b9
cec4b8
cfc5b9
d1c7bb
d3c9bc
d3c9be
d2c9bf
d2c9bf
d2c8be
d2c8be
d2c8be
d2c8be
d3c8be
d5c8bf
d3c6bd
d4c6be
d2c5bc
d2c5bc
d2c5bd
d1c4bb
aeaaa9
928e8b
66615c
50473c
685a46
907b5e
a38663
aa8e6a
a38867
967b5d
816a50
5d4b39
31261e
110e0c
0d0b0b
0f0d0b
060503
020100
030201
0a0907
0e0a09
0c0908
0a0a0d
0c0c0f
111114
151619
15171a
121617
0f1414
0f1512
0f1412
101312
111311
111211
111111
111111
12100e
15110e
16110e
15100d
140e0b
150d08
18100a
1c130e
1d1411
19110e
160f0c
150f0e
151110
151212
161213
1b1612
17120f
16100c
18110a
1d150d
221810
251b11
211b15
1a150f
15100b
17110e
1c1614
1c1515
191112
141010
0d0c0c
030507
000206
000509
06090c
0c0c0c
100e0b
18120c
201913
271f18
2d241c
31271e
2c1f17
20130b
1a100b
180f0a
1c130f
1f1715
1b1513
181311
1b1716
1b1918
1b1613
1f1610
261a0f
281b0d
281c0e
2b2215
2f261b
1e180d
1c1a13
1d1e1b
050908
070908
100e0e
120e0d
141615
121413
0d100f
070a0a
060a0a
0f1314
1b1e1f
1f2a28
1f2324
151114
0f0b09
171008
2e160c
522219
885441
c39179
f4c0a8
ffcaaf
fac3a5
fec7a5
fec5a2
f9c2a1
fbc7a8
fbc8ab
fdcbad
ffcdb1
fdceb2
fecfb5
fdcfb5
fdcdb6
fcccb5
fcccb4
fbcdb3
fdcfb3
fed1b3
ffd2b3
ffd4b4
ffd4b3
ffd2b1
ffceae
ffcaaa
fcc6a5
f9c2a2
f9c1a1
fac2a3
fcc5a5
fdc7a5
fdc8a7
fdc8a6
fdc8a6
fdc9a6
fccaa6
fbc6a2
fac49e
fcc49c
fec59b
fec399
ffc296
fec397
fdc395
fbc192
fdc18e
fcbf8a
f9bc85
f6b881
eeaf7d
efae7c
f1ae7a
edaa75
e7a675
db9d71
c88e66
ad7958
7f533c
522f20
3a1f1b
261518
20171b
1f1b1c
191717
20201d
1b1917
1f1a18
1c1512
211715
332724
372926
40312b
3c2e27
41322b
5a4b44
7f7069
9b8d85
a79992
a99990
af9e92
a49484
8c7d68
7b6c57
6a5b48
615241
635647
5f5446
4e453a
302922
1e1613
1e1417
281822
503e49
897074
b59992
d5b7a2
eac6a8
f7d0a2
f9d084
fad36c
f6cf49
f9cb39
fbc52e
f4b531
dd9d3e
c38649
b17b52
aa8364
b39982
c0ae99
beb6a4
b7b3a7
afaa9e
9e968b
84786f
564c45
3d322c
312821
261f1a
1c1611
1d1814
1c1714
2a2120
332b28
4f4543
7a706b
9e928b
aea199
ada097
a69b92
9e948b
857c75
605752
433b38
38312f
2e2829
201a1c
191314
241e1e
332e2c
443f3c
58534f
746f6b
8e8884
a69b95
aca19c
a99e98
a89d98
b4a9a3
b7aca7
aba09a
a49793
a19390
7f726e
443733
1f120f
1c0e0b
1e100d
1b0f0d
1b100e
251a18
433836
766b69
9f9492
aca19f
aba09e
b3a8a5
bab0a7
bdb3a8
c1b8a9
cac0b3
d3c9be
d5cbc2
d7cdc3
d6ccc2
d6ccc2
d6ccc2
d5cbc1
d5cbc1
d5cbc1
d2c8be
d1c7bd
d0c6bc
d0c6bc
d0c6bc
d2c8be
d4cac0
d4cac0
d3c9bf
d3c9bf
d3c9bf
d3c9bf
d2c8be
d2c8be
d2c8be
d3c6bd
d3c6bd
d2c5bc
d2c5bc
d1c4bb
d1c4bb
d1c4bb
a4a09f
7e7a77
5a5650
5c5348
7c6e59
9e896c
b19471
b99975
b2936e
a28563
8f7257
6e5944
423529
1b1310
0b0705
0b0706
090605
080705
060503
030301
050503
0b0b09
1e191c
302c2e
434243
515151
59595a
5b5d5c
5a5c5b
565955
555854
555652
535450
52514f
524f4d
514e4c
524e4b
524e4a
534f4b
544e49
554d46
554c45
574d45
574e46
554b45
554b45
564d49
57514c
56514e
534f4b
504c4a
554f4a
57514c
5a524b
5a5149
5a5148
5d5249
5f544b
5c524b
5b524b
5b524c
5d5450
615754
5d5451
534949
423c3b
2e2c2a
161616
050608
090c0e
212223
383635
48433f
594f49
5a5049
5b5249
5e534a
61554c
61544a
5d5146
62554c
5d5049
5b4f49
5e544e
615752
5f5752
5e5551
5e5754
5f5651
63584e
685a4e
655848
605444
5f5747
625b4d
575146
403b34
1e1d1a
060707
080a09
0a0b0a
050906
0c1211
101715
0e1412
080c0a
050905
090c07
0e100c
050a04
1e1915
271b17
1e1209
1d0c00
3c1a09
7a412d
bc7e66
e6ac8f
fec6a8
ffc6a6
f8be9d
fcc19e
fec39f
fac29f
f8c5a6
f9c6a8
fac8ab
fccaae
fbccb0
fbccb2
faccb2
f9c9b0
f9c9b0
fac9af
fac9ae
fdc9ac
fecbad
fecbad
ffceab
ffcfaa
ffcdab
ffcca9
fec9a8
fcc6a6
fac4a4
fac4a7
fdc5ab
ffc8ad
ffcbb1
ffceb4
fdceb3
fcceb4
faceb3
fbcdae
facaac
fac8a8
fdc8a5
ffc7a2
ffc49e
fec39a
fbc498
fbc296
fac194
fbc191
fbc08d
f9bd88
f5b982
f1b57f
f1b27c
efac77
eda673
e8a371
e39f70
de9d6e
c68b62
915e41
5f341f
3a1911
281413
211616
231c1b
25211f
23211e
1e1b17
28231e
473f3b
665c57
776b65
7f716c
86776c
87786d
8f8075
9c8d82
ac9d91
b4a59a
b6a79c
afa197
ac9d91
978979
7a6b57
73644c
75664e
7b6b56
82725f
776959
64594a
423a2f
201915
1c1216
23171f
3f2f3b
765b64
a78b85
ccae9c
e5c0a7
f4caa7
f8cc92
fbd180
fad266
f9ce53
fbc846
f8be4c
e6ab5b
d19a6a
c8997b
c3a08a
c3ac98
c6b6a5
c1b8aa
b9b5a9
b4aea2
a89c92
9b8d82
897f74
7d7369
786f66
6c635b
605951
615b54
615b54
6e6662
79726b
8b827d
a09792
b2a6a0
b6a9a3
afa19b
aa9f96
a69c93
998f88
887f7a
817976
807877
797374
736d6e
716b6a
716c69
7b7672
8a8581
999490
a5a09a
ada8a1
b9ada9
b6aba7
aca19d
aca19d
b7aca8
bbb0ac
aea39f
a69b97
afa4a0
9f9490
685d59
332824
1c120e
1b100c
1f1412
2a1f1d
433836
6a5f5d
948987
aea3a1
b4a9a7
b2a7a5
b6aba8
bab0a8
bdb3a7
c1b8a9
ccc2b5
d4cac0
d5cbc2
d6cdc5
d6cdc5
d6cec5
d6cdc4
d5cdc4
d5ccc3
d4cbc3
d4cac1
d3c9c0
d2c8bf
d1c7be
d2c8bf
d4cac1
d6ccc3
d6ccc2
d5cbc1
d5cbc1
d4cac0
d3c9bf
d3c9bf
d2c8be
d2c8be
d3c6bd
d3c6bd
d2c5bc
d2c5bc
d1c4bb
d1c4bb
d1c4bb
8c8887
64605d
57524d
776f63
978974
aa9578
bda07d
c6a57e
bf9d76
af8e6b
9b7e61
826b54
58493b
2d241e
130c0b
0d0707
0f0a09
0f0b0a
080705
000000
040502
11120f
372c2a
504744
69625e
7a7571
888581
92908b
94928d
929089
929088
918e87
908b86
908a84
908883
8f8781
8f8984
8e8a85
8e8883
8e8781
8f877f
90877e
90867d
8f867c
8f857c
90877e
8f877f
8d867f
8c8680
8a857f
898581
8c857f
8d8680
8f867f
91887f
94897f
958880
978980
94867c
96887d
95877d
94867e
958780
90827c
81736f
6e635e
57504a
37322e
1d1b1a
242221
474340
67605a
797069
8e7f7a
91847c
958880
94877f
92867c
93887c
978d80
9a8a80
96877f
94867d
948880
978b84
968b85
928883
958b89
948985
95877e
998a7d
998b7b
958b7a
968f7e
958f82
979186
655e59
231e1c
121111
080a09
0a0f0e
030a06
060c0c
0f1313
111412
0f110c
11100c
12110c
110f09
20180e
25140b
210903
2b1406
4c341b
7d5536
b57656
e3a385
f1b699
f6bc9e
fac1a3
fbc2a3
f9c1a0
fac19f
f9c2a0
f7c3a4
f7c4a6
f8c6a9
f8c6ab
f6c7ab
f6c7ad
f5c7ad
f4c6ac
f7c6ac
f9c7ac
fbc7ab
fcc6a8
fbc4a6
fac1a4
f8c4a1
f8c6a3
f9c7a6
fac8a7
fac9aa
fbc9ac
fbc9ac
fdcab1
ffccb8
ffcfbb
ffd3c0
ffd5c3
fcd4c2
f8d3c3
f7d1bf
f8cfb5
f8cdb2
fbcbae
fecaaa
ffc9a5
ffc5a1
ffc39c
fac399
f9c296
fac193
fac292
fbc08f
f8bd8a
f5b984
f1b77d
efb37a
efac77
eda573
e99f6e
e79e6d
eaa270
db996b
ac7352
724128
3f1c10
2c1512
211212
1d1312
241d19
252018
251e16
2d241b
72665e
aa9d93
a8978d
af9d93
b0a093
b3a395
b8a89a
bbab9e
bbab9d
b6a698
b1a194
a89b91
9e9386
817463
665741
6f6146
85755b
93816a
9c8a75
92836f
796e5c
524a3e
221d18
181013
1d111b
2e202d
614551
957877
bfa092
dbb7a2
f0c5aa
facca0
ffd494
ffd782
fbd06a
fecb5d
ffca68
f2bd7c
dcb08c
d4b29d
d4b7a6
d2baa8
c9b9ab
bcb5a9
b4b0a5
b0a89d
a89b91
a29187
9d9183
a4978b
aea398
a79d93
9c9289
9e968d
9f978e
a19a92
aaa39b
afa6a0
b1a8a2
b5a8a5
b4a6a3
ac9e9b
a69b93
a49a90
9f968f
9e9590
a49c99
aca4a4
ada7a8
aca7a7
aba6a3
a8a4a0
a8a39e
aca7a1
b3aea8
b6b3aa
b7b2aa
bdb2af
b5aaa8
aca19e
a59a97
a49997
a99e9b
aea3a0
ada39f
b0a6a2
ada49f
938984
635a55
3a302c
29201b
2e2321
453a38
6b605e
928785
aaa09d
b3a8a6
b5aaa8
b6aba9
bcb1ad
beb3ab
beb4a9
c4bbab
cfc6b8
d7cdc3
d8cec5
d7d0c8
d7d0c8
d6cfc7
d6cec6
d5cec6
d5cdc5
d5cec6
d4cac3
d4c9c3
d2c7c1
d2c7c0
d2c7c1
d4c9c3
d6cbc5
d6ccc3
d6ccc2
d5cbc1
d4cac0
d3c9bf
d3c9bf
d2c8be
d3c8be
d5c8bf
d4c7be
d4c7be
d3c6bd
d3c6bd
d3c6bd
d2c5bc
6c6765
54514d
5f5a54
8e8579
ad9e8b
b9a287
c5a988
ceac86
c6a47e
bb9873
a9896a
91765e
705d4c
45382d
221814
130c0d
110b0b
120d0d
0b0a08
020200
060806
151715
3e322f
584d49
756a64
897f77
998d84
a49a8f
a9a194
aca299
aca39a
ada29a
ada199
aca098
ac9f97
aa9e95
aa9f9a
a99f9b
a99e99
a99d98
a99d98
aa9d97
a89c97
a89c94
a99b91
aa9d93
a99c93
a89b92
a79b93
a99d95
a99e96
a89c92
a79b91
a69a90
a79a8f
a99b90
aa9b90
ab9c90
ad998c
af9b8e
ad998c
ab968b
ab968c
a59086
978278
85736a
6e6157
4c4239
312921
3b332b
5e554c
7c6f66
8d7d73
9e8f85
a6968c
ac9d93
ab9c91
a7998d
a89b8d
ac9f91
ab998e
ac9a8f
ad9b92
ab9c91
ad9d93
ac9d94
aa9c93
ac9b96
ac9a93
ae9a8f
b09d8c
b09e8b
ab9d8a
a99d8c
a69e8d
b1ac9a
837c71
302a25
1d1a19
171617
131615
0a0d0b
030204
0a0a0c
0e0e0e
10100d
18150e
211a11
251d12
341b0f
3b1b0e
4c2417
6c412d
8c5e43
ab7354
d08c6b
edad8a
f0b591
efb592
f7be9c
fdc5a3
f9c2a0
f5c09b
f6c09f
f6c1a5
f7c3a7
f6c4a9
f7c4ab
f5c4ab
f4c3ac
f3c3ab
f6c1a5
f9c1a5
fac3a6
fbc2a6
fcc2a5
fbc0a4
fbbda3
fac3a1
f9c3a0
f8c4a1
f9c7a5
facaad
fbccb2
f9cab3
fcccbc
ffd0c5
ffd4c8
ffd7cb
fdd8cc
f9d6cb
f5d6cb
f5d6c8
fad5be
f7cfb9
facdb5
fecfb3
ffcdac
ffc9a3
ffc79f
fac69d
f7c499
f9c599
f9c295
f7be8c
f7be89
f6bb83
efb77f
edb17b
ecab76
eda674
eb9e6d
e69867
ea9c68
e79f71
c58b67
8d5c41
583326
371e1a
251414
1e1413
201813
271f11
2b2214
382b1e
89796c
c5b5a6
b8a799
b9a99a
bbaa99
bdac9c
bcac9d
bba99c
b9a899
b3a392
aa9a88
a19183
8c7c70
665849
544935
6f614b
928269
a39174
a89679
9e9076
897f69
625d4b
2b291f
161411
1a1518
211921
432b39
745a54
a98974
d1a88e
e7b89e
f2c29c
fccc9c
ffd588
fdd179
fed075
fdd381
f6cd94
e3c3a3
d9c1b1
d6c4b5
cfc0af
c3b8a9
b7aea1
aca295
a79b8e
a39385
9d8d7e
9f9587
ada394
bdb5a6
bab2a5
b6afa2
b9b1a5
b3ab9f
b5aaa1
b8aca3
b6a9a1
b2a59e
b1a29d
ac9d98
a2918d
978c87
978c86
9a918c
a49b98
afa5a3
b7adac
bcb4b4
beb6b5
bdb5b3
bcb4b1
bab3ae
b9b2ae
b9b2ac
b6afa9
b2aca6
b4aaa8
aba19f
998f8d
857c79
7e7572
8f8583
a79d9b
b4b0a7
b0aba3
b1aca7
afa7a4
948c88
6d6560
544b44
554946
6f6361
988c8a
b6aaa8
bcb0ae
b8abaa
b8acaa
bcb0ae
beb4ae
bfb4ac
c1b8ae
cac1b4
d3cabf
d9cfc5
d8cfc6
d7d1c8
d7d1c8
d7d1c8
d6d0c7
d6d0c7
d5cfc6
d5cfc6
d5ccc4
d4cac3
d3c9c2
d2c8c1
d3c9c2
d5cac3
d6cbc4
d7cdc4
d7cdc3
d6ccc2
d5cbc2
d4cac1
d4cac0
d3c9bf
d3c9bf
d4c8bf
d4c8bf
d3c7be
d3c7be
d3c7be
d2c6bd
d2c6bd
46413b
54514a
767168
9d9488
b8a997
c7b198
d1b597
d2b28d
caaa83
c5a37e
b79675
a08267
88725c
5f503f
362b21
1e1612
150d0a
140f0c
110f0d
070706
040507
0b0c0e
292022
453c3c
6a605e
877c77
978c84
a09389
a5988c
aa9c94
ab9e96
ad9f98
aea099
ad9f98
ab9d96
a99b93
a89a95
a89997
a79996
a79895
a69895
a69895
a79996
a89994
a7978f
a79790
a79890
a6978f
a6978f
a6978f
a6978f
a6988c
a6988c
a6988c
a6988c
a6988c
a6988c
a6988c
aa988c
ab988c
aa978b
a79488
a69387
a18e82
948175
86736a
6d5e57
483d34
2e241a
382f25
5e534a
7f7067
8e7d74
988a7e
a09287
a7998d
a6988c
a39589
a39489
a4968b
a7968b
a7968c
a8978c
a8978c
a8978d
a9988d
a9988d
a9928c
ab928b
aa9688
a99684
a79583
a79785
ab9a8b
a29785
a6a28e
928e7f
3c3731
16110f
1a1918
100f0e
090706
0b0606
0d090a
100d0d
150f0d
211710
352417
463020
6b4234
6d3e2f
7f4737
9d5d4a
ad6850
bb765a
d69273
f0b28a
f4ba8f
f3b890
f4ba91
f4be96
f6be99
f5bf98
f4be9c
f6bfa5
f7c1a7
f8c4aa
f8c4ad
f8c5ad
f7c4ae
f7c4ad
fdc1a3
fdc1a3
fdc1a4
fdc1a5
fec2a7
fec2a9
fec2aa
fdc3a6
fac3a3
f9c3a3
fac8a8
fdceb3
fed0bc
fccec0
facfc6
fbd1cc
fdd4ce
fdd8d0
fbd9cf
f9dacd
f9dace
f8d9ca
f9d3bc
f7d0bb
facfb9
fccfb7
feccaf
fdcaa4
fcc99e
f8c89f
f0bf98
f1bf9a
f3bf99
f3be93
f3bf8e
eab780
e9b280
e8ad7e
e7a979
eca878
eda473
e99b6a
e69564
e3986a
d3936d
ae775a
734a39
3e211a
2b1916
241a19
18130e
1c170a
271f12
3c2e21
7f6d5f
b6a294
b5a494
b4a492
b4a592
b7a796
b6a599
b19f95
ad9c91
a59585
968774
806d5d
5c493b
423426
54483a
7e725f
9f8e76
b49e7f
b9a384
ad9d7f
9f9376
7b755e
403e2e
1b190f
1a1812
1f1a1a
2f1d25
4f3930
876750
bb9178
dbaa91
ebb996
f5c495
fed280
ffd37c
fed481
fcd68c
f5d39a
e7cba7
dbc3b0
d0c1b4
c1b7a8
b8ad9a
aea28b
988b74
8d806a
8e7f6d
8d8272
9b9587
a7a193
b3ad9e
b0aa9b
b2ac9e
b9b3a5
b4ad9f
b5a59e
b2a29b
ac9c95
a79891
a3948d
968780
84746c
726864
756c6a
867e7c
9e9593
aca4a1
b1a9a6
b6aeab
bbb2af
bbb2af
b6aeab
b6adab
b7afac
b3aba9
aba3a1
a39b98
928a88
7c7472
5b5351
413937
433b39
675f5d
918987
a7a89d
adaca5
b3afad
b3adae
a9a1a0
928a87
7d746d
7c6f6c
928482
afa1a0
bfb1af
bdaead
b7a9a8
b9abaa
beb2ae
bfb6ad
bfb7ae
c6bdb4
d1c8c0
d9d0c7
dad1c8
d8cfc6
d7d3c8
d7d3c8
d7d3c8
d6d2c7
d6d2c7
d5d1c6
d5d1c6
d5cdc3
d5ccc3
d4cbc2
d3cac1
d3cac1
d4cbc2
d5ccc3
d7cdc4
d8cec5
d7cdc4
d7cdc4
d6ccc3
d5cbc2
d4cac1
d4cac1
d3c9c0
d3c9c0
d2c8bf
d2c8bf
d1c8bf
d1c7be
d1c7be
3a322c
676159
989088
b1a89b
c0b19f
ceb9a0
d6bda0
d3b793
cdae89
caaa85
c1a17e
b09475
9e876e
7f6d59
554836
322818
1e1608
150f06
15110d
0f0c0d
06040a
040208
0c090c
1d1b1b
393534
57524f
6e6964
7b746f
807972
878078
89827a
8d867e
8f8880
8f8880
8d867e
8b847c
8a837d
89827d
89827c
89827c
89817c
8a827d
8a837e
8b827d
8b827c
89807a
89807a
887f79
877e78
877e78
877d77
877e76
877e76
877e76
877e76
877e76
877e76
877e76
867f75
878076
877f76
847c73
837c72
80796f
777067
675d55
4d433d
2d261f
16130a
1d1a12
3d3730
5c534d
6e635d
7a726a
80776f
847b73
847b73
827971
837a72
847b74
897e77
887d76
887d76
887c75
887c75
877b74
877b74
877775
887873
877970
85796b
827869
827869
847b6f
7d756b
817a74
756e6c
332d2f
0f0b0c
0f0e0c
12110c
14140e
111110
110f0f
160e0d
20110f
371d18
533027
6a4134
80493a
8e5545
aa6c59
c1816a
c9876c
d09170
e2a883
f4ba91
f5bb90
eeb48b
eab088
ecb58e
f2ba95
f7c19b
f8c29d
f6c19f
f7c2a2
f8c4a4
fac7a8
fac9aa
fbc9ac
fbc9ad
fdc9ae
fec9ae
fdc9af
fdc8b0
fcc7b0
fcc6b1
fcc6b2
f8c6b2
f7c6b1
f7c7b1
f8cbb6
fbcfbd
fcd2c5
fbd0c9
fdd4d0
ffd9d4
ffd9d3
ffdbd2
ffdccf
fed9ca
fbd5c5
f8d3c0
f7d0b9
f9d2bd
f8d2be
f8d1bb
fcd1b7
fbcdae
f4c6a2
edbd99
e8b896
dfaf92
d9aa8e
d7aa8e
d9af8e
dcb390
e0b089
e0ae85
dea87e
dba276
dfa174
e5a073
e2996b
dc9262
dd9668
cb8b65
8d573c
4f2917
321c12
251a15
171412
101213
1f1a1b
271b1a
523f3a
877166
998374
a08a77
95897b
94897d
92867e
8c807a
81756e
6d6158
584d3f
392f1e
2a1f0d
3b301d
6d604c
9a8a73
b19a80
c4a88b
cdb093
bda288
aa957c
90816b
5a4f3f
2a1f14
1e130d
221412
251211
321c16
583932
8a615e
b5867b
d3a481
e3b87a
f9cd78
fed179
ffd47a
fed482
f6d18f
e9c79c
dbbda6
cbb1a9
b29d93
a29078
998b67
7c724c
645b40
645d4d
706960
857c74
8f867e
9d948c
9c938b
9c938b
a19890
9d948c
9a908b
958b86
8a807a
7c726d
6e645f
5b514b
473c36
332e2a
393532
55514e
76726f
8e8a87
989491
9f9b98
a39f9c
a39e9b
a19d9a
9f9b98
9a9693
8e8986
7e7a77
706c69
594e4d
3e3332
271c1b
1b1110
1f1514
433837
726867
99938e
ada7a5
b8b1b3
b2aaae
aca4a7
a69c9d
988f8d
998e8a
a69996
b3a6a2
baadaa
baadaa
b9aca9
bcafac
beb2ae
c0b7b0
c4bbb4
cdc4bc
d6cdc6
ddd4cd
ddd4cc
dad1ca
d7d3ca
d7d3ca
d7d3ca
d7d3ca
d6d2c9
d6d2c9
d5d1c8
d6cec6
d5ccc5
d4cbc4
d4cbc4
d4cbc4
d4cbc4
d5ccc5
d7cec7
d8cfc8
d7cec7
d6cdc6
d5ccc5
d5ccc5
d4cbc4
d4cbc4
d3cac3
d3cac3
d2c9c2
d2c9c2
d1c8c1
d1c8c1
d1c8c1
574d44
867d75
afa89e
beb5a9
c9bcab
d4c2aa
d4bda2
d4ba9a
cfb290
cdae8b
c7a985
bb9e7d
ae9678
988569
796b50
594e34
382d17
1f1608
181009
140e0e
0e0910
09050c
050504
030302
070706
161412
292623
373330
3e3936
4a4740
4d4a42
504d46
535048
545149
535048
514e46
524e47
514d47
504c45
4e4b44
4d4a43
4d4a43
4d4a43
4e4a43
4f4943
4e4942
4d4741
4b4640
4a453f
4a443e
49443e
49433f
49433f
49433f
49433f
49433f
49433f
49433f
44433b
45443c
45443c
424139
424139
414138
3c3c34
332e28
251f19
14120b
090a02
0c0d06
1a1812
2a2520
362f2a
413b37
433e39
443f3a
443e3a
433d39
443e3a
443f3a
473f3b
473f3b
463e3a
453d39
453d39
443c38
443c38
453a39
463c39
463d35
443d32
423c2f
403c31
433e33
453f3a
433a3c
312a2c
221c20
1d191b
161411
12120a
191911
141413
151210
1b100e
2c1613
4a2721
6b3d31
844e3e
94533e
b06d59
d6907a
e9a58a
e7a685
e2a681
e4ae86
efb68c
f0b58b
eab088
eab088
ecb58e
f2ba95
f4be98
f7c19b
f8c39d
f8c49f
f8c6a2
f9c7a4
fbcaa9
fccbaa
fdccad
feceb5
fdcdb6
fdcdb5
fcccb6
fbcbb7
fbcab7
fbcab7
f7c8ba
f5c9b9
f7cbba
f8cdbb
f8cebf
fad0c6
fbd1cb
f9d2cc
f7d3ca
f8d3ca
fad4ca
fbd3c7
f8d1c2
f3c9b9
f0c9b7
f0ccb7
e2beac
d8b5a4
d4b1a2
ceac9a
c19f89
b4947a
b99378
bf9981
b5917d
ab897a
a58678
9a7d6d
9b806f
b08b73
bc967a
c19c7c
bf9975
c19570
cd9871
d99d77
da996e
dd9767
d69165
ab6c48
734025
3a1a09
1d0f06
1d1b1a
171a26
24222a
24191e
311f1e
4e3930
5e483a
604a38
564b3f
51473e
4c413c
453a38
3b302c
2b211a
1e140a
1c1201
3a2d1a
6c5b47
947f67
af957a
c4a68a
d0ae92
d5b396
cba98f
b1967e
a18b76
7b6a57
4a392b
2c1a11
1d0b04
230f08
2a130f
3f2324
5f3c44
865d5d
af8567
cea769
e2b569
edbe6c
f3c66d
f2c76f
ebc57b
debb87
ccac8a
b49589
967a71
877259
8a7a56
7a714b
645d42
605b4f
5e5753
514640
4f453f
5b504a
655b54
6d625c
726761
695f59
5d544d
584f49
4d443e
403831
372e28
2d241e
201710
140f0a
16120e
26211e
3d3835
504b47
5b5753
66615d
6f6a66
726d69
6d6864
67625e
5d5854
4f4a46
3f3b37
352f2b
261813
1a0d08
1c0f0a
221510
21140f
30241f
50433e
7a706c
99908e
aca2a5
a99ea3
a3999d
a09796
968e8a
928983
978e88
a19891
aba29c
b2a8a2
b7ada7
b9b0aa
bdb4ae
c2b9b4
c8bfb9
d1c8c3
dad1cb
ddd4cf
dcd3ce
dad1cb
d8d3cc
d8d3cc
d8d3cc
d7d2cb
d7d2cb
d6d1ca
d6d1ca
d7cec8
d7cec8
d6cdc7
d6cdc7
d6cdc7
d6cdc7
d7cec8
d8d0c9
d8d1ca
d8d0ca
d7d0c9
d6cfc8
d5cdc7
d5cdc7
d4cdc6
d3ccc5
d3cbc5
d3cbc5
d2cac4
d2cbc4
d2cac4
d1cac3
897c72
a3998d
bbb2a8
c7beb2
d2c6b6
dacab4
d6c3a9
d7bea2
cfb497
cfb290
cfb18d
c5a884
bda481
b09b79
9b8a6b
847559
63563e
423523
2d2116
201612
170e0e
110c0d
0f1008
0a0903
040300
030100
060100
080200
070100
0d0703
0e0905
100a06
110b07
110c07
130d08
120c07
130d08
120d07
110c07
110b06
100b05
110b05
110b05
110a05
110903
100902
100802
0f0801
0f0701
0e0701
0e0701
0e0601
0e0601
0e0601
0e0601
0e0601
0e0601
0e0601
0a0400
0d0800
0d0800
0a0500
0a0500
0c0700
0a0500
0b0400
0b0300
070200
070600
070600
050200
090100
0e0600
140d06
120b05
100903
0f0701
0d0600
0d0500
0c0400
0f0500
0f0500
0e0500
0e0500
0f0500
0e0400
0e0400
0f0401
0f0600
100700
0e0800
0d0700
0c0800
0f0b00
110b03
0a0300
060200
1d1716
2a2524
1f1d19
14140b
131308
131210
171211
221613
39211c
583429
784836
8d5540
ab684d
c78265
e29a7d
eaa283
e7a381
e6a881
e6ae84
e8af84
e9ae84
eaaf87
edb38b
f0b992
f4bc97
f5bf99
f6c09b
f9c4a0
f9c4a2
f8c5a3
f8c6a5
f9c8a9
fbcaab
fccbad
fcceb3
fccdb3
fccdb3
fccdb5
fcccb5
fcccb6
fcccb7
f8cbbb
f8cdbb
facfba
facfb8
f8ccb8
f8cbbb
fbcdc2
f7cbbe
f1c8b8
efc6b8
efc5b9
edc5b9
e8c1b5
dfb8ac
d4b0a3
ba9f8f
9e8277
927871
8d7672
7d6a63
716057
756559
746455
746358
5b4a43
544340
5a4845
4b3a35
4a3b34
543d34
5c453a
6a5846
75644d
766045
7e5c3f
916649
ae7a58
cd9269
d7956b
c5835a
9e6644
542f17
1d0d02
1b1914
12121e
1e1921
261b20
271615
28170e
281809
201200
1c0e01
1a0b02
190b04
190906
170804
180a04
1e1109
443123
7b6252
ac8d78
bf9c83
caa488
dab597
dfbb9e
debb9e
d5b399
bc9f87
ad967e
92806a
6c5b49
463425
271408
220a06
250f08
2e1612
3b2023
533132
795341
9e764e
bd925b
cfa461
dbb261
dcb55d
d5b361
c5a466
ad8f62
886b52
6e5343
765e4b
8b7865
908071
877b6c
7e746b
6a6158
3e3229
281b12
23160d
2a1e14
35291f
3d3127
382c22
372c21
3b2f24
3b3025
3c3126
41362b
45392e
41362b
3c3129
372d25
352b23
382e26
392f26
3a3028
3f352c
433930
433930
433931
443a31
423830
41372e
40362d
42382f
503f34
48372d
46352b
433228
38271d
342319
3c2b21
4f423b
6e605c
8c817e
968b8b
928987
8a827d
827b72
837b73
8b837b
968e86
a39b93
aea59d
b7aea6
bbb3ab
c1b8b1
c9bfbc
cfc5c1
d6cdc9
dbd1ce
dcd3cf
dbd2ce
dbd1cd
d9d4cf
d8d3ce
d8d3ce
d8d3ce
d7d2cd
d7d2cd
d7d2cd
d8cfcb
d8cfcb
d7ceca
d6cdc9
d6cdc9
d7ceca
d8cfcb
d9d1cc
d9d2cd
d8d1cc
d7d1cc
d6d0cb
d6cfca
d5cec9
d5cec9
d4cdc8
d4cdc8
d3ccc7
d3ccc7
d2ccc7
d2cbc6
d2cbc6
ab9e92
b8ac9f
c5bbb1
cec5b9
d4c9b9
d6c8b3
d6c3ab
d8c0a5
d0b79a
d1b494
d5b692
ceb18b
c9b089
c2ac85
b19e7e
a29178
918169
766855
5a4e40
443a30
362d27
2d2520
242217
201c12
19150a
150f06
150d06
160d09
180f0b
140b09
140a09
130908
130907
130a08
150c09
160c0a
160d09
160d09
160d09
170e0a
19100b
1b130d
1d1510
1f150e
1f150b
1f150b
20160c
20160c
20160c
20160c
1f150c
221810
221810
221810
221810
221810
221810
221810
221810
261c12
271d13
231911
241a11
281e14
281e15
291e14
291f13
282114
2b2718
292617
251f12
291f14
2f2319
2c2219
2a2017
291f16
2b2118
2d231a
2f251d
30261d
33271f
33271f
34271f
342720
352821
362921
362921
362923
382b23
382e22
372f1d
362f1d
37301f
393324
393325
383224
3b362b
39332d
27241f
1f1d18
1b1a10
121108
120f0e
191411
281c18
422c24
603f30
7b4e38
8b583d
b67455
d08b6b
e39c7d
e79e7d
e59f7b
e6a57d
e4a67d
e5a97f
e7ac82
e8ae85
edb38b
f1ba93
f6bf99
f7c19c
f9c29f
fac4a5
f8c3a4
f7c3a4
f7c4a6
f7c5aa
f9c7ac
fac9ad
fbcbad
fccbae
fccbaf
fcccb1
fecdb3
fdccb4
fdccb5
facdb7
fccfb7
fdd0b6
fbceb3
f8caaf
f8c9b0
f9c9b5
facab5
f3c4ae
e8bba8
dcb1a1
cea69a
bc978e
a8857f
987871
786258
59443e
503f3d
4b3e3f
372d2f
393433
54524e
33352d
50504b
4b494a
413d3f
362e30
1d1313
231a16
312323
261b19
211b13
272416
261c0b
261106
3a1b09
694127
a97958
cc926c
cb8b63
b77d57
764d33
2c1a0b
18120b
171419
191115
251919
271916
281b11
342819
38301e
433224
453328
4a3730
4d3a34
4e3b34
59463d
6c5b4e
917268
b08a7c
cba08d
dbad93
e2b395
e6bc9c
e7c2a3
e5c1a5
d8b79d
c9ac92
b8a288
9f8e75
877762
6b5a48
4b392a
39201f
341e14
311f10
331d16
3e2020
58332d
734939
956d48
ab834f
ba944c
bb9843
b3943f
9e833d
7f652f
5f4822
5b452e
796257
958080
9d888d
998787
8f8177
7a6d5e
594d40
493d2f
4b3f32
54483a
5d5144
665a4c
64584a
6b5c4d
736455
7a6a5c
7e6f60
837365
857566
807062
7f7163
7d7061
7b6e5f
7c6f60
796c5d
746758
736657
77695a
7a6d5e
7c6f60
7e7162
7f7263
807364
827566
857768
8a7967
867564
806f5e
756553
695947
60503e
5b4a38
5f4f42
6b5d53
80726b
8b7f79
8a8079
888076
8c8879
938e81
9a938a
a49d93
aea79d
b5aea4
bdb6ac
c5beb4
cac2bb
d0c6c5
d5cbc9
dbd1cf
ddd3d1
ddd3d1
ddd3d1
ddd3d1
d9d4d0
d9d4d0
d9d4d0
d8d3cf
d7d2ce
d7d2ce
d7d2ce
d9cfcd
d8cecc
d8cecc
d7cdcb
d7cdcb
d8cecc
d9cecc
d9d1ce
d8d3cf
d7d2ce
d7d2ce
d6d1cd
d5d0cc
d4cfcb
d4cfcb
d3ceca
d3ceca
d2cdc9
d2cdc9
d2cdc9
d1ccc8
d1ccc8
bcb5a5
c3bbac
cdc3b4
d5c9b9
d9cbbb
d9c7b7
d6c3b3
d7c1a9
d3bba2
cfb69a
cfb596
d0b894
cfb58f
cbb188
c4aa84
bca483
b39b7d
a28d72
8e7c65
7c6d59
706252
66594c
5c4d3f
58493b
534436
4f3f32
4d3d30
4f3f31
4f3f32
514038
524139
53423a
54433c
57463f
594841
5a4942
574541
54423e
52413a
524138
554439
5b4b3e
615144
625443
60543f
625541
635743
635743
625642
615440
60533f
645844
645844
655945
655945
665a46
665a46
665a46
695946
695a47
6a5b48
6b5b48
6c5c49
6d5e4b
6e5e4c
6e5f4c
70604d
71614e
726350
746552
766753
776855
786855
746552
72624f
6f604d
6e5f4c
726350
776855
7b6b59
7c6c58
7c6c59
7c6c5a
7c6c5c
7d6d5d
7e6d5f
7e6d5f
806f5d
81715d
81735e
80735e
80755f
817660
827761
7d7662
837f6f
847b6a
706555
43382b
2c231b
1a120f
151110
171010
211917
2b1d19
442d24
633e2f
7b4b35
90583e
be7a5b
cb8866
d6966d
dc9c70
dc9d6e
dfa072
e5a479
e8a97d
ebad83
f0b38b
f4b893
f8be9b
fbc3a3
fbc2a3
fac3a6
f8c4a9
f8c5aa
f5c1a8
f2bda7
fbc6b2
f6c0af
f9c4b1
f8c5a8
f9c7a9
f9c7aa
f9c6ab
fac8ad
fac8ad
f7c6ab
f9c9ad
fac9af
fac8b0
fac7b1
fac5ae
fbc4aa
fbc6a7
f4c4a4
eabda1
dcad95
c39382
a67971
8a635e
6e4c4b
59393a
412626
2d1e1a
221f19
1a201c
0e1717
0c151a
161c24
0a1410
0c1410
0e110e
14100e
1f1512
241512
210e0b
201211
181010
120d0c
140f0d
1b1510
23160d
271405
341a06
623a1e
9b6846
c58661
ce8f6c
a67256
583421
210a02
211411
261a1a
1e1718
1f1819
271c1a
63534c
816d61
887c6c
8a7e6e
8f7f70
948072
9d8375
a88a7d
b19284
c39d8c
d1a691
dcae93
eab998
f2bf9c
f2c2a0
eec3a1
e9c2a3
e1bea1
d8b798
cdaf8e
bda283
a89177
937d68
826d5c
6d5642
614837
5c4132
5d3f35
5a3b36
583635
583637
6f4b39
755131
795c29
816928
806b27
6b571b
4c3707
3c2c08
564730
83716a
9b878f
9f8b96
a08d90
9d8c83
918171
786a5d
7e7062
897c6c
948776
998c7b
9d917e
a39782
9f947d
a69983
ac9e89
ad9d88
ab9b87
ae9d88
b4a28d
b0a08c
ae9f89
ad9e88
ad9d88
ac9c87
ab9c87
ac9d87
ad9b87
ae9b86
ae9c88
ae9d89
af9e89
afa08a
b0a18b
b1a28b
b0a087
b09f86
ad9d84
a99980
a4937b
9e8e75
998970
92826a
91836b
948572
958a79
999082
9f988c
a49d93
afa79e
b6ada4
bab1a8
c0b7b0
c6bdb7
ccc3be
d0c7c4
d5ccc9
ddd4cf
ddd4cf
ded5d0
ded5d0
ddd4cf
ddd4cf
dcd3ce
dcd5cf
dcd5cf
dcd5cf
dcd5cf
dcd5cf
dcd5cf
dcd5cf
dad3cd
d9d2cc
d9d2cc
d8d1cb
d8d1cb
d9d2cc
d9d2cc
dad3cd
dad3cd
dad3cd
d9d2cc
d9d2cc
d8d1cb
d8d1cb
d8d1cb
d6cfc9
d6cfc9
d5cec8
d5cec8
d4cdc7
d4cdc7
d4cdc7
c9c2b2
cdc5b6
d3c9ba
d8cbbb
dacbbb
dac8b8
d8c5b5
d9c3ae
d4bea7
cfb99e
ceb697
d0b895
d0b791
cdb48b
cbb28a
c9b08b
c3ab88
b9a484
ae9b7e
a49379
9d8d76
988973
93816d
917f6b
8c7a66
887763
877561
877662
887762
887566
897668
8a7769
8b796a
8d7b6c
8f7d6e
907e6f
8f7c6e
8c796b
8a7768
897766
8a7865
907e69
95836e
978771
988a72
998b74
998b74
998b74
998a74
988973
988972
968871
968871
978972
978972
988a73
988a73
988a73
9c8a75
9c8a75
9d8b76
9d8c76
9e8d77
9f8e78
9f8e78
9f8d78
9e8d77
9f8e78
a08e79
a2907b
a3917c
a4927d
a4927d
a3917b
a08e79
9d8b76
9c8a75
9f8d78
a3927c
a79680
a99881
a99882
a99883
aa9986
aa9887
ab9888
ab9989
ab9885
aa9883
aa9a84
aa9a84
a99c85
ab9d86
aa9e86
a69c88
aca392
b0a491
a79a88
796b5d
281d14
17100c
1d1917
1a1414
1f1715
291b18
452d25
5f3a2a
764630
986045
c37b5b
cb845e
d18c61
d49162
d79564
db9b6d
e2a276
e4a67b
e9ad84
f2b791
f9bf9b
f9c1a1
f9c2a6
f9c4a8
f9c6ac
f6c5b0
f9c7b4
f3c1ae
eebcaa
fbc8b8
f5c2b3
f2c0b0
f2bea7
f4c1a9
f6c2aa
f5c0a7
f3bea5
f7c0a7
fcc5ab
f9c7a7
f9c6a8
f9c4a9
f9c2aa
f9c1a6
f9c0a2
f9c19e
f1bb98
e7b293
d59f87
b07c6b
87574e
643c38
4c2a2a
3c2020
2e1617
221412
1e1a16
191c16
0e110d
0b0807
0f0a09
170f05
1e1309
25160a
2c1809
361c0a
3c1e0a
391803
311801
2d1804
291706
251608
27160b
2e1b0f
372215
371d0d
3f1b04
6b3c1e
a26543
c38463
c38b6f
855b45
361606
1f0b07
271917
1b1415
221f20
272420
81796e
b0a393
afa693
b2a795
b8a997
bdaa98
c3ac9a
cbb09d
d0b4a2
dcb8a1
e3bc9f
eabf9e
f1c39d
f3c49d
f2c59d
eec49c
edc39d
ebc19a
e3bc93
dbb68c
d2b086
c5a47f
b69676
aa8c70
9f7f65
927259
886752
846250
7c584b
714d43
6a453f
644331
604025
5b3e18
563e0f
4f390c
402c06
2e1900
2f1d09
524133
82716c
9e8b8f
a59196
a79691
a69687
9f907b
948875
9a8d7b
a79b87
b2a691
b6aa94
b8ac94
bcb097
b8ae93
beb298
c2b59c
c3b59b
c3b49a
c5b59d
cab9a2
cdbaa2
cbb9a1
cab8a0
cab79f
c9b79f
c9b79f
cab8a0
cab69f
c7b49d
c7b59e
c7b69e
c8b89f
c7b9a0
c8baa1
c8b9a0
c6b69a
c5b69a
c4b598
c2b296
bdae92
baaa8e
b6a78b
b5a58c
b3a58a
b1a28c
afa590
b4ac9b
bbb4a6
c1bbaf
c6bfb4
c8c1b7
cbc4ba
cfc7c0
d3cbc6
d8cfcc
dbd2d0
dcd4d1
ddd4d0
ddd5d1
ddd5d1
ddd5d1
ddd5d1
dcd4d0
dcd4d0
dbd5d0
dbd5d0
dbd5d0
dbd5d0
dbd5d0
dbd5d0
dbd5d0
d9d3ce
d8d2cd
d8d2cd
d7d1cc
d7d1cc
d8d2cd
d8d2cd
d9d3ce
d9d3ce
d9d3ce
d8d3ce
d8d2cd
d8d2cd
d7d2cd
d7d1cc
d5d0cb
d5d0cb
d4cfca
d4cfca
d4cec9
d3cec9
d3cec9
d1caba
d2cbbb
d5cbbc
d8ccbc
dacbbb
dcc9ba
dbc8b9
dbc7b2
d7c3ab
d1bca2
cfb89a
cfb997
d0b894
d0b891
d0b88f
cfb68d
cdb48b
c7b18b
c3ac89
bca886
b8a584
b6a384
b4a183
b29f81
b09c7e
ad9a7c
ac997b
ad9a7b
ad9a7c
b09c7f
b09d80
b19e81
b29f82
b4a084
b6a286
b6a286
b4a083
b09c80
ae9a7d
ad997d
ad997d
b19d7f
b4a182
b6a387
b7a58b
b7a58b
b7a58b
b7a58b
b7a58b
b7a58b
b7a58b
b7a58b
b7a58b
b7a58b
b7a58b
b8a78c
b9a78d
b9a78d
baa68d
bba78d
bba78d
bba78e
bca88e
bca88e
bda98f
bda98f
beaa91
bfaa91
bfab91
bfab91
c0ac92
c0ac92
c0ac92
bfab91
bca88e
baa68c
b9a58b
bba78d
bfab91
c2ae94
c4b096
c4b096
c4b096
c5b199
c5b09a
c6b09c
c6b19e
c5b19a
c5b199
c5b199
c4b29a
c4b39a
c4b49b
c3b59b
c0b29a
c2b49d
c7b7a0
cebda8
b4a393
392c22
19120c
201b19
1c1515
1c1412
2b1c19
473027
5b3627
73432d
9e664c
c87f5d
cb815a
cd835a
d2895c
d89365
e09f73
e5a87c
eeb38c
eeb792
ebb794
efbb9e
efbfa5
eec2ab
f1c5b2
edc2b2
dcb1a5
ddb2a7
e0b5ab
dbb1a7
d7aca2
cfa499
d9afa3
d1a394
daab9a
e7b5a3
f0bba6
f1b9a1
f4b9a0
fbbfa5
fac2a0
f9c2a0
f9c0a2
f8bea1
f9bc9e
f9bc9a
f8bc95
f3b791
e6a987
c98c6f
9c614c
733e2e
572c21
48221c
3d1d18
311a13
26150d
1f130a
1c1308
201306
2d1809
3b2211
593521
6a452d
7d563a
875c3c
8d5f38
8f5e33
8d592b
7f5223
754b1e
6a431b
5e3b1a
58361c
583824
583b2b
5e3f2e
5f3a23
6d3c21
905536
af6f4e
cb8f71
ab785e
592d17
270a02
2a160f
1a1410
242624
1e201a
878575
cbc5af
c8bca5
cabea7
cfc0a8
d3c2a9
d7c2a9
d9c2a9
dcc3ac
e7c7a7
edcaa3
efc9a2
f2caa1
f4ca9f
f6ca9d
f7cb9e
f9c99b
f7c392
efbd8a
e7b782
e1b27d
d7a979
cc9f72
c4976c
bc916e
b08665
a57c5e
9d765a
936e55
84604a
77523f
6a4b39
604430
523823
402813
2e1908
230e06
1b0807
271412
503e39
84726f
a18f8d
a89691
a9998c
a99a85
a69980
a79b85
aea28c
bcb099
c7bba2
cabea3
c9bea2
cbc0a4
c7bda1
cabea3
ccc0a5
cec0a5
cfc1a6
d2c2a8
d6c6ac
d8c3ab
d7c1a9
d7c1a9
d6c0a8
d7c1a9
d7c1a9
d8c2aa
d7c2aa
d5c3a9
d4c3a9
d3c3a9
d3c3a9
d1c4a9
d1c3a8
d1c3a8
d1c2a3
d1c2a3
d1c2a3
d0c1a2
cebfa0
cbbc9e
cabc9d
c9ba9e
c6b99d
c6b89f
c4baa5
c6bfac
cbc5b5
d0cabc
d4cdc3
d5cfc7
d7d0c9
d8d2cc
dad3cf
dcd5d2
ded7d5
ddd6d4
dbd4d1
dcd5d2
ddd6d3
ddd6d3
ddd6d3
dcd5d2
dbd4d1
dad5d1
dad5d1
dad5d1
dad5d1
dad5d1
dad5d1
dad5d1
d8d3cf
d7d2ce
d7d2ce
d6d1cd
d6d1cd
d7d2ce
d7d2ce
d9d4d0
d9d4d0
d8d3d0
d8d3cf
d8d3cf
d7d2cf
d7d2ce
d7d2ce
d6d1cd
d5d0cd
d5d0cc
d4cfcc
d4cfcb
d4cfcb
d4cfcb
d0c9b9
d0c9b9
d3c9ba
d6c9b9
d9caba
dccabb
decbbb
dbc7b3
d6c3ad
d3bfa6
d0bba0
cfba9a
d0b996
d1ba94
d1b991
d0b78e
cfb68e
ceb48f
ccb38e
cbb18e
c9b08f
c8b08f
c8b291
c7b290
c5b08e
c5af8d
c5af8d
c6b08e
c6b08e
c3ae89
c4af89
c4af89
c5b08a
c6b18b
c8b28d
c8b38d
c7b28b
c5b08a
c3ad88
c1ac89
c1ac89
c4ae8c
c6b08e
cab493
ceb698
ccb596
ccb596
ccb596
ccb596
cdb697
ceb698
ccb597
ccb597
cdb597
ceb698
ceb798
ceb799
ceb799
ccb697
ccb697
ccb697
cdb697
cdb697
cdb697
cdb798
cdb798
cdb798
cdb798
cdb798
cdb798
ceb899
ceb899
cfb99a
d0ba9b
ceb899
ccb697
cbb596
cdb798
cfb99a
d1bb9c
d4bd9e
d4bd9e
d5bea0
d5bea2
d5bea3
d6bea5
d6bea5
d7bfa5
d7c0a5
d7c0a5
d5c1a5
d5c0a5
d4c2a6
d4c2a6
d2c0a4
d1bea2
d2bfa4
dac6ae
d6c3b1
716357
271e17
1d1815
191312
1f1615
2d1f1b
462e25
593525
75452f
a1694f
c5805e
c57d59
c87d57
d0855d
d9946c
dfa17c
e2ab86
dfae8d
dbac8f
daaf95
deb7a1
d4b1a0
ba9b8f
a58980
8f716d
6a4a48
70514e
8c6c68
947571
866762
795954
8c6c66
89655b
936d61
af8375
cfa08c
e2ae96
ecb398
f4b79b
fabc9c
fabd9c
fabb9e
f9b89d
f8b79a
f7b694
f7b590
f4b48d
e4a47e
bf7f5c
935435
753a20
66311a
5c2c18
4f2611
411f0a
40220e
402715
472e1c
583a23
70492d
835737
9c6745
a4704b
aa734a
a76f41
a96d3c
ac6e38
ad6e35
af733d
a76d39
9c6230
986032
99643d
976746
92654c
91664b
8b5b3d
8c5333
975634
a25e3c
bf7e5e
c08668
8f5b40
401a08
2c1307
231915
2a2b29
1d1d16
766f60
cfc2ab
dbc8ad
dcc9af
e1ccb0
e2ccb1
e3ccae
e3caad
e5cbaf
edcfaa
f1cfa5
eecda5
efcca4
f0caa0
f5c99d
f8c99a
fcc798
fdc392
f6bd88
efb881
ebb47d
e5ae78
dba473
d49c6e
cc9971
c09169
b28661
aa805e
a07c5c
8f6e50
7c5d40
654c37
5a4332
483329
321e19
1f0c0d
150309
11020a
211014
4c3a38
82706a
a19187
a9988a
ac9c8a
ae9f8b
afa08c
b2a691
b9ad98
c7baa5
d1c5ae
d3c7ae
d1c6ab
d2c7ac
cdc3ab
cfc3ab
cfc3ac
d1c3ac
d3c4ae
d7c6b0
dac9b3
dcc7b2
dbc6b1
dbc5b1
dac5b0
dbc6b1
dbc6b1
dcc7b2
dfc9b4
decbb6
dccab4
dac9b3
d9c8b2
d6c8b1
d5c7b0
d5c7af
d6c6ab
d6c6ab
d6c6ab
d5c5aa
d4c5aa
d4c5a9
d4c5a9
d0c0a6
d0c1a8
d2c4ae
d2c8b5
d3cbbc
d5cec1
d5cec3
d9d4cc
dbd7d0
dcd7d2
dcd7d3
dcd7d4
dcd7d4
dcd7d5
dcd6d5
dbd5d4
dcd7d5
dcd6d5
dcd6d5
dcd6d5
dbd5d4
dbd5d4
d8d6d3
d8d6d3
d8d6d3
d8d6d3
d8d6d3
d8d6d3
d8d6d3
d6d4d1
d5d3d0
d5d3d0
d4d2cf
d4d2cf
d5d3d0
d5d3d0
d7d5d2
d7d5d2
d7d5d2
d6d4d2
d6d4d1
d6d4d1
d5d3d1
d5d3d1
d4d2d0
d4d2d0
d4d2cf
d3d1cf
d3d1cf
d3d1ce
d2d0ce
d0c9b9
d1caba
d4cabb
d6caba
d9caba
dcc9b9
dcc9b9
d7c5b1
d5c3ac
d3c1a9
d2bea3
cfbc9c
ceba97
ceb993
d1b893
d3b792
d3b792
d3b693
d3b594
d3b594
d3b495
d3b495
ceb593
ceb593
ceb593
ceb594
ceb694
cfb795
cfb695
d0b990
d1ba91
d1ba91
d2bb92
d3bc93
d4bc93
d5be95
d1ba8f
ceb68c
cdb58c
ccb48e
ccb490
ceb594
d0b797
d3b99a
d8bd9c
d6bb9a
d5ba99
d5ba99
d6bb9a
d7bc9b
d8bd9c
d5ba99
d5ba99
d6bb9a
d6bb9a
d7bc9b
d7bc9b
d7bc9b
d5bd9a
d5bd9a
d5bd9a
d5bd9a
d5bd9a
d5bc9a
d5bc9a
d5bd9b
d6be9b
d7bf9c
d7bf9c
d8bf9d
d8c09e
d9c19f
d8c09e
d3bb99
d3ba98
d1b896
d0b895
d1b996
d3ba98
d4bb99
dac2a0
dbc2a0
dbc2a1
dbc1a3
dcc2a4
dcc2a6
ddc2a7
dcc1a6
dac0a4
dac0a4
d9c1a4
d9c1a4
d7c2a4
d6c2a4
d7c3a4
ddc6a7
e0c8aa
dbc3a9
ddc9b4
b0a294
332a23
1c1714
1d1616
261e1c
2b1d19
3a2219
553021
7b4b35
a97056
c18162
c27e5d
c57c5b
cd8664
d79574
d9a283
d8a98a
d0a98f
c5a28e
bb9b8a
ab8f83
87706b
5f4b4b
4b3c3f
4d3d41
422e33
352325
3a292a
4b3a38
5e4c49
574641
594741
492f29
44271e
5e3c2f
936a58
c29279
dba688
e8af8f
f6b597
f7b69a
f6b39a
f5b19a
f4ae95
f3ac91
f4ac8c
ecab85
dda277
c5875f
a4633d
8b4b25
81431d
7a4119
774319
825129
875b38
8a6246
8c654a
936748
9f6b45
a97145
a4693c
a66a3d
a46637
9f602e
9e5d29
a15e28
9e5b24
a66233
aa6537
ad6434
b36937
b56f3e
b47348
af734f
b0764f
b8774e
b8724a
b36a43
b26843
b6714f
c08160
b98063
673e26
2e1203
2e201d
302b2b
221915
5e4c40
cdb29e
e4c9ae
e4caae
e7cbae
e8cbae
e7caaa
e9caab
ebccad
efd0aa
f0d1a9
edcea9
eccca9
edcaa4
f2c69e
f6c497
fac294
fabd92
f6b989
f2b682
efb37f
e9ab7a
e0a172
d7996d
c9946b
bf8d64
af835a
a47d58
9d7d59
8d7251
775e3e
614c35
544232
43312b
311f21
231219
1e1016
201418
2a1a1b
4f3d39
857569
a39481
a99a83
ad9e8a
b2a293
b5a598
b8ab9b
bdb0a0
cabdab
d4c7b4
d5c7b4
d4c7b1
d6cab4
d0c4b3
cfc2b1
cec1b0
d1c0b1
d4c3b3
d7c5b6
d9c7b8
dac9b9
dac9b9
dac8b9
dac8b9
dac8b9
dbc9b9
dccaba
e0ccbc
e2ccbe
dfcbbc
ddcabb
dac8b8
d6c6b6
d5c5b5
d5c5b3
d7c7b1
d7c7b0
d6c6b0
d6c6af
d7c7b0
d7c7b0
d7c7b1
d7c6b2
d6c6b3
d8c8b8
d6cbbe
d8cfc6
dcd3cd
ddd5d1
ded9d4
dedbd5
dedbd6
ddd9d6
dcd8d5
dcd8d7
dbd7d7
dbd7d6
dad6d5
dbd7d6
dcd8d7
dcd8d7
dbd7d6
dbd7d6
dad6d5
d7d6d4
d7d6d4
d7d6d4
d7d6d4
d7d6d4
d7d6d4
d7d6d4
d5d4d2
d4d3d1
d4d3d1
d3d2d0
d3d2d0
d4d3d1
d4d3d1
d6d5d3
d7d6d4
d6d5d3
d6d5d3
d6d5d3
d5d4d2
d5d4d2
d5d4d2
d5d4d2
d5d4d2
d4d3d1
d4d3d1
d3d2d0
d3d2d0
d3d2d0
d3ccbc
d3ccbc
d4cbbc
d5cabc
d8cbbc
d9c8bb
d8c7ba
d6c6b3
d5c5b0
d4c3ad
d2c0a7
cfbda0
ccb99b
cbb897
ceb797
d2b697
d2b696
d4b696
d4b596
d4b494
d4b393
d4b394
d1b898
d1b898
d1b898
d2b898
d2b999
d2b899
d2b899
d2b995
d3b995
d3b995
d3ba95
d3ba95
d4ba96
d4ba96
d3b893
d1b691
d0b590
d0b491
d0b592
d2b796
d5b999
d8bb9b
dabd9c
d8bb9a
d7ba99
d7ba99
d8bb9a
d9bb9b
dabd9c
d9bc9c
d9bc9c
d9bc9c
d9bc9c
d9bc9c
dabc9d
dabc9d
d8be9b
d8be9b
d8be9b
d8be9b
d8be9b
d8be9b
d8be9a
d7bd9a
d6bc99
d7bd99
d7bd9a
d8be9a
d9bf9b
d9bf9c
dac09d
dac19e
d8bf9c
d6bd9a
d6bd9a
d7be9b
d8bf9d
d9c09e
dcc3a1
ddc4a1
ddc4a2
ddc4a2
ddc4a3
ddc4a3
dec4a4
dfc4a6
dfc4a6
dec4a6
dec4a6
dec5a6
ddc5a6
ddc5a6
dcc4a6
ddc5a7
e0c7aa
d6bfa5
d7c3ae
c5b7a8
514941
191611
1c1b16
211c19
271c1a
311c16
4d2a1d
7c4d38
a46d53
bc7e61
bd795c
c97f61
d18568
d08e73
b8866c
99755b
8a6c59
826557
6f564c
503d36
332724
272122
2c2a2e
2c2c32
1f1c24
1b171c
161012
171010
231b1d
262122
292424
291e19
291810
3b2115
6a4434
a57660
cd987e
daa183
eea98c
efaa8f
eea890
f0a791
f2a991
f2a98f
f4a98d
e6a584
d69b75
cb8b5e
b97544
a8632d
9e5a22
9e5b24
a4642b
ae7339
ac6f3c
a7693c
a0623b
995b37
92522e
8a4a24
8a4a23
894a22
783e13
6f360a
7c4316
7e4416
864a1b
8c4c25
89441b
934e20
924919
a25628
ae5e2d
be6d32
c47539
c57641
c67545
c6744b
c67652
bf7455
c07d5f
c5886c
8c6048
41210f
2f2118
292526
1b1413
422a1d
ba8f76
e0b89f
e7c0a6
e5bea2
e7c2a5
eecaac
ebc8ab
ebcbad
efcdaa
eecca6
ebcdab
e9cdab
eacba8
efc8a2
f3c59c
f4c098
f1bb95
f1b88f
eaaf83
e3a778
dca071
d3986c
c98f65
ba8761
ac7e59
9b7351
917050
8a6f50
7b6546
6b5637
55402d
493728
39291f
2b1d17
251a15
261f16
252116
2f2717
544734
867769
a49389
ac9a92
ae9f97
b3a49d
b5a9a0
bdb1a6
c2b6aa
cdc1b5
d6cbbe
d9cdc0
d8ccbe
d7cbbe
d2c9b6
d1c7b4
d1c6b3
d1c6b5
d4c7b7
d6c9ba
d8ccbd
d9ccbc
d9ccbc
daccbc
dbcdbe
dccebf
ddcfc0
ded0c1
e1d1c4
e1d1c7
dfd0c5
decfc4
dccdc2
dacbc0
d8c9be
d8c9bc
ddccbb
dccbba
dbc9b9
dac9b8
dbcab9
dccbba
ddccbb
d7c9be
d7c9bf
d6cac1
d5ccc4
d6d0ca
d9d3d0
dbd7d4
dedad6
dddad6
dcd9d5
dbd7d4
dad6d3
dbd7d5
dbd7d6
dcd7d5
ddd5d6
ddd7d7
ddd7d7
dcd8d7
dad8d6
d9d7d5
d8d6d4
d8d7d6
d8d7d6
d8d7d6
d8d7d6
d8d7d6
d8d7d6
d8d7d6
d6d5d4
d5d4d3
d5d4d3
d4d3d2
d4d3d2
d5d4d3
d5d4d3
d7d6d5
d7d7d6
d7d7d6
d6d6d5
d6d6d5
d6d5d4
d5d5d4
d5d5d4
d6d5d3
d6d5d3
d5d4d2
d5d4d2
d5d4d2
d4d3d1
d4d3d1
d4cdbd
d3ccbc
d3cabb
d4cabc
d8cbbe
d8cabd
d6c8bc
d7c8b7
d6c7b4
d4c5b0
d2c2ab
d0bea5
cdbba0
ccb99e
ceb89b
d1b699
d2b799
d4b89a
d6b798
d6b797
d7b696
d6b696
d1b899
d1b899
d1b899
d1b899
d1b899
d1b899
d1b899
d5ba9c
d5ba9c
d5ba9c
d5ba9c
d5ba9c
d5ba9c
d5ba9c
d4b898
d3b694
d2b593
d1b492
d2b593
d4b795
d7ba98
d9bc9b
dbbe9e
dabd9d
dabd9d
dabd9d
dabd9d
dbbe9e
dbbe9e
dabda0
dabda0
dabda0
dabda0
dabd9f
dabd9f
dabd9f
d8be9c
d8be9b
d8be9b
d8be9b
d8be9b
d8be9b
d8be9b
d8be9b
d8be9c
d9bf9c
d9bf9d
d9bf9d
dac09e
dac09d
dac09e
d9c0a1
d7be9f
d5bc9d
d5bc9d
d6bd9e
d8bfa0
d9c0a1
ddc4a5
ddc4a5
ddc4a5
ddc4a5
ddc4a5
ddc4a5
ddc4a5
dec3a6
dec3a6
dec3a6
dec3a6
dec3a6
dec3a6
dec3a6
dec5a8
ddc7aa
dac3a7
d9c3a8
d9c6af
c7baa9
7a7267
1b1710
1c1d15
1b1a16
271f1d
301d1a
48271d
7b4d39
a16c52
b97c60
bb795e
c77f66
b9725b
9d634e
6d4833
412d1a
352519
382720
392c26
302824
272421
1d1e1f
12171a
0c1116
101219
161418
1b1413
160d0b
110705
18100f
231d1c
271b11
352117
49291e
6d4033
9f6957
c58974
d0937a
e39f82
e7a187
e8a288
eba48c
eca68d
efa990
f1ab93
eaa88d
d99976
c78155
bd723a
b66a2b
b06523
b26627
b2692a
a46120
9f591e
994f1d
8e461c
7c3a18
72361a
713b21
6f3923
6c3922
6d3f26
653c1f
714a2b
7a5232
855b3a
8c5842
7c472b
834e29
723714
813b1a
8e3e13
a85211
be6823
c67339
ca7440
cf7a4d
cd7a54
c37555
c0795b
c48468
b48670
704935
422e22
292524
191111
341406
aa7254
e5ad90
e5ae90
dfa889
e7b291
f3c1a0
f2c5a5
f2c9ad
f3caa9
efc9a7
ebcbab
e6cbad
e6caaa
e8c6a5
ecc2a0
ebbd9c
e8b897
e7b390
dca57f
cf9770
c68f68
ba865f
ad7c57
a17455
90674b
7c5c43
715741
68533d
5c4831
513d24
443020
3e2d1d
382916
342511
352b12
3c3317
383316
3e3616
5f5234
8c7a6a
aa9491
b29b9f
b3a1a1
b7a9a3
b8aea3
bdb3aa
c3b9b0
cdc4ba
d7cdc4
dad1c7
d8cfc5
d5cbc1
d5cdbb
d4ccba
d4ccbb
d3cbbc
d5cbbe
d7cdc1
d9d0c4
dacec3
dbcfc3
dbcfc3
dcd0c5
ded2c6
dfd3c7
e0d4c8
e0d4ca
e0d3cc
e0d3cc
dfd2cb
dfd2ca
ddd0c9
dccfc7
dbcec6
ddd0c2
dccfc2
dacdbf
dacdbf
dbcec1
dccfc2
ddd0c2
d9cfc9
d8cfc9
d8d0cb
d8d1cc
d7d2cf
d7d4d1
d7d6d2
dddad6
dfdbd8
dcd8d5
dbd7d4
dbd7d4
dbd7d4
dcd8d5
ddd8d6
dfd5d6
ded7d7
ddd7d7
dcd8d7
d9d8d6
d8d7d5
d7d6d4
d8d8d8
d8d8d8
d8d8d8
d8d8d8
d8d8d8
d8d8d8
d8d8d8
d6d6d6
d5d5d5
d4d4d4
d4d4d4
d4d4d4
d4d4d4
d5d5d5
d7d7d7
d7d7d7
d6d6d6
d6d6d6
d6d6d6
d5d5d5
d5d5d5
d5d5d5
d6d5d3
d6d5d3
d5d4d2
d4d3d1
d4d3d1
d4d3d1
d4d3d1
d5cebe
d4cdbd
d3cabb
d5cbbd
d9ccbe
d9cbbe
d7c9bd
d6c9b9
d6c7b6
d4c6b2
d3c3ad
d1c1a8
d0bea4
cdbda1
d0bb9e
d2b99d
d2b99b
d3b99a
d4b89a
d4b899
d6b898
d5b897
d2bb9b
d2bb9b
d2bb9b
d2bb9b
d2bb9b
d2bb9b
d2bb9b
d4ba9c
d4ba9c
d4ba9c
d4ba9c
d4ba9c
d4ba9c
d4ba9c
d4b999
d3b796
d1b595
d0b494
d1b595
d3b897
d6ba9a
d9bd9d
dbc09f
dabf9e
dabf9e
dabf9e
dabf9e
dbc09f
dbc09f
dbbfa1
dbbfa1
dbbfa1
dbbfa1
dbbfa1
dbbfa1
dbbfa1
d9bf9e
d8bf9d
d8bf9d
d8bf9d
d8bf9d
d8bf9d
d8bf9d
d8bf9d
d9bf9e
d9bf9e
dac09e
dac09f
dac09f
dbc19f
dbc1a0
d9c0a2
d7bea0
d5bc9e
d5bc9e
d6bd9f
d8bfa1
d9c0a2
ddc4a6
ddc4a6
ddc4a6
ddc4a6
ddc4a6
ddc4a6
ddc4a6
dec3a7
dec3a7
dec3a7
dec3a7
dec3a7
dec3a7
dec3a7
dcc4a7
dcc7aa
d5bea2
ddc5ab
dbc7b0
d0bfad
9e9386
272217
1b1b14
1f1b17
2b201f
311c1a
46261b
794d38
a16f54
b77f61
b0775a
a56c54
784634
4d281b
2e1b11
211d14
2a2b27
252625
1d1d1c
1c1c1e
1b1a1d
161318
141218
161318
191212
201410
2b1911
341d12
371f12
3d2619
483024
5e3b28
663e2c
7b4b3a
965d4c
b0715f
c58470
d5937e
da9880
e09d84
e6a58b
e8a88f
e7a990
e8ad97
ecb2a0
f4b49b
eba583
d1885c
c2723c
bd6b29
ba6624
b66321
b05d1e
9b5014
8f4710
773407
662d0a
67371d
653e2c
59392a
51302b
361913
2c130a
240f03
2e180b
331b0e
34190b
4b2b26
4e2c24
623d2d
653928
6e3827
743417
813a07
9f5217
b7672e
c2703a
ca7746
c57548
bf734d
c47e5a
ca8969
bc886e
90624a
59392b
36231f
29150f
4a1f0c
be7c59
f2ac85
d68d66
c97d54
c97d52
ce865c
e8a781
fdc3a0
f7c7a9
f0c6ac
ebc9af
e5c9b0
e3c8af
e3c3a9
e4bea2
e2ba9d
ddb194
d6a888
c89877
ba8969
a87a5d
95694f
855c43
77533f
674737
553b2e
4a362b
423326
392b1d
322213
2a1d0a
2f220c
36270e
3e2d0e
4a3815
56411d
58421c
574221
6e583f
987f6e
b1958e
b69c98
b6a19a
baaa9f
bdb0a3
c1b7ad
c6bcb2
d0c6bc
d8cec4
ddd3c9
dbd1c7
d8cec4
d9d1c6
d8d0c5
d7cfc6
d7cfc6
d8cfc9
dad0cc
dcd2ce
ded3cf
dfd3cf
ded2ce
dfd3cf
dfd3cf
dfd3cf
dfd3cf
dfd3ce
e0d4ce
e0d4ce
e1d5cf
e1d5cf
e0d4ce
dfd3cd
ded3cd
dbd5cd
dcd5cd
dbd4cc
dbd4cc
dbd5cc
dcd5cd
dbd5cd
ddd5cd
dcd4cd
dbd4ce
dad4ce
d9d4d1
dad5d2
dad5d2
ded9d6
e0dbd8
ded9d6
ddd8d5
ddd8d5
ddd8d5
ddd8d5
ded8d6
dfd5d6
ded7d7
ddd7d7
dcd8d7
d9d8d6
d8d7d5
d7d6d4
d6d6d6
d6d6d6
d6d6d6
d6d6d6
d6d6d6
d6d6d6
d6d6d6
d5d5d5
d5d5d5
d4d4d4
d3d3d3
d3d3d3
d4d4d4
d5d5d5
d6d6d6
d6d6d6
d6d6d6
d5d5d5
d5d5d5
d5d5d5
d4d4d4
d3d3d3
d5d4d2
d5d4d2
d4d3d1
d3d2d0
d3d2d0
d3d2d0
d3d2d0
d5cebe
d4cdbd
d4cbbc
d5cbbd
d9ccbf
d9cbbe
d7c9bc
d5c9ba
d5c9b8
d4c7b6
d3c6b1
d3c4ac
d2c2a8
d1c1a7
d0bea3
d0bba0
cfba9e
d0b99b
cfb899
d1b899
d2b899
d3b99a
d0bc9b
d0bc9b
d0bc9b
d0bc9b
d0bc9b
d0bc9b
d0bc9b
d1ba9c
d1ba9c
d1ba9c
d1ba9c
d1ba9c
d1ba9c
d1ba9c
d0b899
cfb697
cdb495
cdb495
cdb495
d0b798
d2b99a
d5bd9d
d8c09e
d7bf9d
d7bf9d
d7bf9d
d7bf9d
d8c09e
d8c09e
d8bea0
d8bea0
d8bea0
d8bea0
d8bea0
d8bea0
d8bea0
d9bea0
d9bea0
d9bea0
d9bea0
d9bea0
d9bea0
d9bea0
d9bea0
d9bea0
dabfa1
dabfa1
dabfa1
dbc0a2
dbc0a2
dbc0a2
d9c0a2
d7bea0
d5bc9e
d5bc9e
d6bd9f
d8bfa1
d9c0a2
ddc4a6
ddc4a6
ddc4a6
ddc4a6
ddc4a6
ddc4a6
ddc4a6
dcc4a8
dcc4a8
dcc4a8
dcc4a8
dcc4a8
dcc4a8
dcc4a8
dbc5a9
ddc9ad
d5bea2
dec6aa
dac4ab
d4c1ad
bcad9d
483e32
17150e
1d1713
291d1d
301b19
44261a
744c36
9a6b4f
ba8565
a06e51
7e523e
47261a
25120b
17100d
1a1a1b
1a1f1f
0e1211
0a0b09
181512
2c2220
3c2e2b
4e3d39
614e46
745b4e
7e6150
8b6953
8f684f
8e664d
936d54
9e7960
b28267
b68167
bf826a
c5806a
c77f68
cc846c
d79078
d78f79
dd9980
e6a68a
eab091
eab397
ebb9a2
efc0b0
fac1ac
f7b695
e49d73
d0844d
c1702f
b5621e
ab5613
9c4a0b
7f3202
753000
6c3108
633517
583421
4b2f25
422925
1d0b0c
220e10
231314
1f110f
231311
160403
321c1a
593f41
482f2b
3c2015
39170b
44170d
5c250f
71350b
95501a
ad5f2a
ba6c35
c3733b
c2753f
c47a4a
cb8659
cf8d66
c28a6c
ae795d
774d3a
44241b
38160b
642f14
c07649
de8c5c
bd6531
ae511a
a94a11
a54b17
cd7a4c
f9b38b
fbc5a6
f3c6ab
edc8af
e5c9b3
e0c8b0
dcc1aa
dbbca3
d9b79d
d0ad90
c29d80
b0896c
987257
7d5944
634332
523627
3e251e
321e17
251512
1d1411
1b130f
181109
130b03
191100
261e05
372c0c
483713
5a431a
664b24
6c4b25
66482c
785c49
a08374
b89a90
bea199
bea89d
c2b1a4
c4b8aa
c3bab0
c8beb4
d0c6bc
d8cec4
ddd3c9
dbd1c7
d9cfc5
d9d2ca
d8d1ca
d7cfca
d6cecb
d7cfcd
d9d0ce
dad1d1
ddd3d3
ded4d3
ded4d3
ddd3d2
ddd3d2
ddd3d2
ddd3d2
dcd3d0
ddd4ce
ded5cf
dfd6d1
dfd6d1
dfd6d1
dfd6d0
ded5d0
dbd8d3
dbd8d3
dbd8d3
dbd8d3
dbd8d3
dbd8d3
dbd8d3
dcd8cf
dbd7ce
dbd5cf
dad5cf
dad4d0
dcd3d2
dcd4d2
ded6d4
dfd8d5
dfd7d5
ded7d5
ded7d5
ded6d4
ded6d4
ddd5d4
ddd4d5
dcd4d5
dcd6d6
dbd6d5
d7d6d4
d6d5d3
d6d5d3
d6d6d6
d6d6d6
d6d6d6
d6d6d6
d6d6d6
d6d6d6
d6d6d6
d3d3d3
d3d3d3
d2d2d2
d2d2d2
d2d2d2
d2d2d2
d3d3d3
d4d4d4
d4d4d4
d4d4d4
d4d4d4
d3d3d3
d3d3d3
d3d3d3
d3d3d2
d2d1cf
d2d1cf
d2d1cf
d1d0ce
d1d0ce
d0cfcd
d0cfcd
d6cfbf
d4cdbd
d4cbbc
d6ccbd
daccbf
daccbf
d9cabd
d6cbbb
d5cab9
d4c9b8
d4c8b4
d3c8b1
d4c5ad
d3c5ab
d3c3a9
d2c0a6
d0bea3
cfbb9f
ceba9c
d0ba9b
d1bb9c
d3bc9d
d0bd9c
d0bd9c
d0bd9c
d0bd9c
d0bd9c
d0bd9c
d0bd9c
d2bb9f
d2bb9f
d2bb9f
d2bb9f
d2bb9f
d2bb9f
d2bb9f
d1b99c
cfb799
ceb698
cdb597
ceb698
d0b89a
d4bc9d
d6be9e
d8c09e
d7bf9d
d7bf9d
d7bf9d
d7bf9d
d8c09e
d8c09e
d7bfa0
d7bfa0
d7bfa0
d7bfa0
d7bfa0
d7bfa0
d7bfa0
dabfa2
dabfa2
dabfa2
dabfa2
dabfa2
dabfa2
dabfa2
dabfa2
dabfa2
dabfa2
dbbfa3
dbc0a3
dbc0a3
dbc0a4
dbc1a4
d9bfa4
d7bda2
d5bba0
d5bba0
d6bca1
d8bea3
d9bfa4
ddc3a8
ddc3a8
ddc3a8
ddc3a8
ddc3a8
ddc3a8
ddc3a8
dcc5aa
dbc5aa
dbc5aa
dbc5aa
dbc5aa
dbc5aa
dbc5aa
dac6ab
dbc8ae
dac4a8
ddc4a9
dac2a8
dbc6ae
cbb9a6
817263
201a16
201715
251818
2d1816
46281d
78523b
9e7155
b27d60
8a5b43
5b3725
2c1208
1c0b07
180d0d
160e0f
201713
2e2219
46372e
665243
836a57
9a7a65
a7856c
aa8367
a37556
a47352
a06e4a
976340
8e5c3a
916142
996c4d
a57253
b2795b
bd7b5e
c3795d
cb7d5f
d48566
da8a69
d5886f
db9177
e5a382
eeb28e
f3bf9c
f6c6ad
f7cbbb
f9cbb7
fac5a8
f1b790
e3a16b
d28a49
bb712d
a15611
8e4203
7b3604
682b00
63300a
532a0d
3a1705
513029
886867
5d4041
3d2322
2c1512
230c09
230a04
210502
351411
623e34
553321
432109
48220c
4a1c0c
5c260d
652b01
82420b
934b19
a55b23
b86c30
cb8043
d99058
da9562
d39366
c99570
c79170
9f6f57
5a3224
4d2514
814824
bb6d37
c67138
b85c1f
b4500e
b64e0c
ad490d
b75e2b
e19368
f7bb99
f3c4a5
ebc6aa
e1c7ac
dac5ab
d3bea4
d0b89e
ccb194
bfa481
ae906f
947557
705439
49301c
2d1a0b
231108
190b09
110705
0a0504
070606
070805
070701
050300
120d00
241d07
3b3012
4c3e19
5c4823
694e30
6e4e36
664637
75584e
9f8177
b79990
bca299
bca89e
bdb2a6
c1b9ad
c5bcb2
c9bfb5
d0c6bc
d8cec4
dcd2c8
dbd1c7
d9cfc5
d7d1c9
d6d0c9
d5cec8
d4cdca
d4cdcb
d6cfcd
d8d0cf
dad2d0
dbd2d0
dbd2d0
dbd2d0
dbd2d0
dbd2d0
dbd2d0
dbd2d0
dbd3cf
dcd4d0
ddd4d0
ddd4d0
dcd4d0
dbd3cf
dbd3cf
d8d4cf
d9d5cf
dad6d1
dad6d1
dad6d0
d9d5cf
d8d4cf
d7d5cc
d7d5cc
d7d3cd
d7d2cc
dad1cf
dbd2d1
dcd1d1
ddd2d1
ded5d3
ded5d4
ded5d4
ded5d4
ddd4d3
dcd3d1
dbd2d1
dad1d2
d9d2d3
d9d3d3
d8d3d2
d5d4d2
d4d3d0
d3d2d0
d5d5d5
d5d5d5
d5d5d5
d5d5d5
d5d5d5
d5d5d5
d5d5d5
d3d3d3
d2d2d2
d1d1d1
d0d0d0
d0d0d0
d1d1d1
d2d2d2
d4d4d4
d4d4d4
d3d3d3
d3d3d3
d3d3d3
d2d2d2
d1d1d1
d2d2d0
d0cfcd
d0cfcd
d0cfcd
d0cfcc
d0cfcd
cecdcb
cecdcb
d6cfbf
d5cebe
d5ccbd
d6ccbe
dacdbf
dacbbf
d9cabd
d5cbbc
d4cbbb
d5c9b9
d5cab7
d5c9b3
d5c8b0
d5c7ae
d6c7ad
d4c4ab
d3c3a7
d1c0a3
d1bea0
d2bfa0
d4bfa0
d5c0a1
d2bf9f
d2bf9f
d2bf9f
d2bf9f
d2bf9f
d2be9f
d2be9f
d3bfa2
d3bfa2
d3bfa2
d4bfa2
d4bfa2
d4bea2
d4bea2
d3bd9f
d2ba9c
d1b99b
d0b99a
d1ba9b
d3bb9d
d6bfa1
d8c1a2
d9c2a0
d8c1a0
d8c19f
d8c19f
d8c1a0
d9c1a0
d9c2a1
d9c2a2
d9c2a2
d9c2a2
d9c2a2
d9c2a2
d9c2a2
d9c2a2
dabfa2
dabfa2
dabfa2
dabfa2
dabfa2
dabfa2
dabfa2
dabfa2
dabfa2
dabfa2
dbc0a3
dbc0a3
dcc1a4
dcc1a4
dbc1a4
d9bfa4
d7bda2
d5bba0
d5bba0
d6bca1
d8bea3
d9bfa4
ddc3a8
ddc3a8
ddc3a8
ddc3a8
ddc3a8
ddc3a8
ddc3a8
dbc4aa
dac4ab
dac4ab
dac4ab
dac4ab
dac4ab
dac4ab
d9c5ac
d8c6ab
dec8ac
ddc3a7
dcc3a8
e1cab2
d5bfab
af9f8e
352d27
261b19
231616
2a1614
492c21
825b46
a87c5f
a46d54
71422c
401c0d
180200
1a0807
2f1d1c
402c29
5b4137
785b4c
967563
ac876e
b1876a
ad805b
9c6a43
915b32
94562c
8e5025
8a4c21
864a22
7a431d
6d3c1a
6c3f1f
744424
8e5839
a16142
b06647
c37451
d3805c
d5825b
d38268
d78b6d
e39d76
f1b287
fac49f
fdceb1
fdd1c0
fbd5c2
fcd1b7
f7c8a2
f1b986
eaac6f
d59352
ad6a27
874307
6a2e00
622d00
491b00
320900
3b1304
653b30
8b5f5b
734c45
361109
4d2a1f
573327
562e22
75493c
77473c
7c4c34
7f512f
8c5e39
a57553
9d684a
965d3a
884e18
98561f
a05828
b36a32
cd8344
e79d5d
f3ab6d
e7a26c
d59364
cc966f
cd9774
b48369
683f2c
5d331c
965a32
bc6e34
d58144
cc7131
c35f19
c65c16
be5817
ab521b
c17145
ebad87
f2c29e
e8c3a1
dec4a5
d5c1a4
ccba9f
c8b498
bea988
ad966f
9c8560
816a48
5a4528
301e09
190b00
140a00
0e0706
080504
040505
030706
040805
030702
020400
0a0600
1b1503
332a0f
443718
534124
5f4732
62473a
634741
7b605c
a58983
bca29b
bfa9a1
bdaea5
bfb6ad
c1bbb0
c6bbb1
c9bfb5
d0c6bc
d6cdc3
dbd1c7
dad0c6
d9cfc5
d6d2c8
d5d2c7
d4d0c7
d3cfc7
d3cec8
d5d0cb
d5d0cd
d7d0cc
d7cfcc
d7cfcc
d8cfcc
d8d0cd
d8d0cd
d9d1ce
d9d1ce
d9d1ce
dad2cf
dad2cf
d9d1ce
d8d0cd
d7d0cd
d7d0cd
d5d0ca
d6d1cb
d8d3cd
d8d3cd
d7d2cc
d7d1cb
d6d0ca
d2d2c9
d2d2c9
d4d1ca
d5d0ca
d8cfcd
dad0cf
dbcfd0
dbd1d0
dcd2d1
ddd3d2
ded4d3
ddd3d2
dcd2d1
dad0cf
d9cfcf
d8cfd0
d7d0d1
d7d1d1
d6d1d0
d2d1cf
d2d1cf
d1d0ce
d4d4d4
d4d4d4
d4d4d4
d4d4d4
d4d4d4
d4d4d4
d4d4d4
d2d2d2
d1d1d1
d1d1d1
d0d0d0
d0d0d0
d1d1d1
d1d1d1
d3d3d3
d3d3d3
d2d2d2
d2d2d2
d2d2d2
d1d1d1
d1d1d1
d1d1d0
d0cfcd
d0cfcd
cfcecc
cfcecc
cecdcb
cecdcb
cecdcb
d4cebe
d2ccbc
d2cbbb
d3cbbb
d6cbbd
d6cabc
d4c8ba
d4c7b8
d5c7b8
d3c6b6
d3c6b6
d2c5b5
d2c6b6
d2c5b6
d3c4b1
d1c0aa
d1bfa8
d0bfa6
d1bda4
d2bda3
d2bda3
d2bda3
d5bca6
d6bda7
d6bda7
d6bda7
d5bca6
d4bba5
d4bba5
cfbda5
cfbda5
d1bda5
d2bda5
d3bca5
d4bca5
d4bba5
d4b9a4
d3b8a3
d2b7a2
d1b7a0
d2b8a1
d3b9a0
d5bba1
d7bda2
d8bea3
d8bea3
d8bea3
d8bea3
d8bea3
d8bea3
d8bea3
d4c2a3
d4c1a3
d6c1a4
d7c0a4
d7bfa3
d6bda1
d6bca1
d7bfa0
d7bfa0
d7bfa0
d7bfa0
d7be9f
d6bd9f
d6bd9f
d6bca0
d6bca1
d6bca1
d6bca1
d7bda2
d7bda2
d8bea3
d8bea3
d6bca1
d4ba9f
d1b79c
d0b69b
d1b79c
d5bba0
d7bda2
dac0a5
dac0a5
dac0a5
dac0a5
dac0a5
dac0a5
dac0a5
d8bfa3
d7bfa3
d8c0a4
d9c1a5
d9c1a5
d8c0a5
d8bfa4
d8c0a3
d8c1a2
d9c1a4
d9c1a7
d9c1a9
d8bfa9
d9bfaa
ccb5a2
65594a
261a13
241817
241313
442a25
845f50
a2765f
9b6a52
65361e
431a08
290f09
2f1f20
56413b
845e4b
b2826c
bc8974
ad7860
b27a5e
9e6141
9f5f3a
914f26
8c4921
8e4623
8f4b25
854520
804521
6e3b17
5b2f0d
5e3515
603019
713d25
7a4027
8c4b2f
9c5437
af6043
c67454
c47b5c
d18864
e89f75
f9b386
fdc29c
fbcdb3
f9d9cc
fbddca
fcd5b9
f4c7a3
f1bb90
fbbe8c
f9b982
de9b62
b4743a
874e19
713d0c
5d2f07
582d09
5c3012
63311c
673422
774a3f
7c5043
af8071
b78570
a46f56
b78064
b1785c
b77d59
bb7e56
bc7c4f
bf7b49
b26e3a
a25d29
9f5d29
af6835
c37845
d88e55
eea469
f7af74
f6ae74
efa872
eaa270
dd9470
ce9175
bf8f7a
8b5e4a
622a10
a05731
c87142
d87c3e
d06b29
d5651e
ce570f
cb5914
b65213
b1581f
e19c6a
f6c093
e8bc93
e0c09e
d5c0a1
ccb8a0
cbb69e
baa58c
a99678
978567
7b6b4e
52452b
281e0b
150b00
130903
0a090d
080709
0a0b08
0f110b
121511
121616
111619
14160f
212115
373323
463f2d
524633
5b4a3a
624e41
6b5a53
857673
a79894
b7a8a4
b9aaa6
bdaea8
c5b6b0
c8bab3
c7bdb1
ccc3b6
d2cbbe
d7d0c6
d9d2c8
d6d2c9
d6d2c9
d4d0c5
d4d0c5
d4d0c7
d3cfc7
d3cdc8
d2cdc8
d1ccc8
d6cdcb
d8cdcc
d8cecc
d9cecd
d9cecd
d9cfcd
dad0ce
d9d0ce
d7d2cf
d6d1ce
d5d0cd
d4d0cd
d5d0cd
d6d1ce
d6d1cd
d5d0ca
d5d0ca
d5d0ca
d6d1cb
d6d1cb
d7d2cc
d7d2cc
d5d2ce
d5d2ce
d5d2ce
d5d2ce
d5d2ce
d5d2ce
d5d2ce
dad3d0
dcd4d1
dcd4d1
dcd4d1
dcd4d1
dcd4d1
dcd4d1
dbd3d0
dad1ce
d9d1ce
d5d0cd
d3cfcd
d2cece
d0cecf
d1cfd0
d2d2d2
d2d2d2
d3d3d3
d4d4d4
d4d4d4
d2d2d2
d2d2d2
d2d2d2
d2d2d2
d2d2d2
d2d2d2
d2d2d2
d2d2d2
d2d2d2
d2d2d2
d2d2d2
d2d2d2
d2d2d2
d2d2d2
d2d2d2
d2d2d2
d2d2d2
d2d2d2
d1d1d1
cfcfcf
cecece
cdcdcd
cdcdcd
cecece
d0caba
cec8b8
cec7b7
cfc7b7
d2c7b9
d2c6b8
d0c4b6
d0c3b4
d0c3b3
cfc2b2
cec1b1
cec1b1
cec1b1
cec1b1
cebfaf
cebdad
cebcaa
cdbaa8
cdbaa5
cdb9a5
ceb8a3
cfb8a3
d2bba6
d2bba6
d4bda7
d4bda8
d3bca7
d3bca6
d2bba6
cebca5
cebca5
cfbca5
d0bba5
d0bba5
d1bba5
d2bba5
d2b9a5
d1b7a3
cfb6a0
cfb59f
cfb69f
d1b8a0
d2b9a0
d4bba1
d5bca0
d5bca0
d5bca0
d5bca0
d5bca0
d5bca0
d5bca0
d0bd9f
d0bda0
d2bda0
d3bca1
d3bb9f
d2b99e
d2b89d
d3ba9c
d3ba9c
d3ba9c
d3ba9c
d3ba9c
d2b99c
d2b99c
d2b89d
d2b89d
d2b89d
d2b89d
d3b99e
d3b99e
d4ba9f
d4ba9f
d4ba9f
d2b89d
d0b69b
cfb59a
d0b69b
d3b99e
d4ba9f
d6bca1
d6bca1
d6bca1
d6bca1
d6bca1
d6bca1
d6bca1
d4bb9f
d3bb9f
d4bca0
d5bda1
d5bda1
d4bca0
d4bba0
d3bc9e
d4bd9f
d6bea1
d7bfa4
d7bfa6
d8c0a8
d9c0a8
d2bca6
86796a
2a1e15
211513
20100f
412721
846050
a87d65
92664b
592b11
431a04
4b2d22
705856
9b7b73
b78572
c38871
c2856f
ab6f56
a06448
92593a
8d5432
7d4520
794223
6c3a26
71412c
6e432e
512914
431f09
472712
3f1f09
4b1e0a
5a2a16
703b24
73371f
88452c
934c32
a2573c
b87157
d58d6f
f1aa87
fab690
f7bc9c
f6c7b2
f7d1c7
f8d2c4
fcd1ba
fcccae
f9bf9b
fbbc91
ffbf90
fcbb8b
efac7b
d09060
b07546
925b30
824d29
794528
7b442c
7e4532
915b47
99624d
b27a63
ba7e63
b37657
bc7d5b
ba7b59
bb7b4d
b26e3c
a45d28
9f551e
a0541e
ac612d
c47c49
da9260
e59d6a
eba46d
f1ab70
f3ac71
f1a971
eea773
eda574
e19770
d19170
d09880
ae7962
77391c
954b21
bb6634
bc6022
ce6825
dc6a23
cd550a
c35007
b44d0d
ad5216
d8905e
f2b78c
e7b790
debb9a
d3b99d
cbb39b
cfb5a0
c3aa92
b29f81
9d8b6d
7f6f53
554930
2a1f0c
160b01
160b07
19151a
231f22
31302d
3f403b
4a4c47
4f5051
505256
575653
5e5d57
69655a
716a5e
786d60
817269
8a7770
928180
a29295
b4a4a6
bcadad
bcacab
bfafae
c3b4b1
c5b7b2
c6bcb0
cbc2b5
d2cabe
d7d0c6
d9d2c8
d7d3ca
d6d2c9
d5d1c6
d5d1c6
d5d1c8
d4d0c8
d4cfc9
d3ceca
d3ceca
d5cecb
d6cecb
d7cecb
d7cfcc
d7cfcc
d8d0cd
d8d0cd
d8d1ce
d6d2cf
d5d0cd
d4cfcc
d4cfcc
d4cfcc
d4cfcc
d5d0cd
d6d1cc
d6d1cc
d7d2cd
d7d2ce
d8d3ce
d8d3ce
d8d3ce
d8d4d1
d8d4d1
d8d4d1
d8d4d1
d8d4d1
d8d4d1
d8d4d1
dad4d2
dbd5d3
dbd5d3
dbd5d3
dbd5d3
dbd5d3
dbd5d3
dcd5d3
dcd4d2
d9d4d1
d7d3d0
d5d1d0
d3d1d2
d3d1d2
d2d2d3
d4d4d4
d5d5d5
d6d6d6
d6d6d6
d6d6d6
d5d5d5
d4d4d4
d4d4d4
d4d4d4
d4d4d4
d4d4d4
d4d4d4
d4d4d4
d4d4d4
d4d4d4
d4d4d4
d4d4d4
d4d4d4
d4d4d4
d4d4d4
d4d4d4
d4d4d4
d4d4d4
d3d3d3
d1d1d1
d0d0d0
d0d0d0
d0d0d0
cfcfd0
d1cbbb
cfc9b9
cfc8b8
cfc8b8
d1c7b8
d2c6b8
d0c4b6
d0c3b3
cfc2b2
cfc2b2
cec1b1
cdc0b0
cdc0b0
cec1b1
cdc0b1
cdbeb1
cdbdb0
cdbbad
cdbaab
ccb9a9
ccb7a7
cbb6a4
cbb6a2
cdb7a3
ceb9a4
d0baa6
d0bba6
d0bba6
cfbaa6
ccbda6
cdbca6
cdbca6
cebca6
cfbba6
d0bba6
d0bba6
d1b8a6
cfb7a4
ceb6a2
cdb6a0
cdb59f
ceb79f
cfb8a0
d0b9a1
d1baa0
d1baa0
d1baa0
d1baa0
d1baa0
d1baa0
d1baa0
d0bca1
d1bda1
d2bda2
d3bda2
d4bba1
d3ba9f
d2b89f
d1b79c
d1b79c
d2b89c
d2b89c
d2b89d
d3b99d
d3b99e
d3b99e
d3b99e
d3b99e
d3b99e
d3b99e
d3b99e
d3b99e
d3b99e
d4ba9f
d3b99e
d1b79c
d0b69b
d1b79c
d3b99e
d4ba9f
d6bca1
d6bca1
d6bca1
d6bca1
d6bca1
d6bca1
d6bca1
d4bca0
d4bca0
d5bda1
d5bda1
d5bda1
d4bca0
d3bb9f
d1b99c
d0b89c
d2ba9e
d4bca0
d7bfa3
d8c0a5
d8c1a5
d9c3a8
a99d8d
3a2e24
1b0f0c
21100e
392118
805d4b
a87d63
81563b
542509
56280d
79503e
a8837a
c7998c
cd8f78
cc876c
c17e65
a5644b
8c5339
89553d
77482f
592f14
431f0c
321713
2b130f
240f0c
281411
29120d
351d13
54392d
552b1c
411507
5d2d1b
602a15
753b24
804028
9a583e
c9856d
e5a087
f9b597
fbba9c
fac0a7
fdcbbb
fed0c9
fed1c8
ffd4c2
ffcdb7
fcbfa2
f6b493
f9b590
fcb991
fdb991
fdb68c
eca77f
dd9a76
cf8e6c
bc7c5e
ab6d52
a3664c
9a5b3d
9b5c3e
945433
914f2d
914f2a
8b4821
8d4920
904a17
924913
9d5018
af5f27
be6e38
cd7f4d
dd9363
eba475
f0ae7c
f1af79
f1ae77
efab73
efaa74
f1a978
f3aa7c
e89e75
d5916d
d7987b
c78a6f
965434
8d431a
b06030
c66f32
dc7a39
e0702a
d75f16
d46018
c85f1d
b45618
cd8150
e9aa81
e6b28d
e4bc9d
d8ba9f
ceb29c
d1b4a0
c6ad96
b9a58a
a18f73
86755b
5d5039
302413
1b1107
201612
352e33
4c4646
66615e
797671
878581
8e8d8c
8f8d90
91908f
96928f
9a9590
9d968e
a19691
a69998
ac9d9e
b2a3a9
b6a7b0
b9aab1
baacaf
bbaeae
beb1b0
c4b6b3
c6bab4
c7bdb1
ccc3b6
d3ccbf
d8d0c6
dad3c9
d8d3ca
d7d3ca
d6d2c7
d6d2c7
d6d2c9
d6d2ca
d6d1cb
d6d1cc
d6d1cd
d7d1ce
d8d1ce
d8d1ce
d8d1ce
d9d2cf
d9d2cf
dad3d0
dad4d1
dad5d2
d9d4d1
d7d2cf
d7d2cf
d6d1ce
d7d2cf
d7d2cf
d8d3cf
d8d3cf
d8d3d0
d9d4d1
d9d4d1
dad5d1
dad5d1
dad6d5
dad6d5
dad6d5
dad6d5
dad6d5
dad6d5
dad6d5
dbd6d6
dcd6d6
dcd6d6
dcd6d6
dcd6d6
dcd6d6
dcd6d6
dcd7d6
dcd8d6
dbd7d5
d8d5d4
d6d4d5
d5d4d6
d4d4d7
d4d4d7
d6d6d8
d6d6d8
d7d7d9
d8d8da
d8d8da
d6d6d8
d6d6d8
d6d6d8
d6d6d8
d6d6d8
d6d6d8
d6d6d8
d6d6d8
d6d6d8
d6d6d8
d6d6d8
d6d6d8
d6d6d8
d6d6d8
d6d6d8
d6d6d8
d6d6d8
d6d6d8
d5d5d7
d3d3d5
d1d1d3
d1d1d3
d1d1d3
d1d1d3
d0caba
cfc9b9
cec7b7
cec6b6
d0c6b7
cfc3b5
cdc1b3
cdc1b1
cec1b1
ccbfaf
cbbeae
cbbeae
ccbfaf
ccbfaf
cabeaf
c9bbae
cabcae
ccbbad
cab9ab
c9b7a6
c7b4a3
c6b3a1
c9b4a1
cab5a2
ccb7a4
ceb9a6
d0bba8
d0bba8
d0bba8
cabba6
cbbba6
cabba6
ccbaa6
ccbaa6
cdbaa6
ceb9a6
d1bba9
d2baaa
cfb9a7
ceb8a5
cdb8a2
ceb8a2
d0baa2
d0bba2
d0baa1
d0baa1
d0baa1
d0baa1
d0baa1
d0baa1
d0baa1
cfbba2
cfbba1
d1bba2
d2bba2
d2baa1
d1b8a0
d1b79f
ceb49c
ceb49b
d0b59c
d0b69c
d1b79d
d1b79d
d2b89e
d2b89e
d2b89d
d2b89d
d2b89d
d2b89d
d1b79c
d1b79c
d1b79c
d2b89d
d1b79c
d0b69b
d0b69b
d0b69b
d1b79c
d2b89d
d5bba0
d5bba0
d5bba0
d5bba0
d5bba0
d5bba0
d5bba0
d3bb9f
d4bca0
d4bca0
d4bca0
d3bb9f
d2ba9e
d1b99d
cfb79d
cfb79c
d1b99d
d4bc9f
d7c0a2
d8c1a1
d9c2a2
dac5a6
beb2a1
5b5044
170b06
271613
30180f
795542
a5795e
83553a
6d381a
874e2f
a9755d
c59685
d29b87
d59074
c37e61
ad6d53
a0654d
7a4735
5d3122
49261b
43241c
2e1410
2f1e20
312326
1a0d13
2c1d21
281412
391d16
8e6c61
845a4a
461909
4b1a08
57220d
763e26
995f44
c4866a
e7a68d
eead93
f1b397
f7ba9f
fdc4ad
ffcbbb
ffcbc2
ffcfc4
ffcfbf
ffc7b1
ffbfa5
fdbd9c
fdbc99
fcb996
fab693
feb690
fdb490
ffba98
ffc09f
fdc09f
f9bd9c
f6be9d
f2b292
e9aa89
d29371
c38460
c0805b
b97953
bb7c54
ca845a
cf885a
d78c5c
df9361
e59a68
e8a170
eaa679
ecad7f
eeb281
f1b380
f1b27d
efae79
eea978
eea778
eda57b
e29e73
da9671
d89577
d18f74
b26f50
7c3711
843f14
b3622d
d6793f
e97e3e
f7843f
e77732
c96424
be6226
cc8352
e3a67c
e4b28b
e6c0a1
ddc1a6
d3baa3
d2b7a2
c7ae98
bda98f
a59279
8d7c64
665943
372b1d
20160f
281e1b
4b4045
675e5e
847b78
938d87
9f9a95
a7a1a0
a6a2a3
a7a3a2
a8a4a1
aca7a2
afa9a3
b3aaa6
b5abab
b6aab0
bbafb8
bbaeb6
b6a9af
b6aaab
b7acaa
b8ada8
beb4ac
c5bbb1
ccc2b6
d0c7ba
d7cec2
dad2c8
dbd4ca
d8d4cb
d7d3ca
d7d3c8
d7d3c8
d7d3ca
d8d4cc
d8d3cd
d8d3ce
d8d3cf
d9d5d0
d9d5d1
dad5d1
dad6d2
dbd6d2
dbd7d2
dbd7d3
dcd8d5
dfdad7
ddd8d5
dbd6d3
d9d4d1
d9d4d1
d9d4d1
d9d4d1
dad4d3
dad4d3
dad4d3
dbd5d4
dbd5d4
dcd6d5
dcd6d5
dbd7d7
dbd7d7
dbd7d7
dbd7d7
dbd7d7
dbd7d7
dbd7d7
dad8d8
dad8d8
dad8d8
dad8d8
dad8d8
dad8d8
dad8d8
dbd8d9
ddd9d8
dbd7d7
d8d6d8
d6d6d8
d5d6d9
d5d6da
d5d6da
d7d6da
d7d6da
d8d7db
d8d7db
d8d7db
d7d6da
d7d6da
d7d6da
d7d6da
d7d6da
d7d6da
d7d6da
d7d6da
d7d6da
d7d6da
d7d6da
d7d6da
d7d6da
d7d6da
d7d6da
d7d6da
d7d6da
d7d6da
d5d4d8
d3d2d6
d2d1d5
d2d1d5
d2d1d5
d2d1d5
d3cdbd
d1cbbb
d0c9b9
d0c9b9
d2c7b9
d1c5b7
cec3b5
cfc3b3
cfc2b2
cec1b1
cdc0b0
cdc0b0
cdc0b0
cec1b1
cbbfae
c8bdac
cabeac
ccbeab
cbbca8
c8b8a3
c5b5a0
c4b39f
cab6a5
cbb8a7
cdbaa9
d0bcab
d2bead
d2bfae
d3bfae
cdbfad
cebfad
cebfad
cfbfad
cfbead
d0bdad
d0bdad
d4bfaf
d4bfaf
d3bdad
d1bba9
d0bba7
d1bba6
d2bda6
d2bea6
d1bda5
d1bda5
d1bda5
d1bda5
d1bda5
d1bda5
d1bda5
d1bda5
d1bda5
d3bda5
d4bda5
d5bca5
d4baa3
d3b9a3
d0b69f
d0b69e
d1b79f
d2b8a0
d3b9a0
d3b9a1
d4baa2
d5bba0
d5bba0
d5bba0
d4ba9f
d4ba9f
d3b99e
d3b99e
d3b99e
d5bba0
d5bba0
d4ba9f
d4ba9f
d4ba9f
d5bba0
d5bba0
d7bda2
d7bda2
d7bda2
d7bda2
d7bda2
d7bda2
d7bda2
d6bea2
d7bfa3
d7bfa3
d6bea2
d5bda1
d4bca0
d3bb9f
d1b99e
d0b89f
d2ba9f
d5bd9f
d7c0a0
d9c2a0
d9c39f
d7c3a1
cec2ae
82776a
0f0600
2d1c17
270f04
75513c
a87e61
986149
8d4f31
ae6c4a
c3876b
c9957e
ca9279
d08c6a
bd8060
8f583f
83503b
5d3225
44201b
5a3d40
846d77
5a454b
382423
413235
23161d
231216
2b110e
3d160a
6c3e2d
6c3e2e
5c2d1b
703f2a
7f4a32
935b40
cc9274
ecb091
f7b89b
edb092
ebb193
f7bfa3
fdc4ab
fac0ad
fdc4b5
ffc8b8
fcc4b0
fbbfa7
ffbfa1
ffc19f
ffc09d
febd9a
febb98
fdb793
fbb28f
fdb291
ffb695
fcb996
fabe98
fbc59d
ffc8aa
fdc6a8
fec8aa
fec7a7
fcc4a3
fac3a1
f6c09d
fcbfa4
ffc0a2
ffbb98
fcb88f
fab88d
f8bc8f
f4bc90
f1bb8f
f3bb8b
f5bc8b
f6b986
f3b582
f1ad7e
f1a97e
eda77d
dd9f77
df9e7d
ce8b71
cc886f
c38266
7a3c1a
632802
974c1b
b05c26
d46f33
ff9e5d
f49352
d47336
d17a43
d89361
e3ac7e
e0b38a
e2c19f
dec8a9
d7c2aa
d6c0a9
ccb69f
c2ae96
aa977f
95856d
6e614c
3b2e22
221610
2a1e1d
4e4044
6e6161
887c79
938982
9e9691
a8a09f
a9a2a4
aaa6a2
a9a69e
a9a59b
aaa69c
ada8a2
b1a9a8
b1a9ae
b3a9b0
b1a6ab
afa4a5
b2a9a6
b4aba4
b6aea1
bfb8a6
cac2b1
d1c7bc
d5ccbf
dad2c6
dcd5cb
dcd5cb
d9d4cb
d6d2c9
d7d3c8
d8d4c9
d8d4cb
d8d4cc
d9d4ce
dad5d0
dad5d1
d9d6d1
d9d6d1
d9d6d1
dad7d2
dad7d2
dad7d2
dbd8d3
ddd9d5
dfdad7
ddd8d5
dbd6d3
d9d4d1
d9d4d1
d8d3d0
d8d3d1
dbd5d5
dbd5d5
dbd5d5
dcd6d6
dcd6d6
ddd7d7
ddd7d7
dbd7d8
dbd7d8
dbd7d8
dbd7d8
dbd7d8
dbd7d8
dbd7d8
dbd8d9
dbd9da
dbd9da
dbd9da
dbd9da
dbd9da
dbd9da
dbd9da
dbd9da
dad7d9
d8d7d9
d6d5da
d5d6da
d3d6db
d3d6db
d6d5da
d7d6db
d8d7dc
d8d7dc
d8d7dc
d7d6db
d6d5da
d6d5da
d6d5da
d6d5da
d6d5da
d6d5da
d6d5da
d6d5da
d6d5da
d6d5da
d6d5da
d6d5da
d6d5da
d6d5da
d6d5da
d6d5da
d6d5db
d5d4d9
d3d2d7
d2d1d6
d2d1d6
d2d1d7
d2d1d7
d6d0c1
d5cfc1
d6cec0
d5ccbf
d6cbbe
d5c9bd
d4c7bb
d4c7b7
d3c6b6
d2c5b5
d1c4b4
d0c3b3
d0c3b2
d1c4b3
cfc1b1
cdbfaf
cfc1b1
d0c1b0
cebfac
cbbca8
c9baa4
c9b9a3
ccbaa8
cebcaa
d0beac
d2c0ae
d4c2b0
d4c2b1
d4c2b1
d3c3ad
d3c3ac
d4c3ac
d3c3ac
d4c2ac
d4c2ac
d4c2ac
d5c2ac
d5c3ac
d5c2ac
d3c1aa
d3c1a9
d3c1a9
d3c1a9
d3c0a8
d3bfa7
d3bfa7
d3bfa7
d3bfa7
d3bfa7
d3bfa7
d3bfa7
d4c1a8
d3c1a8
d3c0a7
d6c0a8
d7bfa8
d5bda6
d4bba4
d3b8a0
d2b89f
d2b8a0
d4baa2
d7bda5
d8bea6
d8bea6
d8bea5
d8bea4
d8bea4
d8bea4
d7bda4
d7bda4
d7bda3
d7bda4
d9bfa4
d9bfa4
d9bfa4
d9bfa4
d9bfa4
d9bfa4
d9bfa4
d9bfa4
d9bfa4
d9bfa4
dac0a5
dac0a5
dac0a5
dac0a5
dac2a6
d9c1a5
d9c1a5
d9c1a5
d9c1a5
d7bfa3
d5bda1
d3bc9f
d1bc9f
d3bca0
d5bea0
d9c2a2
dec4a5
dfc5a5
dbc6a4
cfc6ae
9d9082
291b16
1c0f0a
210c02
714a38
b27962
a26c46
ac6a45
c27957
cb8767
cc9272
c9936f
c58660
a46d49
6d4022
44200b
280b04
2c1515
523c40
7e686f
664f54
331c1c
3d1f1a
421d11
562816
6f3b24
784228
7a4327
8e5439
763c1f
834628
b37454
dc9d7d
f7b694
f4b18f
efaf8d
eead8d
f6b194
febba0
febea5
fcc0a6
fdc6ab
fcc8ad
fcc6aa
fcc3a6
fbbea0
fcbc9b
febd99
febe98
fdbd98
fdbb9a
febc98
ffbe97
ffbf96
febe96
fac199
f8c59e
f8c2a4
fbc6a7
fdcaae
fccbaf
fbccb1
fdcfb5
faceb4
fccab6
ffc9b6
fdc6b1
fac5ab
f9c5a5
fac5a1
f9c49d
f6c397
f6c393
f7c292
f7be8e
f4b98a
f4b387
f3b086
f2ae85
e5a480
e59f80
d28970
cc8570
c88a72
814d31
552709
a1623f
ae653c
b96330
f2975d
fda469
e98d56
eb9663
efa57d
e4aa87
ddb693
dcc3a2
dac5a8
dcc5ab
d8c4aa
cdbca0
c3b398
ad9e84
968971
706653
3c3627
1e180e
1c170f
383432
53504c
706d68
837e78
908a84
98918c
9c958f
9d958e
9b938a
978f88
958d88
988f8e
9d9297
a1979e
a4989f
a4989d
a69c9b
aca39c
b4aaa0
bbb2a5
c4bbad
cec4b8
d7cdc3
d9cfc5
dcd3c9
ddd4cb
dcd3ca
dad2c9
d9d1c8
d9d4cc
d9d4cc
d9d4cd
dad5ce
dad5cf
dbd6d0
dbd6d1
dad7d2
dad7d2
dad7d2
dad7d2
dad7d2
dbd8d3
dbd8d3
dcd8d5
ddd8d7
dbd6d5
d9d5d3
d8d4d2
d7d3d1
d8d3d2
d8d3d2
dbd5d5
dbd5d5
dbd5d5
dcd6d6
ddd7d7
ddd7d7
ddd7d7
ded7d6
ded6d7
dcd7d7
dcd7d9
dbd8d9
dad8da
dad8db
dad9db
dadadb
dadadb
dbdadc
dbdadc
dadadb
dadadb
dadadb
dbdada
d9d9d9
d8d8da
d6d7d9
d5d5da
d6d6db
d6d6dc
d5d6db
d6d7dc
d6d7dc
d7d8dd
d6d7dc
d6d7dc
d5d6db
d6d6dc
d6d6dc
d6d6dc
d6d6dc
d6d6dc
d6d6dc
d6d6dc
d5d6db
d5d6db
d5d6db
d5d6db
d5d6db
d5d6db
d5d6db
d5d6db
d5d6da
d4d4d9
d2d2d7
d1d1d6
d0d0d5
d0d0d5
d0d0d5
d6d0c2
d6d0c2
d7cfc2
d6cdc1
d7ccc0
d6cabe
d4c8bc
d5c8b9
d4c7b7
d3c6b6
d2c5b5
d1c4b4
d0c3b3
d1c4b4
d0c1b2
cfbfb0
d1c1b3
d1c1b2
cebfad
ccbdaa
cabba6
cabba6
ccbba9
cebdab
d0bfad
d2c1af
d4c3b1
d4c3b1
d4c3b1
d4c2ab
d4c2aa
d4c2aa
d4c2aa
d4c2aa
d4c2aa
d4c2aa
d5c3aa
d5c4aa
d4c3a9
d4c3a9
d4c3a9
d3c2a8
d3c2a8
d3c1a8
d4c0a7
d4c0a7
d4c0a7
d4c0a7
d4c0a7
d4c0a7
d4c0a7
d2c1a7
d2c1a7
d2c0a6
d5c0a8
d6c0a8
d4bda5
d2baa2
d2b89f
d1b79e
d1b79e
d3b9a0
d7bda4
d9bfa6
d9bfa6
d8bea5
d8bea5
d8bea5
d8bea5
d8bea5
d8bea5
d8bea5
d8bea5
d9bfa4
d9bfa4
d9bfa4
d9bfa4
d9bfa4
d9bfa4
d9bfa4
d9bfa4
d9bfa4
d9bfa4
dac0a5
dac0a5
dbc1a6
dbc1a6
dac2a6
d9c1a5
d8c0a4
d9c1a5
dac2a6
d8c0a4
d5bda1
d2bc9f
d1bd9f
d3bca0
d5bea0
dac2a3
e0c5a7
e1c6a8
ddc6a5
d0c7ab
c4b3a2
5a4a42
1a0d07
1f0d02
724b39
b47764
ad734a
be7753
cb7b5b
cc8161
cb8c67
c48963
b57550
8b4e2c
642f12
431905
37160c
422722
563935
674740
7b5852
8b6760
8c5e50
965d44
a06040
a36341
9d6241
965d3e
8e4e2d
9e5d3c
c58261
edad8b
ffbf9c
fbb793
f4ae8a
ebaa86
f1ad8c
fcb294
ffb69c
ffbba2
ffc2a6
fcc8a8
fdcfb1
ffd3b9
ffcfb8
fcc7af
fac0a7
fdc1a3
fec09c
fbbd97
fabb98
febc96
fdbb91
fab88d
f6b78d
f5ba93
f5bf99
f6bfa0
fdc6a7
fdc9aa
fbc8ac
fbcbb2
fcceb7
f9cdb5
fdcebc
fecdbd
facbbb
f7c8b6
f4c6ae
f5c3a5
f8c19f
f8c299
f7c495
f6c394
f6be92
f3b98e
f3b48a
f2b288
f1b087
e8a785
e69f81
d98e75
d18972
c98a75
88533c
51250d
9b6348
c2805e
b36639
e68e58
ffa36c
ea9360
f3a171
faad8b
e6a98d
ddb99a
dbc6a7
d9c4a9
dec5ab
d8c4a8
cfbfa1
cabb9e
b5a78b
9c9078
776e5b
494432
292417
201d10
2a2920
3c3b32
56524a
676257
6f675d
72695e
756b5f
72685b
72685c
736960
786d68
7f7373
897c7f
8f8288
9a8e95
a4989d
a89d9c
b0a69e
bab1a6
c4bab0
cbc1b9
d2c8bf
dad0c8
dad0c8
dcd2ca
ddd3ca
dcd2c9
dbd1c9
dbd1c9
d9d4ce
d9d4ce
dad5cf
dad5cf
dad5cf
dbd6d0
dbd6d0
dbd8d2
dbd8d3
dbd8d3
dbd8d3
dbd8d3
dbd8d3
dbd8d3
dcd8d5
dcd8d7
dad6d5
d9d5d4
d8d4d3
d7d3d2
d8d4d3
d8d4d3
dbd5d5
dbd5d5
dbd5d5
dcd6d6
ddd7d7
ddd7d7
ddd7d7
dfd7d5
dfd6d7
ddd7d7
ddd7d9
dbd8da
dad8db
dad8dc
d9d9dc
dadadc
dadadc
dbdbdd
dbdbdd
dadadc
dadadc
dadadb
dbdbdb
d9d9d9
d8d8da
d7d7d9
d6d5da
d7d6db
d7d6dc
d5d6db
d6d7dc
d6d7dc
d7d8dd
d6d7dc
d6d7dc
d5d6db
d6d7dc
d6d7dc
d6d7dc
d6d7dc
d6d7dc
d6d7dc
d6d7dc
d5d6db
d5d6db
d5d6db
d5d6db
d5d6db
d5d6db
d5d6db
d5d6db
d5d6da
d4d5d9
d2d3d7
d0d1d5
cfd0d4
cfd0d4
cfd0d4
d6d0c3
d6d0c3
d7cfc3
d6cdc2
d7cbc1
d6c9bf
d4c7bd
d5c7ba
d4c6b8
d3c5b7
d2c4b6
d1c3b5
d0c2b4
d1c3b5
d0c1b3
cfbfb0
d1c1b3
d1c1b2
cebfad
ccbdaa
cabba6
cabba6
cbbaa8
cdbcaa
cfbeac
d1c0ae
d3c2b0
d3c2b0
d4c3b1
d3c1aa
d3c1a9
d3c1a9
d3c1a9
d3c1a9
d3c1a9
d3c1a9
d3c2a8
d3c2a8
d3c2a8
d3c2a8
d2c1a7
d2c1a7
d2c1a7
d2c0a6
d3bfa6
d3bfa6
d3bfa6
d3bfa6
d3bfa6
d3bfa6
d3bfa6
d2c1a7
d1c0a6
d2c0a6
d4bfa7
d5bfa7
d3bca4
d1b9a1
d1b79e
d0b69d
d0b69d
d3b9a0
d7bda4
d8bea5
d8bea5
d7bda4
d7bda4
d7bda4
d7bda4
d7bda4
d7bda4
d7bda4
d7bda4
d8bea3
d8bea3
d8bea3
d8bea3
d8bea3
d8bea3
d8bea3
d8bea3
d8bea3
d9bfa4
d9bfa4
d9bfa4
dac0a5
dac0a5
dac2a6
d9c1a5
d8c0a4
d9c1a5
dac2a6
d8c0a4
d5bda1
d2bb9f
d1bc9f
d3bca0
d6bfa1
dbc3a4
dfc4a6
dfc4a6
dcc3a3
d4c5a8
cfb9a6
6e584c
201106
1c0b00
6a4836
a97561
b37252
be6f52
c87155
c97859
c7825e
bb7a55
aa6140
8b4026
763019
6e2f1d
763f30
885648
9a6858
a6735e
b5816c
ca9380
cc9078
c7876a
b77555
a46443
965b3d
90583a
ac6c4d
db9b7c
fdc2a3
ffc5a4
f9b795
f4af8c
f5af8d
efad8a
f3ae8d
f9b090
fdb497
fdba9e
fcc2a8
fbc9af
fdd4bf
ffddcc
ffdccd
ffd4c5
fac9b9
fac4ad
f8bfa0
f7ba97
fab891
f9b68f
f3b087
edaa7f
ecac83
f0b289
f4b78f
fabc9a
ffc2a0
ffc5a5
fec4a6
fec6ac
ffcab1
fecbb1
fbc8b5
fac8b6
f9c9b9
f7c8b6
f6c6b0
f6c2a8
f6bfa0
f7c09a
f8c296
f5c094
f4bc91
f3b88e
f3b58c
f1b38a
eeb088
e5aa88
e4a383
d99377
d48b74
cc8975
945847
582313
88543a
d19471
af663a
df8e59
fda973
ec9a67
f2a676
f9ae8c
e9ad8f
debb9a
dec8a9
dbc6ab
dfc6ac
dac6aa
d2c2a3
cdbea1
bfb095
ad9f86
928771
716754
5c5240
544c3d
574c3e
605648
6c6152
726757
746757
746755
756754
766d58
79705c
7e7666
887e72
91877f
9a8f8b
9f9491
a69c9e
ada3a5
b3aaa6
bcb4aa
c6beb3
cec5bc
d4cbc3
d7cec7
d9d0c9
dad1ca
dbd2cb
dbd2cb
dcd3cc
dcd3cc
dbd2cb
dad5cf
dad5cf
dad5cf
dbd6d0
dbd6d0
dcd7d1
dcd7d1
dbd8d3
dbd8d3
dbd8d3
dbd8d3
dbd8d3
dbd8d3
dbd8d3
dcd8d5
dcd8d7
dad6d5
d9d5d4
d8d4d3
d7d3d2
d8d4d3
d8d4d3
dbd5d5
dbd5d5
dbd5d5
dcd6d6
ddd7d7
ddd7d7
ddd7d7
dfd7d5
dfd6d7
ddd7d7
ddd7d9
dbd8da
dad8db
dad8dc
d9d9dc
dadadc
dadadc
dbdbdd
dbdbdd
dadadc
dadadc
dadadb
dbdbdb
d9d9d9
d8d8da
d7d7d9
d6d5da
d7d6db
d7d6dc
d5d6db
d6d7dc
d6d7dc
d7d8dd
d6d7dc
d6d7dc
d5d6db
d6d7dc
d6d7dc
d6d7dc
d6d7dc
d6d7dc
d6d7dc
d6d7dc
d5d6db
d5d6db
d5d6db
d5d6db
d5d6db
d5d6db
d5d6db
d5d6db
d6d7db
d4d5d9
d2d3d7
d1d2d6
d0d1d5
cfd0d4
cfd0d4
d6cfc5
d6cfc5
d7cec5
d6cdc4
d7cbc3
d6c9c1
d4c7c0
d5c7bc
d4c6ba
d3c5b9
d2c4b8
d1c3b7
d0c2b6
d1c3b7
d0c1b3
cfbfb0
d1c1b3
d1c1b2
cebfad
ccbdaa
cabba6
cabba6
cbbaa8
cdbcaa
cfbeac
d1c0ae
d2c1af
d3c2b0
d3c2b0
d3c1aa
d3c1a9
d3c1a9
d3c1a9
d3c1a9
d3c1a9
d3c1a9
d3c2a8
d2c1a7
d2c1a7
d2c1a7
d1c0a6
d1c0a6
d1c0a6
d2c0a6
d3bfa6
d3bfa6
d3bfa6
d3bfa6
d3bfa6
d3bfa6
d3bfa6
d1c0a6
d1c0a6
d1bfa5
d4bfa7
d5bfa7
d3bca4
d1b9a1
d1b79e
d0b69d
d0b69d
d2b89f
d6bca3
d8bea5
d8bea5
d7bda4
d7bda4
d7bda4
d7bda4
d7bda4
d7bda4
d7bda4
d7bda4
d8bea3
d8bea3
d8bea3
d8bea3
d8bea3
d8bea3
d8bea3
d8bea3
d8bea3
d8bea3
d9bfa4
d9bfa4
dac0a5
dac0a5
dac2a6
d9c1a5
d8c0a4
d9c1a5
dac2a6
d8c0a4
d5bda1
d2bb9f
d1bc9f
d3bca0
d6bfa1
dbc3a4
dec3a5
dec3a5
dcc2a1
d1b397
a8846f
5e3c2d
2b1203
261100
634430
a37561
b56f59
bd6b55
c66950
c77152
c07753
b46e4a
a5583a
9f4c36
9b4935
9b4d39
a45b47
b06c55
b8765b
bf7c60
c38162
c27d60
b77254
a76242
9d5a3a
a56445
bc7e61
d19579
f2b498
ffc0a4
fdbfa2
f4b193
f1ad8d
f4af8e
f3ad8c
eeab8b
f0a989
f3aa8a
f4ac8c
f4b497
f7c1a8
facdb8
fbd5c5
feddd2
ffe0d9
fdd9d4
f6cdc4
f6c5b3
f6bea3
f7b996
fab48a
f4b087
e8a57c
e19d76
e29d75
e19b72
dc956c
e6a07b
f1ab87
f9b493
fdba9a
ffbfa2
ffc4a7
ffc3a6
fbc2a9
fbc3ae
fac5b0
fac6b2
fac5ae
fac2a7
fabfa1
fabe9b
f9bf96
f5bb93
f3b991
f4b991
f2b78f
f1b38c
edaf89
e7ab8b
e5a584
db9777
d68e75
ca8674
9e6155
59211b
6f4128
c69170
ac693e
de925f
ffb580
f0a573
e6a374
f4ac8b
eaad8f
ddb999
dfc9aa
ddc8ad
dfc6ac
ddc9ad
d4c4a5
cebea0
c9b99d
c1b196
b4a58b
a4957e
9c8d77
9a8b75
9d8b7b
a08f7d
a2917e
a3937e
a2947e
a3947d
a4957c
a39b81
a69e87
aba38e
b2a998
b8aea3
bcb1a9
beb3ad
bfb5b3
c0b8b6
c4bcb6
c9c2b8
cfc9bd
d3ccc3
d6cfc8
d8d1cb
dad3cc
d9d2cc
dad3cc
dad3cd
dbd4ce
dbd4ce
dcd5cf
dad5cf
dad5cf
dbd6d0
dbd6d0
dbd6d0
dcd7d1
dcd7d1
dbd8d3
dbd8d3
dbd8d3
dbd8d3
dbd8d3
dbd8d3
dbd8d3
dcd8d5
dcd8d7
dad6d5
d9d5d4
d8d4d3
d7d3d2
d8d4d3
d8d4d3
dbd5d5
dbd5d5
dbd5d5
dcd6d6
ddd7d7
ddd7d7
ddd7d7
dfd7d5
dfd6d7
ddd7d7
ddd7d9
dbd8da
dad8db
dad8dc
d9d9dc
dadadc
dadadc
dbdbdd
dbdbdd
dadadc
dadadc
dadadb
dbdbdb
d9d9d9
d8d8da
d7d7d9
d6d5da
d7d6db
d7d6dc
d5d6db
d6d7dc
d6d7dc
d7d8dd
d6d7dc
d6d7dc
d5d6db
d6d7dc
d6d7dc
d6d7dc
d6d7dc
d6d7dc
d6d7dc
d6d7dc
d5d6db
d5d6db
d5d6db
d5d6db
d5d6db
d5d6db
d5d6db
d5d6db
d6d7db
d5d6da
d3d4d8
d1d2d6
d0d1d5
d0d1d5
d0d1d5
d6cfc6
d6cfc6
d7cec6
d6ccc5
d7cbc4
d6c9c2
d4c7c1
d5c7bd
d4c6bb
d3c5ba
d2c4b9
d1c3b8
d0c2b7
d1c3b9
d0c1b4
cfbfaf
d1c1b3
d1c1b2
cebfad
ccbdaa
cabba6
cabba6
cab9a7
ccbba9
cebdab
d0bfad
d2c1af
d3c2b0
d3c2b0
d2c0a9
d2c0a8
d2c0a8
d2c0a8
d2c0a8
d2c0a8
d2c0a8
d1c0a7
d1c0a6
d1c0a6
d0bfa5
d0bfa5
d0bfa5
cfbea4
d0bea4
d2bea5
d2bea5
d2bea5
d2bea5
d2bea5
d2bea5
d2bea5
d1c0a6
d0bfa5
d1bfa5
d3bea6
d4bea6
d2bba3
d0b8a0
d0b69d
d0b59c
cfb59c
d2b89f
d6bca3
d7bda4
d7bda4
d6bca3
d6bca3
d6bca3
d6bca3
d6bca3
d6bca3
d6bca3
d6bca3
d7bda2
d7bda2
d7bda2
d7bda2
d7bda2
d7bda2
d7bda2
d7bda2
d7bda2
d8bea3
d8bea3
d8bea3
d9bfa4
d9bfa4
dac1a6
d9c1a5
d8c0a4
d9c1a5
dac2a6
d8c0a4
d5bda1
d1bb9e
d0bc9e
d3bca0
d7c0a1
dbc3a5
dec3a5
dcc2a4
d9be9e
c1937b
96624d
6b3a2a
411b0b
2e1100
5b3825
9e7060
ba7263
c16d5d
c76b54
c26d4c
b56c46
a8633f
a05537
a14f38
a15039
a5553c
ac5e44
af6348
aa6146
a76043
a76143
a76143
ae674b
b87357
c88569
dd9c7f
f3b295
ffc1a4
ffc6ab
fdbea3
f6b498
f1ae92
f3b091
f1ad8d
e8a182
e49e81
e7a081
eda483
efaa88
f1b295
f2bea9
f3c9bb
f5d1c7
fcd9d2
fedfdc
f9d8d9
f1ccc6
f2c2b2
f8bca1
fbb793
fab284
f4af84
eaa77f
e8a37e
eba27c
dd9068
c8784d
c87b54
d78964
e59975
efa584
f9b191
feba9b
ffba9d
fcbb9d
fbbc9f
fabfa4
fbc0a6
fdbfa5
fdbea0
ffbb9b
fdbc9a
f9be98
f4b894
f2b692
f4b993
f3b893
efb48f
eaaf8b
e9a98b
e8a383
de9576
d69074
c58470
a26960
542220
532b13
aa7a5a
ba7c52
e9a471
ffbd88
f1ac7b
dda073
f0aa89
e7aa8c
d9b595
dec9aa
dec9ae
e0c7ad
dfcbaf
d9c9aa
d5c4a6
d4c3a5
cfbda1
c8b59a
c2af95
c1ad94
c0ac94
beab9a
beab9a
bcac99
bdae99
beb29a
bfb49a
c0b69b
c0b89f
c2baa2
c5bea9
cbc1b1
cfc5b9
d1c6be
d3c7c2
d1c8c5
cfc9c4
cfc9c0
d0cbbf
d2ccc2
d3cec5
d5cfcb
d7d0cd
d9d4cf
d9d4cf
d8d2cd
d9d3ce
dad4cf
dbd5d0
dcd6d1
dbd6d0
dbd6d0
dbd6d0
dbd7d1
dcd7d1
ddd8d2
ddd8d2
dbd8d3
dbd8d3
dbd8d3
dbd8d3
dbd8d3
dbd8d3
dbd8d3
dcd8d5
dcd8d7
dad6d5
d9d5d4
d8d4d3
d7d3d2
d8d4d3
d8d4d3
dbd5d5
dbd5d5
dbd5d5
dcd6d6
ddd7d7
ddd7d7
ddd7d7
dfd7d5
dfd6d7
ddd7d7
ddd7d9
dbd8da
dad8db
dad8dc
d9d9dc
dadadc
dadadc
dbdbdd
dbdbdd
dadadc
dadadc
dadadb
dbdbdb
d9d9d9
d8d8da
d7d7d9
d6d5da
d7d6db
d7d6dc
d5d6db
d6d7dc
d6d7dc
d7d8dd
d6d7dc
d6d7dc
d5d6db
d6d7dc
d6d7dc
d6d7dc
d6d7dc
d6d7dc
d6d7dc
d6d7dc
d5d6db
d5d6db
d5d6db
d5d6db
d5d6db
d5d6db
d5d6db
d6d7db
d7d8dc
d5d6da
d3d4d8
d2d3d7
d1d2d6
d1d2d6
d1d2d6
d6cfc7
d6cfc7
d7cec7
d6ccc6
d7cbc5
d5c9c3
d4c7c1
d5c7be
d4c6bc
d3c5bb
d2c4ba
d1c3b9
d0c2b8
d0c3ba
d0c1b5
cfbfb0
d1c1b3
d1c1b2
cebfad
ccbdaa
cabba6
cabba6
cab9a7
cbbaa8
cebdab
d0bfad
d2c1af
d2c1af
d1c0ae
d2c0aa
d2c0a9
d2c0a9
d2c0a9
d2c0a8
d2c0a8
d2c0a8
d1c0a7
d1c0a6
d0bfa5
d0bfa5
d0bfa5
cfbea4
cfbea4
d0bea4
d2bea5
d2bea5
d2bea5
d2bea5
d2bea5
d2bea5
d2bea5
d1c0a6
d0bfa5
d0bea4
d3bea6
d4bea6
d2bba3
d0b8a0
d0b69d
cfb59c
cfb59c
d2b89f
d6bca3
d7bda4
d7bda4
d6bca3
d6bca3
d6bca3
d6bca3
d6bca3
d6bca3
d6bca3
d6bca3
d7bda2
d7bda2
d7bda2
d7bda2
d7bda2
d7bda2
d7bda2
d7bda2
d7bda2
d7bea2
d8bea3
d8bea3
d9bfa4
d9bfa4
d9c1a5
d9c1a5
d8c0a4
d9c1a5
dac2a6
d8c0a4
d5bda1
d1bb9e
d1bb9e
d3bba0
d7c0a2
dac2a4
dec3a4
dec0a1
d9b595
c78e77
b97866
a56656
6c3c2a
391403
58311d
9f6f5d
b66e60
bb6a59
bc654c
b96744
ab633b
9e5935
9d5236
9e5237
9e5037
a3543a
aa5d41
af6246
b0664b
b36c52
bc755b
cb866c
d9967c
edab91
fcbca1
ffc2a6
ffbfa1
fcbc9c
faba9f
f8b69b
f8b69a
f6b296
eca78b
de987b
d68f72
d48f73
dc9578
e99f7f
f0aa88
f3b497
f0bda9
edc3b8
f3cdc4
fedad2
ffdfdb
f8d7d6
f0c9c2
f2c0ae
f9bc9f
fcb892
fdb387
fab48a
f9b48e
fcbb96
febe98
f5a77f
d88459
b05e36
b96740
c77752
d48763
e39775
f0a686
f8af91
fab593
fbb595
fab899
fbb99b
fcb99c
feb999
ffb796
fdb996
fabc96
f4b791
f2b590
f2b891
f3b892
efb58e
eaad88
eda58a
eaa184
e09677
d68f72
c1826e
9f6a64
4f2428
3e1d05
906646
c99268
f8b685
fcbf89
edae7d
dca376
f0ac89
e4a889
d7b492
ddc9a9
decaae
e0c8ae
e1ceb1
ddceaf
dccaac
dccaac
d9c6a8
d4c1a3
d3c0a4
d3c0a4
d3c0a5
cebcaa
ccbba7
cabda7
cbbfa8
ccc3aa
cec6ac
cec7ad
d1c8b2
d2cab5
d4cbb9
d7cec0
d9cfc5
dacfc9
dbd0cc
d8d1cc
d5d0c9
d3cfc5
d2cec3
d2cdc3
d3cfc7
d5d0cc
d8d2d0
dad5d1
d9d4d0
d8d2ce
d8d3cf
d9d4d0
dbd6d2
dcd7d3
dcd6d0
dcd6d0
dcd6d0
dcd7d1
dcd7d1
ddd8d2
ddd8d2
dbd8d2
dbd8d2
dbd8d3
dbd8d3
dbd8d3
dbd8d3
dbd8d3
dcd8d5
dcd8d7
dad6d5
d9d5d4
d8d4d3
d7d3d2
d8d4d3
d8d4d3
dbd5d5
dbd5d5
dcd5d5
ddd6d6
ddd7d7
ddd7d7
ddd7d7
dfd7d5
dfd6d7
ddd7d7
ddd7d9
dbd8da
dad8db
dad8dc
d9d9dc
dadadc
dadadc
dbdbdd
dbdbdd
dadadc
dadadc
dadadb
dbdbdb
d9d9d9
d8d8da
d7d7d9
d6d5da
d7d6db
d7d6dc
d5d6db
d6d7dc
d6d7dc
d7d8dd
d6d7dc
d6d7dc
d5d6db
d6d7dc
d6d7dc
d6d7dc
d6d7dc
d6d7dc
d6d7dd
d6d7dd
d5d6db
d5d6db
d5d6db
d5d6db
d5d6db
d5d6db
d5d6db
d6d7db
d7d8dc
d5d6da
d3d4d8
d2d3d7
d1d2d6
d1d2d6
d1d2d6
d4cfc9
d4cfc9
d6cfc7
d5cdc5
d5ccc2
d3cac0
d2c8be
d4c8bc
d3c7bb
d1c6b9
d0c4b8
cfc3b7
cec2b6
cec2b6
cfc2b4
d1c1b2
d1c1b2
d0c0b1
cfc0ad
ccbdaa
cabba6
c8b9a4
c9b8a6
c9b8a6
cab9a7
cebdab
d1c0ae
d0bfad
cfbeac
d1bead
d1bead
d1bfab
d1bfab
d1bfa9
d1bfa8
d1bfa7
d0bfa6
d0bfa5
d0bfa5
d0bfa5
d0bfa5
d0bfa5
d0bfa5
d0bea5
d1bda4
d1bda4
d1bda4
d1bda4
d1bda4
d1bda4
d1bda4
d0bfa5
cfbea4
cfbda3
d2bda5
d3bda5
d1baa2
cfb79f
ceb69c
cdb59b
ceb69c
d1b99f
d5bda3
d7bfa5
d7bfa5
d6bea3
d6bea2
d6bea2
d6bea2
d6bea2
d6bea2
d6bea2
d6bea2
d5bda1
d5bda1
d5bda1
d5bda1
d5bda1
d5bda1
d5bda1
d7bfa3
d7bfa3
d7bfa3
d7bfa3
d7bfa3
d7bfa3
d7bfa3
d7bfa3
d8c0a4
d9c1a5
dac2a6
d9c1a5
d8c0a4
d6bea2
d4bb9f
d3b89f
d7bba3
d5bca4
d4c0a1
e3c7a5
e6b493
d38f6f
c3775f
af5d4a
b7695a
aa6d59
592a18
50230a
a06b51
bd7155
bc6e50
aa5839
b05f3d
ad5e3c
9d5232
9c5535
ab6145
b2664c
bc7056
c4795f
c77f63
cb8468
cf896b
d89177
eca48f
fbb69d
ffc3a9
ffc5a9
fec0a2
fdc0a1
fec2a3
ffbda0
fab698
f7b196
f1a990
dc927b
cb806b
ca7e6a
d18875
d99179
e79c80
f0a78a
f3b198
f5b9aa
f7c0b9
f5c8c2
fad0ca
fdd3ca
fccebf
fac5b2
fbc2a9
fdbfa3
fcbd9d
ffb997
fdb692
feb893
ffb992
ffbf99
ffb691
ef9874
c6724a
b25e37
b05d37
ba6a44
c67854
d08362
e39776
eda283
f5a98c
fdb194
fbb193
f9b192
fbb394
fab495
f6b390
f5b58c
f6b68d
f1b188
f0af87
f2b28a
eeaf86
e7a57d
e79e7a
e2a07f
d99577
d3896b
c27c65
8b5951
4c2c37
311f0d
6c482e
c9916e
fbbe8f
f3bd85
ecb882
e8af7f
efa986
e0a786
d5b591
ddcaa9
e0ccae
dfc9ad
decdaf
ddceaf
e0cdb0
deccaf
dccbae
daccad
daccad
d9ccad
d9ccad
d7c8ab
d6c7ab
d5c7ac
d4c8ad
d5cab0
d6ccb3
d7cdb4
dacebd
dbcfbf
ddd1c3
dcd2c7
ded4cb
ddd5ce
ded6d0
dcd5cf
dad3cd
d8d1cb
d7d0ca
d6cfc9
d7d0ca
d8d1cb
dad3cd
dcd5cf
dcd5ce
dbd4ce
dcd5ce
dcd5cf
ddd6d0
ded7d1
ded7d1
ded7d1
ded7d1
ded7d1
ded7d1
ded7d1
ded7d1
dcd8cf
dbd8cf
dbd8d1
dbd8d1
dbd8d3
dbd7d4
dbd7d4
dcd8d5
dcd8d7
dad6d5
d9d5d4
d8d4d3
d8d4d3
d8d4d3
d9d4d3
dcd3d4
ddd4d5
dfd6d7
dfd6d7
dfd6d7
dfd6d7
ded5d6
dfd7d5
dfd6d7
ded6d7
ddd7d9
dcd8da
dbd7db
dad8dc
dad9dc
dadadc
dadadc
dadadc
dadadc
dadadc
dadadc
dadadc
dbdbdb
dbdbda
d9d9db
d7d8d9
d6d5da
d5d4d9
d5d4da
d3d4d9
d4d5da
d6d7dc
d8d9de
d8d9de
d6d7dc
d5d6db
d6d7db
d6d7db
d6d7db
d6d7dc
d6d6de
d6d6df
d6d6e0
d5d6dd
d5d6db
d5d6db
d5d6db
d5d6db
d5d6db
d5d6db
d5d6db
d6d7dc
d5d6db
d3d4d9
d2d3d8
d1d2d7
d2d3d8
d2d3d8
d4cfc9
d4cfc9
d6cfc7
d5cdc5
d5ccc2
d3cac0
d2c8be
d4c8bc
d3c7bb
d2c6ba
d0c4b8
cfc3b7
cec2b6
cec2b6
cfc2b4
d1c1b2
d1c1b2
d0c0b1
cfc0ad
ccbdaa
cabba6
c8b9a4
c9b8a6
c8b7a5
cab9a7
cebdab
d1c0ae
d0bfad
cfbeac
d1bead
d1bead
d1bfab
d1bfab
d1bfa9
d1bfa8
d1bfa7
d0bfa6
d0bfa5
d0bfa5
d0bfa5
d0bfa5
d0bfa5
d0bfa5
d0bea5
d1bda4
d1bda4
d1bda4
d1bda4
d1bda4
d1bda4
d1bda4
d0bfa5
cfbea4
cfbda3
d2bda5
d3bda5
d1baa2
cfb79f
ceb69c
cdb59b
ceb69c
d1b99f
d5bda3
d7bfa5
d7bfa5
d6bea3
d6bea2
d6bea2
d6bea2
d6bea2
d6bea2
d6bea2
d6bea2
d5bda1
d5bda1
d5bda1
d5bda1
d5bda1
d5bda1
d5bda1
d7bfa3
d7bfa3
d7bfa3
d7bfa3
d7bfa3
d7bfa3
d7bfa3
d7bfa3
d8c0a4
d9c1a5
d9c1a5
d9c1a5
d8c0a4
d5bda1
d6bea2
d4baa0
d2b69e
d5bca3
d8c5a6
e2c6a4
d7a584
bb7758
b35f48
8f3523
ae5648
c87f6e
9e664e
632f14
985e44
c0755b
ba6d50
ae5f3f
a65837
aa5c3b
a3593a
ae694c
cd856a
d98f74
db9076
dd957a
e09b7e
e9a387
efad8f
f7b499
febba5
ffbea5
ffc0a6
ffbfa4
fdbe9f
fdbfa0
fdbfa1
fdb79b
f8b396
efa98e
de957d
cb8069
cc806c
e1937f
eda491
eea68f
f0a98d
f4ae92
f7b59d
f9bbac
f8bfb6
fac1b7
fdc3b7
fec3b2
fec1ad
ffc3aa
ffc6a9
ffbda0
feb796
feb696
feb391
feb38f
fbae88
feb38e
ffb591
fea683
ea956e
e08c64
ce7b54
c7734e
c1714b
be6e4a
ca7a57
dc8c6b
e89877
f0a180
f1a281
f0a583
f4a987
f4aa88
f2ac87
f0af85
f1af86
edac82
ecaa81
edab82
e9a77e
e3a077
e39a74
d99775
d69272
d38a6b
b9745c
825049
51303a
361f10
562d18
c78b6b
f7b589
f3b785
f8bf8e
f2b488
eda385
dea084
d8b495
e2cbac
e3cbb1
e0c6af
ddc7ad
dac8ad
deccb2
dccab0
dac9af
d9caaf
d8caaf
d9cbb0
d7ccb0
d9cbaf
d7cab0
d7cab1
d6cbb2
d7ccb5
d7ceb8
d8d0b9
dbcfbe
dbd0c1
dcd1c5
ddd3c9
ddd4cc
dcd6ce
ddd5d1
dad4cf
d8d3cd
d6d1cb
d5d0ca
d4cfc9
d5d0ca
d6d1cb
d8d3cd
dbd5cf
dad5cf
dad4ce
dad5cf
dbd6d0
dcd7d1
ddd7d1
dcd7d1
dcd7d1
dcd7d1
dcd7d1
dcd7d1
dcd7d1
dcd7d1
dbd8cf
dbd8cf
dbd8d1
dbd8d1
dbd8d3
dbd7d4
dbd7d4
dbd7d5
dcd8d7
dbd7d6
d9d5d4
d8d4d3
d8d4d3
d8d4d3
d8d4d3
dad4d4
dbd5d5
ddd7d7
ddd7d7
ddd7d7
ddd7d7
dcd6d6
dfd7d5
ddd7d7
ddd7d7
dcd8d9
dbd8da
dad8db
d9d8dc
dad9dc
dadadc
dadadc
dadadc
dadadc
dadadc
dadadc
dadadc
dbdbdb
dbdbda
d9d9db
d7d8d9
d6d5da
d5d4d9
d5d4da
d3d4d9
d4d5da
d6d7dc
d8d9de
d8d9de
d6d7dc
d5d6db
d6d7db
d6d7db
d6d7db
d6d7dc
d6d6de
d6d6df
d6d6e0
d5d5de
d5d5dd
d5d5dd
d5d5dd
d5d5dd
d5d5dd
d5d5dd
d5d5dd
d6d6de
d5d5dd
d3d3db
d2d2da
d1d1d9
d2d2da
d2d2da
d4cfc9
d4cfc9
d6cfc7
d5cdc5
d5ccc2
d3cac0
d2c8be
d4c9bd
d4c8bc
d2c6ba
d1c5b9
cfc3b7
cfc3b7
cec2b6
cfc2b4
d1c1b2
d1c1b2
d0c0b1
cfc0ad
ccbdaa
cabba6
c8b9a4
c8b7a5
c8b7a5
cab9a7
cdbcaa
d0bfad
d0bfad
cebdab
d0bdac
d0bdac
d0beaa
d0beaa
d0bea8
d0bea7
d0bea6
d0bfa5
d0bfa5
d0bfa5
d0bfa5
d0bfa5
d0bfa5
d0bfa5
d0bea5
d1bda4
d1bda4
d1bda4
d1bda4
d1bda4
d1bda4
d1bda4
d0bfa5
cfbea4
cfbda3
d2bda5
d3bda5
d1baa2
cfb79f
ceb69c
cdb59b
ceb69c
d1b99f
d5bda3
d7bfa5
d7bfa5
d6bea3
d6bea2
d6bea2
d6bea2
d6bea2
d6bea2
d6bea2
d6bea2
d5bda1
d5bda1
d5bda1
d5bda1
d5bda1
d5bda1
d5bda1
d6bea2
d6bea2
d6bea2
d6bea2
d6bea2
d6bea2
d6bea2
d7bfa3
d7bfa3
d8c0a4
d9c1a5
d9c1a5
d7bfa3
d6bea2
d5bda1
d3b99f
d2b69e
d7bda4
d7c3a4
ddc09e
d19f7e
ba7555
b3553b
9f3927
ba5346
c26c5c
bd7b64
793f22
925638
bf785f
b56b4f
b16548
a55a39
ae6444
b77152
cc8c6f
e19d83
eaa38a
eaa48a
eda88e
f1ae94
f8b69b
fdbda2
ffc1a6
ffbfa7
fdbca3
fdbaa0
fdbca0
fdbc9e
fbbb9d
f9b99b
f8b195
f5ad91
e89f84
d2876f
c67a63
da8d78
faaf9b
ffbda9
ffb8a3
fab29b
f6b199
f9b6a1
fcbaaa
fabcaf
fab5a8
fcb39f
feb49b
ffb195
feb292
fbb090
f5a788
e89a7d
df9272
e39776
e89e7c
e79b78
ed9c7a
f49f7e
ee9573
dc8b66
feab87
f4a27d
e08f68
c3724c
af5e38
b66540
cc7956
da8664
e2916e
e69673
ea9b77
efa17d
f0a480
efa57f
eca77d
eba57c
eaa47b
eaa47a
e7a178
e19c72
df986f
dd946e
cf8c68
d08c6b
d08866
b26d52
7b493f
54343c
3a1f15
4b1f0e
ce8f74
fab68e
efb082
f5b88b
efad86
eca085
df9f87
deb89c
e5ccb1
e2c8b3
e1c6b1
e2cab3
dccab1
dbcab3
dac9b1
d9c9b1
d7cab1
d6cab1
d7ccb2
d7ccb2
d9ccb4
d7cbb4
d7cbb5
d7ccb7
d7ceba
d8d0bc
d9d1be
dad1c2
dad1c3
dcd3c7
dcd4ca
ddd4ce
dbd5d0
dad5d1
dad5cf
d8d3cd
d6d1cb
d5d0ca
d4cfc9
d5d0ca
d6d1cb
d8d3cd
dbd6d0
dad6cf
dad5cf
dad6cf
dbd6d0
dcd7d1
ddd8d2
dcd7d1
dcd7d1
dcd7d1
dcd7d1
dcd7d1
dcd7d1
dcd7d1
dbd8cf
dbd8cf
dbd8d1
dbd8d1
dbd8d3
dbd7d4
dbd7d4
dcd8d6
ddd9d8
dbd7d6
d9d5d4
d9d5d4
d8d4d3
d8d4d3
d9d5d4
dad4d4
dbd5d5
ddd7d7
ddd7d7
ddd7d7
ddd7d7
dcd6d6
ddd8d5
ddd7d7
dcd8d7
dbd8d9
dad8da
d9d9db
d9d8dc
dad9dc
dadadc
dadadc
dadadc
dadadc
dadadc
dadadc
dadadc
dbdbdb
dbdbda
d9d9db
d7d8d9
d6d5da
d5d4d9
d5d4da
d3d4d9
d4d5da
d6d7dc
d8d9de
d8d9de
d6d7dc
d5d6db
d6d7db
d6d7db
d6d7db
d6d7dc
d6d6de
d6d6df
d6d6e0
d4d6de
d3d6de
d3d6de
d3d6de
d3d6de
d3d6de
d3d6de
d3d6de
d4d7df
d3d6de
d1d4dc
d0d3db
cfd2da
d0d3db
d0d3db
d4cfc9
d4cfc9
d6cfc7
d5cdc5
d5ccc2
d3cac0
d2c8be
d5cabe
d5c9bd
d3c7bb
d1c5b9
d0c4b8
cfc3b7
cfc3b7
d0c2b5
d1c1b2
d1c1b2
d0c0b1
cfc0ad
ccbdaa
cabba6
c8b9a4
c8b7a5
c7b6a4
c9b8a6
cdbcaa
cfbeac
cfbeac
cebdab
cfbcab
cfbcab
cfbda9
cfbda9
cfbda7
cfbda6
cfbda5
d0bea5
d0bfa5
d0bfa5
d0bfa5
d0bfa5
d0bfa5
d0bfa5
d0bea5
d1bda4
d1bda4
d1bda4
d1bda4
d1bda4
d1bda4
d1bda4
d0bfa5
cfbea4
cfbda3
d2bda5
d3bda5
d1baa2
cfb79f
ceb69c
cdb59b
ceb69c
d1b99f
d5bda3
d7bfa5
d7bfa5
d6bea3
d6bea2
d6bea2
d6bea2
d6bea2
d6bea2
d6bea2
d6bea2
d5bda1
d5bda1
d5bda1
d5bda1
d5bda1
d5bda1
d5bda1
d5bda1
d5bda1
d5bda1
d5bda1
d5bda1
d5bda1
d5bda1
d6bea2
d7bfa3
d8c0a4
d8c0a4
d8c0a4
d6bea2
d5bda1
d3bb9f
d1b79d
d4b8a0
d8bfa6
d3bfa0
d7ba98
d6a483
c98364
b35136
a33521
ca5d4e
cc6e5d
bb745b
7c4021
864b29
bb775d
b26c52
b56d4f
b36a49
ba7454
cf8d6f
e2a488
e7a58b
eaa68c
ecaa90
f3b197
f8b79d
f9bca0
fabca1
f9bba1
fabba1
fabaa0
fcbba1
ffbea2
ffbca0
fcb99c
f9b699
f0a78c
e9a084
db9076
cc8069
cd7f69
e69682
fdb3a0
fcb39f
f6ac97
eda691
e5a28d
e5a28f
e9a594
eda899
eea290
f0a087
f6a283
f7a07d
f59e7a
ec9a79
dc9072
cf896d
cb896d
c78568
ca8b6b
ca8969
ce896a
d4896a
cc7f60
d58c6c
ffb797
eca180
e39776
d38663
b96b48
ac5e3a
b96948
c87857
d38362
d88968
dc906e
e29875
e79c7a
e79d77
e49b72
e29970
e49b72
e49b71
dd946b
d78e65
d68d63
d58e64
c6835e
c5815f
c77f5c
ad684c
78463b
503137
341b13
4b2012
c2836c
f8b490
edb084
eaaf84
e9ab85
e59d83
dca089
ddbaa1
e0cab3
dac4b1
dcc4b2
dfcbb7
dacbb5
dbcbb6
dacab5
d8cbb5
d7cbb5
d7ccb6
d8cdb7
d8ceb7
d8cdb9
d8cdb9
d7cdba
d6cebc
d7cfbd
d8d1c0
d8d2c2
dbd2c5
dbd3c8
dcd4c9
dcd5cd
dbd6d0
dad6d2
d9d5d2
d7d6d0
d5d6cd
d3d3cb
d2d2ca
d1d1c9
d2d2ca
d3d3cb
d5d5cd
d9d8d0
d8d8d0
d8d8d0
d8d8d0
d9d9d1
dadad2
dbdad2
d9d9d1
d9d9d1
d9d9d1
d9d9d1
d9d9d1
d9d9d1
d9d9d1
dbd8cf
dbd8cf
dbd8d1
dbd8d1
dbd8d3
dbd7d4
dbd7d4
dcd8d6
ddd9d8
dcd8d7
dad6d5
d9d5d4
d9d5d4
d9d5d4
d9d5d4
d7d6d4
d8d7d5
dad9d7
dad9d7
dad9d7
dad9d7
d9d8d6
dcd8d5
dcd8d7
dad9d7
dad8d9
d9d9da
d8d9db
d8d9dc
d9dadc
dadadc
dadadc
dadadc
dadadc
dadadc
dadadc
dadadc
dbdbdb
dbdbda
d9d9db
d7d8d9
d6d5da
d5d4d9
d5d4da
d3d4d9
d4d5da
d6d7dc
d8d9de
d8d9de
d6d7dc
d5d6db
d6d7db
d6d7db
d6d7db
d6d7dc
d6d6de
d6d6df
d6d6e0
d4d6df
d2d6df
d2d6df
d2d6df
d2d6df
d2d6df
d2d6df
d2d6df
d3d7e0
d2d6df
d0d4dd
cfd3dc
ced2db
cfd3dc
cfd3dc
d4cfc9
d4cfc9
d6cfc7
d5cdc5
d5ccc2
d3cac0
d2c8be
d5cabe
d5c9bd
d3c7bb
d2c6ba
d0c4b8
d0c4b8
d0c4b8
d0c3b5
d1c1b2
d1c1b2
d0c0b1
cfc0ad
ccbdaa
cabba6
c8b9a4
c7b6a4
c7b6a4
c9b8a6
ccbba9
cfbeac
cfbeac
cdbcaa
cfbcab
cfbcab
cfbda9
cfbda9
cfbda7
cfbda6
cfbda5
d0bea5
d0bfa5
d0bfa5
d0bfa5
d0bfa5
d0bfa5
d0bfa5
d0bea5
d1bda4
d1bda4
d1bda4
d1bda4
d1bda4
d1bda4
d1bda4
d0bfa5
cfbea4
cfbda3
d2bda5
d3bda5
d1baa2
cfb79f
ceb69c
cdb59b
ceb69c
d1b99f
d5bda3
d7bfa5
d7bfa5
d6bea3
d6bea2
d6bea2
d6bea2
d6bea2
d6bea2
d6bea2
d6bea2
d5bda1
d5bda1
d5bda1
d5bda1
d5bda1
d5bda1
d5bda1
d5bda1
d5bda1
d5bda1
d5bda1
d5bda1
d5bda1
d5bda1
d6bea2
d6bea2
d7bfa3
d8c0a4
d8c0a4
d6bea2
d4bca0
d3bc9f
d0b69c
d2b59d
d8bfa5
d4c0a1
d7ba98
d9a786
ce8868
b45134
a1331e
ca594a
cf6f5d
cd866a
a56c4a
7a431d
b6745a
b36f54
b77154
c27c5b
c48061
e0a083
e4a88c
e7a78e
eba991
edad94
f4b59c
f9bba2
fbbfa5
f6bba1
f5b99f
f9bba2
fcbda3
fdbda2
fcbb9f
f9b79a
f8b396
f8b295
f0a58a
e2977c
d2866d
cd816a
da8b75
ed9b87
f8a693
efa08b
e79c89
df9986
d69482
d4917f
da9482
e49988
ea9e87
eb9d7f
eb9774
ed956e
ef9974
e49675
cc876c
b1745b
88533a
6f3a26
663322
6f3b23
854d31
9c5e42
9c5c41
b8765c
f5b499
e29e82
e9a387
e8a082
d28969
c57b5a
ac6042
b26548
bf7355
c57a5c
ca8263
d18a6b
d48f71
d9916d
da8f64
d78c62
db9066
dc9167
d2875d
cb8057
cc8157
ce875d
c07d57
b97653
bc744f
ab6749
79483a
4a2a2e
2d1911
472115
9c614b
e3a27f
e3a97f
d59f76
d69a77
d8937b
d7a089
ddc1a8
e2d2bb
dbcab7
dbc9b8
dacdba
d6ccb7
dbcbba
dacbb9
d9cbb9
d8ccba
d9cebb
d8d0bc
d8d0bc
dbd0be
dbd0be
d8d0be
d8d1c0
d9d3c3
dad4c5
dbd5c7
dbd4c8
dcd4c9
dcd5cb
dbd7ce
dbd6d2
dad6d3
d8d5d4
d6d6d1
d5d6cd
d3d3cb
d2d2ca
d1d1c9
d2d2ca
d3d3cb
d5d5cd
d9d9d1
d8d8d0
d8d8d0
d8d8d0
d9d9d1
dadad2
dbdbd3
d9d9d1
d9d9d1
d9d9d1
d9d9d1
d9d9d1
d9d9d1
d9d9d1
dbd8cf
dbd8cf
dbd8d1
dbd8d1
dbd8d3
dbd7d4
dbd7d4
dcd8d6
dedad9
dcd8d7
dbd6d5
dad6d5
dad5d4
dad5d4
dad6d5
d7d6d4
d8d7d5
dad9d7
dad9d7
dad9d7
dad9d7
d9d8d6
dad9d5
dad9d7
d9d9d7
d9d9d9
d8d9da
d7d9db
d6dadc
d9dadc
dadadc
dadadc
dadadc
dadadc
dadadc
dadadc
dadadc
dbdbdb
dbdbda
d9d9db
d7d8d9
d6d5da
d5d4d9
d5d4da
d3d4d9
d4d5da
d6d7dc
d8d9de
d8d9de
d6d7dc
d5d6db
d6d7db
d6d7db
d6d7db
d6d7dc
d6d6de
d6d6df
d6d6e0
d3d7e1
d0d7e1
d0d7e1
d0d7e1
d0d7e1
d0d7e1
d0d7e1
d0d7e1
d1d8e2
d0d7e1
ced5df
cdd4de
ccd3dd
cdd4de
cdd4de
d5d0ca
d5d0ca
d6cfc7
d5cec5
d6cdc3
d4cbc1
d4cac0
d5c9be
d5c9bd
d4c8bc
d3c7bb
d1c5b9
d0c4b8
cfc3b7
d0c2b5
d1c0b1
d0c0b1
cfbfb0
cfc0ad
cdbeab
c9baa5
c7b8a3
c6b6a3
c6b6a3
c8b7a4
cbbaa6
cebda8
cebca7
cebba5
cebca7
cebca7
cebca7
cebca7
cebca6
cebca6
cebca6
cfbda4
cfbea4
cfbea4
d0bda4
d1bca4
d1bca4
d2bca4
d1bca4
d0bca3
d0bca3
d0bca3
d0bca3
d0bca3
d0bca3
d0bca3
cebba2
cfbca3
cfbca2
d0bca3
d0bca3
ceb9a1
cdb89f
cfb59c
ceb49b
ceb59b
d1b79e
d5bba2
d6bda4
d6bca4
d5bca2
d6bda1
d6bda1
d6bda1
d6bda1
d6bda1
d6bda1
d6bda1
d6bca1
d6bca1
d6bca1
d6bca1
d6bca1
d6bca1
d6bca1
d5bca0
d5bca0
d5bca0
d6bca1
d6bca1
d6bda2
d6bda2
d6bea2
d6bea2
d6bea2
d7bfa3
d8c0a4
d7bfa3
d4bca0
d2b89b
d2b799
d1bba1
cfbda4
d4c0a4
debd9e
daaa87
ce8b67
ba533c
9e311d
b24331
c5614e
da8d74
c18c6d
633c1b
9c694f
af755c
b9765c
ce866d
cf8a6e
e0a084
e2a88a
e4a88c
ebae93
eeb196
f3b69b
f7ba9f
f8bca1
f7bba0
f6b9a0
fab9a4
febda6
fbb99f
f5b397
f3b094
f3ae90
f0aa8c
eb9f85
e6987f
e0907a
e2927f
e09382
d99080
dd9786
e6998e
e2968a
de9888
cd8a77
d2907e
db9687
e0958e
eb9f90
e7977d
e18d6f
e18c69
e29471
d79274
a66e54
653725
2c0a02
280800
240500
260500
380e02
56220b
6c3217
8e4e39
d69580
eead95
e5a389
e3a186
e5a185
d49072
bb7a5a
af6e4f
a86346
ac6446
bb7252
c9805b
c98359
cc845a
d2875f
d3875d
d5885e
d3865a
cc8053
c67b4f
c47a4e
c37b4e
b7734a
b6724b
ac653d
955635
683f2f
3e2a2c
3a2413
482810
724624
c08c63
c08c5f
b8885d
c3976e
daaa8e
e3bca4
dbcab1
d2d1bb
d1d0bd
dad2c1
e1cebf
dfccbd
dbcfc2
dbcfc2
dbcfc2
dbcfc2
dcd0c2
dbd0c3
dbd0c3
ded1c4
ded2c4
ddd2c5
dcd3c5
dcd4c7
dcd5c8
ddd5c8
dcd5cd
dcd5cd
dcd5ce
ddd6d0
ddd6d1
ddd7d2
dcd6d2
dad7d1
d8d6ce
d6d4cc
d5d3cb
d4d2ca
d5d3cb
d6d4cc
d7d5ce
d8d7d1
d7d7d1
d8d7d1
d8d7d1
d9d8d2
d9d9d3
dad9d3
d9d9d1
d9d9d1
d9d9d1
d9d9d1
d9d9d1
d9d9d1
d9d9d1
dadad1
dadad1
dadad2
dadad2
dadad2
dad9d2
dad9d2
dbdad4
dbd9d8
dad8d6
d9d7d5
d9d7d5
d8d6d4
d7d5d4
d7d5d4
d8d6d6
d9d7d7
dbd9d9
dbd9d9
dbd9d9
dbd9d9
dad8d8
dbd9d9
dbd9d9
dad9d9
dad9da
dad9da
dad9da
dad9db
dadadb
dadadc
dadadc
dadadc
dadadc
dadadc
dadadc
dadadc
dbdbdc
dadadb
d8d8da
d7d7d9
d6d6d9
d6d6d9
d6d6d9
d2d3d8
d5d6db
d7d8dd
d8d9de
d7d8dd
d6d7dc
d6d7dc
d7d6df
d7d6df
d7d6df
d6d6df
d6d6df
d5d7e0
d5d7e0
d3d7e1
d2d7e2
d2d7e2
d2d7e2
d2d7e2
d2d7e2
d2d7e2
d2d7e2
d3d8e3
d3d8e2
d2d6e1
d0d5df
ced3de
ced3dd
ced3dd
d5d0ca
d5d0ca
d6cfc7
d5cec5
d6cdc3
d5ccc1
d5cbc1
d5c9be
d5c9bd
d4c8bc
d3c7bb
d1c5b9
d0c4b8
cfc3b7
d0c2b5
d1c0b1
cfbfb0
cfbfaf
cfc0ad
cdbeab
c9baa5
c6b7a2
c5b6a3
c5b6a3
c7b7a3
cbbaa5
cebda7
cebca5
cfbba3
cebca5
cebca5
cebca5
cebca5
cebca5
cebca5
cebca5
cebda4
cebda3
cebda3
d0bca3
d1bba3
d1bba3
d3bba3
d2bba3
d0bca3
d0bca3
d0bca3
d0bca3
d0bca3
d0bca3
d0bca3
ceb9a1
cfbba2
cfbba2
cfbba2
cfbba2
cdb9a0
ccb89f
cfb59c
ceb49b
ceb49b
d0b69d
d4baa1
d6bca3
d5bba3
d5bba1
d6bca1
d6bca1
d6bca1
d6bca1
d6bca1
d6bca1
d6bca1
d6bca1
d6bca1
d6bca1
d6bca1
d6bca1
d6bca1
d6bca1
d5bba0
d5bba0
d5bba0
d6bca1
d6bca1
d7bda2
d7bda2
d7bfa3
d6bea2
d6bea2
d7bfa3
d8c0a4
d7bfa3
d4bca0
d2b799
d4b899
d2bca1
ccbca2
d3bfa5
e1c0a2
e0b18c
d59772
bd5f47
95311a
9d361f
be5c46
dd8d75
c2886e
5a3216
80513b
aa765e
b6775e
c88267
d28d70
db9b7e
dfa486
e2a78c
e9ad94
edb097
f1b49b
f4b79e
f4b89e
f4b89f
f5b69f
f9b8a2
fcb9a3
f8b59c
f2ae94
f0ab8e
eaa485
e19b7b
d98c6f
e09075
e7947e
f5a28e
f3a292
dd9182
d68c7f
cf8478
b66d5f
9d5c48
7e412c
7c412f
884d40
995d57
bb7a71
c98271
ca816b
c77e62
b87458
9e624c
744331
4c2418
361918
351a15
2d170f
281009
2d0e01
3d1300
4b1b03
5d2a17
a46f5b
d6a08b
d39c85
d29b82
dba289
d2987f
cd9378
c0856a
af6f57
a5634a
a25e41
a86340
b8744a
c87f56
ce815b
d2825a
d28155
cf7d4f
c77849
c27548
be7347
ba7247
a96740
a1603a
9b5932
7f4524
5e3a2b
352426
2f1f11
37210b
593a1c
b8926f
c49c77
c7a480
d7bb98
e3c4aa
e4c9b5
d9cfbb
cdd1be
cdd4c3
d8d6c8
e2d1c6
e3cec3
ddd1c5
ddd1c6
ded1c6
ded1c5
ddd1c5
ded1c5
ded1c5
ded2c6
ded2c6
ddd2c6
ddd3c7
ddd4c8
dcd6c8
dcd6c8
dbd5ce
dbd5cf
dbd5cf
dcd6d0
dcd6d0
ddd7d1
ded7d1
dcd7d1
d9d6cf
d7d4cd
d6d3cc
d5d2cb
d6d3cc
d7d4cd
d8d5cf
d7d6d1
d7d6d1
d8d7d2
d8d7d2
d9d8d3
d9d8d3
d9d8d3
d9d9d2
d9d9d2
d9d9d2
d9d9d2
d9d9d2
d9d9d2
d9d9d2
dadad3
dadad3
dadad3
dadad3
dadad3
dadad3
dadad3
dadad4
dad9d7
d9d8d6
d9d8d6
d8d7d5
d7d6d4
d6d5d3
d6d5d4
d8d6d7
d9d7d8
dbd9da
dbd9da
dbd9da
dbd9da
dad8d9
dbd9da
dbd9da
dbd9da
dbd9da
dbd9da
dbd9da
dbd9da
dadadb
dadadc
dadadc
dadadc
dadadc
dadadc
dadadc
dadadc
dbdbdd
d9d9db
d8d8da
d7d7d9
d6d6d8
d7d7d9
d7d7d9
d2d3d8
d6d7dc
d8d9de
d8d9de
d6d7dc
d6d7dc
d7d8dd
d7d5e0
d7d5e0
d7d5e0
d6d6e0
d6d6e0
d4d7e0
d4d7e0
d3d7e1
d3d7e2
d3d7e2
d3d7e2
d3d7e2
d3d7e2
d3d7e2
d3d7e2
d4d8e3
d4d8e3
d3d7e2
d1d5e0
cfd3de
ced2dd
ced2dd
d5d0ca
d5d0ca
d6cfc7
d5cec5
d6cdc3
d5ccc1
d5cbc1
d5c9be
d5c9bd
d4c8bc
d3c7bb
d1c5b9
d0c4b8
cfc3b7
d0c2b5
d1c0b1
cfbfb0
cfbfaf
cfc0ad
cdbeab
c9baa5
c6b7a2
c5b6a3
c5b6a3
c7b7a3
cbbaa5
cebda7
cebca5
cfbba3
cebca4
cebca4
cebca4
cebca4
cebca4
cebca4
cebca4
cdbca3
cdbca2
cdbca2
cfbba2
d0baa2
d0baa2
d2baa2
d2baa2
d1bba3
d1bba3
d1bba3
d1bba3
d1bba3
d1bba3
d1bba3
cfb9a1
d0baa2
d0baa2
d0baa2
d0baa2
ceb8a0
cdb79f
ceb49c
cdb39a
cdb39a
d0b69d
d4baa1
d5bba2
d4baa2
d5bba0
d5bba0
d5bba0
d5bba0
d5bba0
d5bba0
d5bba0
d5bba0
d5bba0
d5bba0
d5bba0
d5bba0
d5bba0
d5bba0
d5bba0
d5bba0
d5bba0
d5bba0
d6bca1
d6bca1
d7bda2
d7bda2
d7bfa3
d6bea2
d6bea2
d7bfa3
d8c0a4
d7bfa3
d4bca0
d3b99b
d4b99b
d0ba9e
cdbaa0
d4bea4
e0c1a5
e2b899
dda786
c2765a
913b20
903216
ba5b40
e49178
c6836c
5f2a14
633423
a26e59
b4795f
bc7c5d
d18e6e
d89778
dea082
e4a68f
e7a894
ebac97
efb09b
f2b39e
f2b49f
f2b39e
f3b39d
f4b29b
f4b299
f4af95
f0ab8f
eaa485
df9979
d7906f
da8d6c
e29275
eb967e
f9a28f
f69f91
d07c70
af5e54
985041
7c3b29
6b331e
5a2817
4a1f0e
461e12
532c23
653831
723f37
844e43
945d4d
905b4c
764537
5d3127
4e2822
351414
2b0f0e
1d0804
1c0601
240a01
2f0e00
340d00
371501
6c4834
9b7661
a6806a
a57c66
aa7e69
ad816d
b4806d
b37d6b
b67f6e
b57d6b
9f654f
8e5236
9e5f3f
b97350
c67853
cc7b50
d07b4b
cd7747
c47243
be7142
ba7046
b37148
9c603e
844c2b
864d2a
6c381a
5c3b2c
2d1e1d
251d16
2c2016
564333
ccb6a1
e4ceb6
e2cfb9
e2d2be
e0cdbd
ddccbe
d6d1c2
d0d5c5
d0d6c8
d7d7ca
ded4cb
e0d3c9
ddd3c8
ddd3c8
ddd3c8
ddd3c8
ddd3c8
ddd3c8
ddd3c8
ddd2c7
dcd2c7
dcd3c7
dcd4c8
dcd5c9
dbd6c9
dbd6c9
dad5ce
dad5cf
dad5cf
dbd6d0
dbd6d0
dcd7d1
dcd7d1
dbd7d1
d9d6cf
d7d4cd
d6d3cc
d5d2cb
d6d3cc
d7d4cd
d8d5cf
d7d6d1
d7d6d1
d8d7d2
d8d7d2
d9d8d3
d9d8d3
d9d8d3
d9d8d3
d9d8d3
d9d8d3
d9d8d3
d9d8d3
d9d8d3
d9d8d3
dad9d4
dad9d4
dad9d4
dad9d4
dad9d4
dad9d4
dad9d4
dad9d6
dbdad8
dad9d7
d9d8d6
d8d7d5
d8d7d5
d7d6d4
d7d6d4
d8d6d7
d9d7d8
dbd9da
dbd9da
dbd9da
dbd9da
dad8d9
dbd9da
dbd9da
dbd9da
dbd9da
dbd9da
dbd9da
dbd9da
dadadb
dadadc
dadadc
dadadc
dadadc
dadadc
dadadc
dadadc
dbdbdd
d9d9db
d8d8da
d7d7d9
d6d6d8
d7d7d9
d7d7d9
d2d3d8
d6d7dc
d8d9de
d8d9de
d6d7dc
d6d7dc
d7d8dd
d7d5e0
d7d5e0
d7d5e0
d6d6e0
d6d6e0
d4d7e0
d4d7e0
d3d7e1
d3d7e2
d3d7e2
d3d7e2
d3d7e2
d3d7e2
d3d7e2
d3d7e2
d4d8e3
d4d8e3
d3d7e2
d1d5e0
cfd3de
ced2dd
ced2dd
d5d0ca
d5d0ca
d6cfc7
d5cec5
d6cdc3
d5ccc1
d5cbc1
d5c9be
d5c9bd
d4c8bc
d3c7bb
d1c5b9
d0c4b8
cfc3b7
d0c2b5
d1c0b1
cfbfb0
cfbfaf
cfc0ad
cdbeab
c9baa5
c6b7a2
c5b6a3
c5b6a3
c7b7a3
cbbaa5
cebda7
cebca5
cfbba3
cebda2
cebda2
cebda2
cebda2
cebda2
cebda2
cebda2
cdbca2
cdbca2
cdbca2
cfbba2
d0baa2
d0baa2
d2baa2
d2baa2
d3bba3
d3bba3
d3bba3
d3bba3
d3bba3
d3bba3
d3bba3
d1b9a1
d2baa2
d2baa2
d2baa2
d2baa2
d0b8a0
cfb79f
ceb49c
cdb39a
cdb39a
cfb59c
d3b9a0
d5bba2
d4baa2
d4baa0
d5bba0
d5bba0
d5bba0
d5bba0
d5bba0
d5bba0
d5bba0
d5bba0
d5bba0
d5bba0
d5bba0
d5bba0
d5bba0
d5bba0
d5bba0
d5bba0
d5bba0
d6bca1
d6bca1
d7bda2
d7bda2
d7bfa3
d6bea2
d6bea2
d7bfa3
d8c0a4
d7bfa3
d4bca0
d3b99d
d3ba9d
cfba9c
ceb99e
d5bea2
e0c2a6
e2bda3
e1b499
c7876b
93492b
832d0d
ac5232
dc886d
c17b67
692e1e
4e1e13
8d5c4b
b27c60
b87e5a
ce906b
d59573
dc9a7e
e3a28c
e4a38e
e8a793
eeac98
f0af9b
f2b19c
f2b19c
f3b19d
f6b29a
f4af95
f0aa8f
e9a284
de9676
d38b6a
d08765
d88e6d
e39578
e8977f
f3a290
f0a095
c3766e
914741
7b4035
612b1f
4d2115
452318
2c1208
261105
2e1b0e
2f170e
381c13
44241a
5e3b30
7b554b
69433a
48231a
411b13
3f1915
3a1914
2e120d
2c1007
371509
3e1706
3e1101
3f1a06
5e3824
815c49
916d5a
8a6654
7e5948
775442
744739
78483b
895f4f
9c7363
956955
83523a
895236
a26342
b87049
c6774a
d07946
cd7641
c3713e
ba7142
b57147
a56a44
895738
6a3a21
6b3b1f
592d14
543628
281b19
261f1c
241c16
443a31
c7bcb3
e4d8cd
e2d7cb
d6cdc2
d7cdc2
d6cdc3
d4d0c2
d4d4c5
d4d5c6
d7d3c7
dad3c9
dcd3cb
dcd3ca
dcd3ca
dcd3ca
dcd3ca
dcd3ca
dcd3ca
dcd3ca
dcd2c9
dcd2c9
dbd3c9
dbd4ca
dad5cb
dad6cb
dad6cb
d8d6ce
d8d6cf
d8d6cf
d9d7d0
d9d7d0
dad8d1
dad8d1
dbd8d1
d9d6cf
d7d4cd
d6d3cc
d5d2cb
d6d3cc
d7d4cd
d8d5cf
d7d6d1
d7d6d1
d8d7d2
d8d7d2
d9d8d3
d9d8d3
d9d8d3
d9d8d5
d9d8d5
d9d8d5
d9d8d5
d9d8d5
d9d8d5
d9d8d5
dad9d6
dad9d6
dad9d6
dad9d6
dad9d6
dad9d6
dad9d6
dad9d7
dbdad8
dad9d7
dad9d7
d9d8d6
d8d7d5
d7d6d4
d7d6d4
d8d6d7
d9d7d8
dbd9da
dbd9da
dbd9da
dbd9da
dad8d9
dbd9da
dbd9da
dbd9da
dbd9da
dbd9da
dbd9da
dbd9da
dadadb
dadadc
dadadc
dadadc
dadadc
dadadc
dadadc
dadadc
dbdbdd
d9d9db
d8d8da
d7d7d9
d6d6d8
d7d7d9
d7d7d9
d2d3d8
d6d7dc
d8d9de
d8d9de
d6d7dc
d6d7dc
d7d8dd
d7d5e0
d7d5e0
d7d5e0
d6d6e0
d6d6e0
d4d7e0
d4d7e0
d3d7e1
d3d7e2
d3d7e2
d3d7e2
d3d7e2
d3d7e2
d3d7e2
d3d7e2
d4d8e3
d4d8e3
d3d7e2
d1d5e0
cfd3de
ced2dd
ced2dd
d5d0ca
d5d0ca
d6cfc7
d5cec5
d6cdc3
d5ccc1
d5cbc1
d5c9be
d5c9bd
d4c8bc
d3c7bb
d1c5b9
d0c4b8
cfc3b7
d0c2b5
d1c0b1
cfbfb0
cfbfaf
cfc0ad
cdbeab
c9baa5
c6b7a2
c5b6a3
c5b6a3
c7b7a3
cbbaa5
cebda7
cebca5
cfbba3
cebda1
cebda1
cebda1
cebda1
cebda1
cebda1
cebda1
cdbca1
ccbba1
ccbba1
cebaa1
cfb9a1
cfb9a1
d1b9a1
d2b9a2
d4baa3
d4baa3
d4baa3
d4baa3
d4baa3
d4baa3
d4baa3
d2b8a1
d3b9a2
d3b9a2
d3b9a2
d3b9a2
d1b7a0
d0b69f
cdb39b
ccb299
ccb299
cfb59c
d3b9a0
d4baa1
d3b9a1
d3b99f
d4ba9f
d4ba9f
d4ba9f
d4ba9f
d4ba9f
d4ba9f
d4ba9f
d4ba9f
d4ba9f
d4ba9f
d4ba9f
d4ba9f
d4ba9f
d4ba9f
d5bba0
d5bba0
d5bba0
d6bca1
d6bca1
d7bda2
d7bda2
d7bfa3
d6bea2
d6bea2
d7bfa3
d8c0a4
d7bfa3
d4bca0
d2b99e
d2b89d
d0b89c
d1ba9e
d7bea3
ddc1a7
e0bfa8
e2bba4
d89d81
a45d3e
82300c
9d4522
cd7c5e
c37e69
874e3f
471711
744536
ad7d5f
b9865b
c88e64
d1916d
d99377
dd9982
dd9b84
e2a089
e9a78f
ecaa93
efad96
f0ae97
f3b098
f5af96
f0a990
e9a287
de9677
d08765
cc8260
d28864
de977a
eaa187
e9a08b
eaa395
e19f97
ac716d
713b37
491d1b
340d0e
2b0d0d
331e1e
241612
2a1f16
271f11
201506
2e2011
261608
331d10
604437
5d3e30
3d190a
370f04
3f1409
502a18
563323
563122
5e301f
642c18
62220d
662b1c
7b4233
905c4d
916453
7c5342
613c2b
4e2e1d
492113
4a2314
533221
634633
6e4f38
764f35
845336
965e3c
ac6b43
c17646
cf7c44
cb783c
be7038
b16e3d
a66b40
8c5734
71462a
57311a
512811
512a14
4d3325
2c1f1d
2f231d
22160f
312620
b9afa8
d8cec5
e1d7cd
dad1c6
d8d1c8
d4cfc4
d5cebe
dad3c0
dad3c1
d8d0c0
d8d1c5
dcd4ca
dbd3cb
dbd3cb
dbd3cb
dbd3cb
dbd3cb
dbd3cb
dbd3cb
dbd2ca
dbd2ca
dad4ca
d9d5cb
d9d6cc
d9d6cc
d9d6cc
d7d7cf
d7d7cf
d7d7cf
d8d8d0
d8d8d0
d9d9d1
d9d9d1
dad8d1
dad6cf
d7d4cd
d6d3cc
d5d2cb
d6d3cc
d7d4cd
d8d5cf
d7d6d1
d7d6d1
d8d7d2
d8d7d2
d9d8d3
d9d8d3
d9d8d3
d9d8d6
d9d8d6
d9d8d6
d9d8d6
d9d8d6
d9d8d6
d9d8d6
dad9d7
dad9d7
dad9d7
dad9d7
dad9d7
dad9d7
dad9d7
dbdad8
dcdbd9
dbdad8
dad9d7
d9d8d6
d9d8d6
d8d7d5
d8d7d5
d8d6d7
d9d7d8
dbd9da
dbd9da
dbd9da
dbd9da
dad8d9
dbd9da
dbd9da
dbd9da
dbd9da
dbd9da
dbd9da
dbd9da
dadadb
dadadc
dadadc
dadadc
dadadc
dadadc
dadadc
dadadc
dbdbdd
d9d9db
d8d8da
d7d7d9
d6d6d8
d7d7d9
d7d7d9
d2d3d8
d6d7dc
d8d9de
d8d9de
d6d7dc
d6d7dc
d7d8dd
d7d5e0
d7d5e0
d7d5e0
d6d6e0
d6d6e0
d4d7e0
d4d7e0
d3d7e1
d3d7e2
d3d7e2
d3d7e2
d3d7e2
d3d7e2
d3d7e2
d3d7e2
d4d8e3
d4d8e3
d3d7e2
d1d5e0
cfd3de
ced2dd
ced2dd
d5d0ca
d5d0ca
d6cfc7
d5cec5
d6cdc3
d5ccc1
d5cbc1
d5c9be
d5c9bd
d4c8bc
d3c7bb
d1c5b9
d0c4b8
cfc3b7
d0c2b5
d1c0b1
cfbfb0
cfbfaf
cfc0ad
cdbeab
c9baa5
c6b7a2
c6b6a4
c5b6a3
c7b7a3
cbb9a5
cebca6
cfbca5
d0bba4
cfbda2
cfbda2
cfbda2
cfbda2
cfbda2
cfbda2
cfbda2
cdbca1
ccbba1
ccbba1
cebaa1
cfb9a1
cfb9a1
d1b9a1
d2b9a2
d3baa2
d3baa2
d3baa2
d3baa2
d3baa2
d3baa2
d3baa2
d2b8a1
d3b9a2
d3b9a2
d3b9a2
d3b9a2
d1b7a0
d0b69f
cdb39b
ccb299
ccb299
ceb49b
d2b89f
d3b9a0
d3b9a1
d3b99f
d4ba9f
d4ba9f
d4ba9f
d4ba9f
d4ba9f
d4ba9f
d4ba9f
d4ba9f
d4ba9f
d4ba9f
d4ba9f
d4ba9f
d4ba9f
d4ba9f
d5bba0
d5bba0
d5bba0
d6bca1
d6bca1
d7bda2
d7bda2
d7bfa3
d6bea2
d6bea2
d7bfa3
d8c0a4
d7bfa3
d4bca0
d1b99d
d0b89c
d0b89b
d3bb9d
d8bea3
dbbea6
ddbea8
e1bda8
e2a98e
ac6a4b
7d2f0b
883410
b76849
bb7964
975e4f
4c1b15
5c2d1c
a17256
b9865f
bf875e
ce8d6a
d38e71
d59077
d7947a
dc997f
e19f85
e7a58b
ecaa90
ecab91
eba88e
e9a387
e59f82
e0997a
d58c6c
ca8060
ce8664
d99271
d8977c
e2a289
d89b89
d49d90
c7968f
875e5b
472221
34131a
280a15
1e0813
2c1a24
2e2125
3f342d
3a2e22
2d210f
362714
241201
1f0700
3f200f
4d2613
431603
481907
5b2b14
78482f
8c5b44
925c46
9e5e48
a75f48
a75a41
a75948
b36957
b87565
a56a5a
8a5748
6d4233
5a3325
492213
452413
432816
412b17
513720
6b492d
835737
94603c
a96d42
bf7a47
cb7e45
c7783d
b56f37
a26434
955f35
77472a
5e361e
4d2a17
43220e
4f2f1d
4a3327
372a27
2f1e18
200f08
32231d
b8aca4
d8cec5
e0d5cb
d9cec3
d7d1c6
d5d0c3
d6cfbe
ddd2c0
ded3c0
dad0c0
dad1c5
dcd4c9
dad3cb
dad3cb
dad3cb
dad3cb
dad3cb
dad3cb
dad3cb
dad3ca
dad3ca
d9d4cb
d9d5cc
d9d6cd
d9d6cd
d8d6ce
d8d7cf
d8d7cf
d8d7cf
d9d8d0
d9d8d0
dad9d1
dad9d1
dbd8d1
dad6cf
d7d4cd
d6d3cc
d5d2cb
d6d3cc
d7d4cd
d8d5ce
d7d5cf
d7d6d0
d9d7d1
d9d7d2
d9d7d3
d9d7d3
d9d7d3
dad8d6
dad8d6
dad8d6
dad8d6
dad8d6
dad8d6
dad8d6
dad9d7
dad9d7
dad9d7
dad9d7
dad9d7
dad9d7
dad9d7
dbdad8
dcdbd9
dbdad8
dad9d7
dad9d7
d9d8d6
d8d7d5
d8d7d5
d8d6d7
d9d7d8
dbd9da
dbd9da
dbd9da
dbd9da
dad8d9
dbd9da
dbd9da
dbd9da
dbd9da
dbd9da
dbd9da
dbd9da
dadadb
dadadc
dadadc
dadadc
dadadc
dadadc
dadadc
dadadc
dadadc
d9d9db
d8d8da
d7d7d9
d6d6d8
d6d6d8
d6d6d8
d2d3d8
d6d7db
d8d9dd
d8d9de
d7d8dd
d6d7dc
d6d7dd
d7d5e0
d7d5e0
d7d5e0
d6d6e0
d6d6e0
d5d7e0
d5d7e0
d3d7e1
d3d7e1
d3d7e1
d3d7e1
d3d7e1
d3d7e1
d3d7e1
d3d7e2
d4d8e3
d3d7e2
d2d6e1
d0d4df
cfd3de
ced2dd
ced2dd
d5d0ca
d5d0ca
d6cfc7
d5cec5
d6cdc3
d5ccc1
d5cbc1
d5c9be
d5c9bd
d4c8bc
d3c7bb
d1c5b9
d0c4b8
cfc3b7
d0c2b4
d0bfb0
cebeaf
cebeae
cebfac
ccbdaa
c8b9a4
c5b6a2
c8b7a5
c6b5a2
c7b5a1
cbb8a3
d0baa5
d2bca5
d2bca5
d0bca3
d0bca3
d0bca3
d0bca3
d0bca3
d0bca3
d0bca3
cdbba2
ccbba1
ccbba1
cebaa1
cfb9a1
cfb9a1
d1b9a1
d1b9a1
d1b9a1
d1b9a1
d1b9a1
d1b9a1
d1b9a1
d1b9a1
d1b9a1
d2b8a1
d3b9a2
d3b9a2
d3b9a2
d3b9a2
d1b7a0
d0b69f
cdb39a
ccb299
ccb299
cdb39a
cfb59c
d2b89f
d4baa1
d4ba9f
d3b99e
d3b99e
d3b99e
d3b99e
d3b99e
d3b99e
d3b99e
d4ba9f
d4ba9f
d4ba9f
d4ba9f
d4ba9f
d4ba9f
d4ba9f
d4ba9f
d4ba9f
d4ba9f
d5bba0
d5bba0
d6bca1
d6bca1
d5bda1
d5bda1
d5bda1
d6bea2
d7bfa3
d6bea2
d3bb9f
d0b89c
cfb79b
d1b79d
d3b89e
d7bba0
dcbca3
debda4
e3c0a6
e6b999
b8805e
813c18
752705
934629
9e5944
8c4c3d
5e291b
441103
87543f
b38066
b78063
c18667
c58666
cd886d
d58f76
d9947a
db987d
e29f84
e9a78c
e7a68b
e19f83
dd9b7a
da9674
d7906d
ce8766
c58263
cc8c70
d79a82
d39a81
cb9881
af836f
ae897a
a08076
5f403b
331312
35161d
32151d
2f141f
3a1f29
4e3036
613c3d
6e433f
73473f
70453a
703f33
743c30
7d4030
8d4937
9a513f
a25843
a76045
a5583f
a7523b
9d442d
9a4129
9d462c
964025
994628
9f5032
aa5f47
a3604d
a56b5c
956155
794a42
5e3927
60402f
563c2e
412a1e
462c1a
5f3b22
7c502f
99663d
b67d4d
c78956
c5824e
bf7b48
ac6d3f
8f552d
7d4826
613a23
47210c
3b1907
3b1f11
49332a
402f28
3a2b26
2b1c1a
1e0f0c
3b2c27
b1a59e
ddd3ca
ddd4c9
dad2c7
d7d0c2
d8d1c1
d7d0c0
d8d0c3
d9d1c4
dad2c7
dbd3c9
dcd3ca
dbd2c9
dbd2c9
dbd2c9
dbd2c9
dbd2c9
dbd2c9
dbd2c9
d8d4c8
d8d4c8
d9d5c9
d9d5cb
dad6cd
dad5ce
dad5cf
dad7d0
dad7d0
dbd8d1
dbd8d1
dbd8d1
dcd9d2
dcd9d2
dcd9d2
dad7d0
d8d5ce
d5d2cb
d4d1ca
d5d2cb
d7d4cd
d8d5cd
d7d4cb
d8d5cd
dad7d0
dad7d1
dad6d3
dad6d3
d9d5d2
dcd8d7
dcd8d7
dcd8d7
dcd8d7
dcd8d7
dcd8d7
dcd8d7
dad9d7
dad9d7
dad9d7
dad9d7
dad9d7
dad9d7
dad9d7
dbdad8
dcdbd9
dbdad8
dad9d7
dad9d7
d9d8d6
d8d7d5
d8d7d5
d7d5d6
dad8d9
dbd9da
dad8d9
dad8d9
dad8d9
dbd9da
dbd9da
dbd9da
dbd9da
dbd9da
dbd9da
dbd9da
dbd9da
dadadb
dadadc
dadadc
dadadc
dadadc
dadadc
dadadc
dadadc
d9d9db
d9d9db
d8d8da
d7d7d9
d6d6d8
d5d5d7
d5d5d7
d5d6d8
d6d7d8
d7d8db
d8d9de
d8d9de
d6d7de
d4d4dd
d6d6e0
d6d6e0
d6d6e0
d6d6e0
d6d6e0
d6d6e0
d6d6e0
d5d7e1
d4d8e1
d4d8e1
d4d8e1
d4d8e1
d4d8e1
d4d8e1
d4d8e1
d3d7e2
d2d6e1
d0d4df
cfd3de
cfd3de
cfd3de
cfd3de
d5d0ca
d5d0ca
d6cfc7
d5cec5
d6cdc3
d5ccc1
d5cbc1
d5c9be
d5c9bd
d4c8bc
d3c7bb
d1c5b9
d0c4b8
cfc3b7
d0c2b4
d0bfb0
cebeaf
cebeae
cebfac
ccbdaa
c8b9a4
c5b6a1
c7b6a4
c6b5a2
c7b5a1
cbb7a2
cfbaa5
d2bca5
d1bba4
d0bca3
d0bca3
d0bca3
d0bca3
d0bca3
d0bca3
d0bca3
cdbba2
ccbba1
ccbba1
cebaa1
cfb9a1
cfb9a1
d1b9a1
d1b9a1
d1b9a1
d1b9a1
d1b9a1
d1b9a1
d1b9a1
d1b9a1
d1b9a1
d2b8a1
d3b9a2
d3b9a2
d3b9a2
d3b9a2
d1b7a0
d0b69f
cdb39a
ccb299
ccb299
cdb39a
cfb59c
d2b89f
d4baa1
d4ba9f
d3b99e
d3b99e
d3b99e
d3b99e
d3b99e
d3b99e
d3b99e
d4ba9f
d4ba9f
d4ba9f
d4ba9f
d4ba9f
d4ba9f
d4ba9f
d4ba9f
d4ba9f
d4ba9f
d4ba9f
d5bba0
d5bba0
d6bca1
d5bda1
d5bda1
d4bca0
d6bea2
d7bfa3
d5bda1
d2ba9e
d0b89c
cfb79b
d0b69b
d1b79c
d3b99e
d9bea3
dec0a6
e2c4a9
e8be9f
ca9575
955433
722909
793015
904c36
995b49
733c2d
3f0c00
693824
a77760
b38064
b37b5d
bb7e60
c58466
cd896e
d39175
d69377
d8957a
dc997d
dd9a7f
dd9b7e
db9a7b
d49271
cf8a69
c88567
c18568
c28b72
c6917c
b38474
a67a6b
8b6656
856756
775b4d
523429
46261c
53302a
512927
582e2d
764547
965a5c
ad6868
bf7270
c77773
c7746f
c47169
c16b61
bd6658
bb6252
bb614e
bc5d4a
b84e39
b14732
b0432e
ab4028
ab452b
ac4d2f
a04526
914523
8d4323
8b482b
7e4228
7d4832
6d3d2d
552b20
3e1c0e
482719
54382a
573d30
573b29
5b3921
734a2c
a16f4a
c99163
d39666
ce8d5b
c48353
ab6f44
834e28
6b3b1d
502d18
3c1906
331505
381e11
4b352d
42302a
372722
2a1b18
221310
32231e
ab9f99
ded4ca
dcd2c8
dad2c7
dad2c4
d8d1c1
d7d0c0
d8d0c3
d9d1c4
dad2c7
dbd3c9
dbd3ca
dad3c9
dad3c9
dad3c9
dad3c9
dad3c9
dad3c9
dad3c9
d8d4c8
d9d5c9
d9d5c9
d9d5cb
dad6cd
dad5ce
dad5cf
dad7d0
dbd8d1
dbd8d1
dbd8d1
dcd9d2
dcd9d2
dcd9d2
dcd9d2
dbd8d1
d9d6cf
d5d2cb
d4d1ca
d5d2cb
d6d3cc
d8d5ce
d8d5cc
d8d5cd
dad7d0
dad7d1
dad6d3
dad6d3
dad6d3
dcd8d7
dcd8d7
dcd8d7
dcd8d7
dcd8d7
dcd8d7
dcd8d7
dad9d7
dad9d7
dad9d7
dad9d7
dad9d7
dad9d7
dad9d7
dbdad8
dcdbd9
dbdad8
dad9d7
dad9d7
d9d8d6
d8d7d5
d8d7d5
d7d5d6
dad8d9
dbd9da
dad8d9
dad8d9
dad8d9
dbd9da
dad8d9
dad8d9
dad8d9
dad8d9
dad8d9
dad8d9
dad8d9
dbdadc
dbdbdd
dbdbdd
dbdbdd
dbdbdd
dbdbdd
dbdbdd
dbdbdd
dadadc
dadadc
d8d8da
d8d8da
d7d7d9
d6d6d8
d6d6d8
d5d6d8
d6d7d9
d8d9dc
d9dadf
d9dade
d7d7de
d5d5dd
d7d7e0
d7d7e1
d7d7e1
d7d7e1
d7d7e1
d7d7e1
d7d7e1
d6d8e2
d5d9e2
d5d9e2
d5d9e2
d5d9e2
d5d9e2
d5d9e2
d5d9e2
d4d8e3
d2d6e1
d0d4df
cfd3de
cfd3de
cfd3de
cfd3de
d5d0ca
d5d0ca
d6cfc7
d5cec5
d6cdc3
d5ccc1
d5cbc1
d5c9be
d5c9bd
d4c8bc
d3c7bb
d1c5b9
d0c4b8
cfc3b7
d0c2b5
d1c0b1
cfbfb0
cfbfaf
cfc0ad
cdbeab
c9baa5
c6b7a2
c7b5a4
c5b4a1
c6b4a0
cab7a2
cfb9a4
d1bba4
d1bba4
cfbba2
cfbba2
cfbba2
cfbba2
cfbba2
cfbba2
cfbba2
cdbba1
ccbba1
ccbba1
cebaa1
cfb9a1
cfb9a1
d1b9a1
d1b9a1
d1b9a1
d1b9a1
d1b9a1
d1b9a1
d1b9a1
d1b9a1
d1b9a1
d2b8a1
d3b9a2
d3b9a2
d3b9a2
d3b9a2
d1b7a0
d0b69f
cdb39a
ccb299
ccb299
cdb39a
cfb59c
d2b89f
d4baa1
d4ba9f
d3b99e
d3b99e
d3b99e
d3b99e
d3b99e
d3b99e
d3b99e
d4ba9f
d4ba9f
d4ba9f
d4ba9f
d4ba9f
d4ba9f
d4ba9f
d3b99e
d3b99e
d3b99e
d4ba9f
d4ba9f
d5bba0
d5bba0
d4bca0
d4bca0
d4bca0
d5bda1
d6bea2
d4bca0
d1b99d
cfb79b
cfb69a
ceb499
ceb59a
d0b89c
d6bda2
dcc3a7
dfc4a8
e2be9e
e3b596
b27a5b
804022
87452a
a4634a
a86a53
935947
521f0b
4b1d0a
7e533e
a3765f
b7856a
be8466
bf8061
c58566
cc8b6d
d18e71
d08d70
d28d70
d58f73
d79376
d59578
cf8e70
c58567
b97d62
aa765e
9c705b
926a59
7e5b52
705045
604336
5e4232
5a3e2e
573626
624030
805545
976556
a96f63
b16a60
b4625a
bb5c59
bd5756
c15755
c25754
bf5551
c0594f
c25c4d
be5c48
b6553e
b15037
b44c31
b64e32
b85133
ae4c2d
a94e2a
a6542d
9a4d23
8f4922
8b4822
884926
6b3314
552206
3a0b00
260000
210000
320d00
4b2817
5d3c2a
5f3c28
5a341c
70472c
a27250
ca9468
cf9668
c88a5c
bd8055
a16c46
764728
593117
3d200f
381b0c
351b0e
331c11
402d25
3a2a24
332421
271815
20110e
2b1c17
ada19b
e0d6cd
e0d7cc
d8d0c6
dad1c3
d8d1c1
d7d0c0
d8d0c3
d9d1c4
dad2c7
dbd3c9
dbd4ca
dad5ca
dad5ca
dad5ca
dad5ca
dad5ca
dad5ca
dad5ca
d9d5c9
d9d5c9
dad6ca
dad6cc
dbd7ce
dbd6cf
dbd6d0
dbd8d1
dbd8d1
dcd9d2
dcd9d2
dcd9d2
dddad3
dddad3
dedbd4
dddad3
dad7d0
d6d3cc
d5d2cb
d5d2cb
d6d3cc
d7d4cd
d8d5cc
d9d6ce
dbd8d1
dbd8d2
dbd7d4
dbd7d4
dad6d3
dcd8d7
dcd8d7
dcd8d7
dcd8d7
dcd8d7
dcd8d7
dcd8d7
dad9d7
dad9d7
dad9d7
dad9d7
dad9d7
dad9d7
dad9d7
dbdad8
dcdbd9
dbdad8
dad9d7
dad9d7
d9d8d6
d8d7d5
d8d7d5
d7d5d6
dad8d9
dbd9da
dad8d9
dad8d9
dad8d9
dbd9da
dbd9da
dbd9da
dbd9da
dbd9da
dbd9da
dbd9da
dbd9da
dbdbdc
dbdbdd
dbdbdd
dbdbdd
dbdbdd
dbdbdd
dbdbdd
dbdbdd
dadadc
dadadc
d9d9db
d8d8da
d7d7d9
d7d7d9
d6d6d8
d6d7d9
d7d8da
d8d9dc
d9dadf
d9dadf
d7d8df
d6d6de
d7d7e1
d7d7e1
d7d7e1
d7d7e1
d7d7e1
d7d7e1
d7d7e1
d6d8e2
d5d9e2
d5d9e2
d5d9e2
d5d9e2
d5d9e2
d5d9e2
d5d9e2
d3d7e2
d2d6e1
d0d4df
ced2dd
cfd3de
cfd3de
cfd3de
d5d0ca
d5d0ca
d6cfc7
d5cec5
d6cdc3
d5ccc1
d5cbc1
d5c9be
d5c9bd
d4c8bc
d3c7bb
d1c5b9
d0c4b8
cfc3b7
d0c2b5
d1c0b1
cfbfb0
cfbfaf
cfc0ad
cdbeab
cabba6
c7b8a3
c6b5a3
c4b3a1
c5b4a0
cab6a1
ceb9a4
d1bba4
d0baa3
cebaa1
cebaa1
cebaa1
cebaa1
cebaa1
cebaa1
cebaa1
cdbba1
ccbba1
ccbba1
cebaa1
cfb9a1
cfb9a1
d1b9a1
d1b9a1
d1b9a1
d1b9a1
d1b9a1
d1b9a1
d1b9a1
d1b9a1
d1b9a1
d2b8a1
d3b9a2
d3b9a2
d3b9a2
d3b9a2
d1b7a0
d0b69f
cdb39a
ccb299
ccb299
cdb39a
cfb59c
d2b89f
d4baa1
d4ba9f
d3b99e
d3b99e
d3b99e
d3b99e
d3b99e
d3b99e
d3b99e
d4ba9f
d4ba9f
d4ba9f
d4ba9f
d4ba9f
d4ba9f
d4ba9f
d2b89d
d3b99e
d3b99e
d3b99e
d4ba9f
d4ba9f
d4ba9f
d4bca0
d3bb9f
d3bb9f
d4bca0
d6bea2
d4bca0
d1b99d
cfb79b
cfb59a
cfb59a
cfb69b
cfba9d
d3bea1
d6c3a5
d8c3a5
dbbc9c
edc7aa
cc9d80
9f674d
a3654b
b27458
a6694d
a56b53
6e3c26
3c1201
522d1b
805b46
ad8066
bc8569
bc8160
c08462
c58665
cd8c6c
d18c6d
d0896b
d3896c
d28c6f
cc8c72
c98b6f
bc8166
a7735a
8f6550
755444
624537
583c34
4d3229
472c20
4d3123
654336
875f51
9f7265
b27c68
bc7f6a
ba7560
af604b
ab5343
b5574b
bf5e56
c4645d
c1645d
bb6156
b85f50
b5604b
af5d42
a45537
a05232
a35933
a95c35
ae5f39
a85c34
ad6439
b87548
b67747
ae6940
a7643c
9b5b35
733814
541f00
411100
401100
4c1d06
5a2b13
683a21
75472e
75462c
6c3f22
784a2d
a2724f
c9966b
cb9569
be8458
ae774e
91603f
684027
4e2d1a
341a0f
382015
372218
2d1912
35241e
32231d
2f211e
261714
221310
40302c
c4b8b1
dcd2c9
e3dad0
d8d0c5
d7d0c2
d8d1c1
d7d0c0
d8d0c3
d9d1c4
dad2c7
dbd3c8
dbd4ca
dad6cb
dad6cb
dad6cb
dad6cb
dad6cb
dad6cb
dad6cb
dad6ca
dad6ca
dad6ca
dad6cc
dbd7ce
dbd6cf
dcd7d1
dcd9d2
dcd9d2
dcd9d2
dcd9d2
dddad3
dddad3
dddad3
dfdcd5
dedbd4
dbd8d1
d7d4cd
d5d2cb
d5d2cb
d6d3cc
d8d5cd
d9d6cd
d9d6ce
dbd8d1
dcd9d3
dcd8d5
dbd7d4
dbd7d4
dcd8d7
dcd8d7
dcd8d7
dcd8d7
dcd8d7
dcd8d7
dcd8d7
dad9d7
dad9d7
dad9d7
dad9d7
dad9d7
dad9d7
dad9d7
dbdad8
dcdbd9
dbdad8
dad9d7
dad9d7
d9d8d6
d8d7d5
d8d7d5
d7d5d6
dad8d9
dbd9da
dad8d9
dad8d9
dad8d9
dbd9da
dcdadb
dcdadb
dcdadb
dcdadb
dcdadb
dcdadb
dcdadb
dbdadc
dadadc
dadadc
dadadc
dadadc
dadadc
dadadc
dadadc
d9d9db
d9d9db
d7d7d9
d6d6d8
d6d6d8
d5d5d7
d5d5d7
d4d5d7
d5d6d8
d7d8db
d8d9de
d8d9de
d6d6dd
d4d4dc
d4d4de
d4d4de
d4d4de
d4d4de
d4d4de
d4d4de
d4d4de
d2d5de
d1d5de
d1d5de
d1d5de
d1d5de
d1d5de
d1d5de
d1d5df
d1d5e0
d0d4df
ced2dd
cdd1dc
cdd1dc
cdd1dc
cdd1dc
d5d0ca
d5d0ca
d6cfc7
d5cec5
d6cdc3
d5ccc1
d5cbc1
d5c9be
d5c9bd
d4c8bc
d3c7bb
d1c5b9
d0c4b8
cfc3b7
d0c3b5
d2c1b2
d0c0b1
d0c0b0
d0c1ae
cebfac
cabba6
c7b8a3
c6b5a3
c4b3a1
c5b4a0
cab6a2
ceb9a4
d0baa4
d0baa3
cebaa1
cebaa1
cebaa1
cebaa1
cebaa1
cebaa1
cebaa1
cdbba1
ccbba1
ccbba1
cebaa1
cfb9a1
cfb9a1
d1b9a1
d1b9a1
d1b9a1
d1b9a1
d1b9a1
d1b9a1
d1b9a1
d1b9a1
d1b9a1
d2b8a1
d3b9a2
d3b9a2
d3b9a2
d3b9a2
d1b7a0
d0b69f
cdb39a
ccb299
ccb299
cdb39a
cfb59c
d2b89f
d4baa1
d4ba9f
d3b99e
d3b99e
d3b99e
d3b99e
d3b99e
d3b99e
d3b99e
d4ba9f
d4ba9f
d4ba9f
d4ba9f
d4ba9f
d4ba9f
d4ba9f
d2b89d
d2b89d
d2b89d
d3b99e
d3b99e
d4ba9f
d4ba9f
d4bca0
d3bb9f
d3bb9f
d4bca0
d5bda1
d4bca0
d1b99d
cfb59a
cfb499
d0b69b
d1b89c
d1bc9f
d2bfa1
d1c0a2
d2c1a2
d7bb9b
e5c3a6
dbb197
be8c73
ad755b
ab6f53
ab6d4f
a2674c
76432d
3c1502
422311
5e3d28
895f47
ab775a
bc8261
bf8361
c18361
cc8b6b
d58f70
d48b6e
d58a6c
d1896d
c6886d
c3876c
b0795f
92634c
734f3d
563b2e
402c20
4a2e24
4a2f24
50352a
5f4035
865d56
af7e78
b57e7a
b77966
9f5d45
944b32
a5573c
ab5a43
a55641
af6152
ae6759
aa6a5a
b37461
b3765f
ad7257
ab7152
af7755
bc865f
d49e73
d3976e
d8966e
d79068
dc936b
e0996f
d79166
b0683e
a25c34
95522b
74350f
602702
592304
612e0d
733c1e
7e4629
824a2b
854d2c
885130
824e2d
845030
9f6d4a
c18f65
c38e63
b07a4f
9c6942
805335
5f3b24
492d1e
2f1a11
331f16
311e17
281610
33231f
30211e
2a1c1a
261714
2b1c19
645550
e1d5ce
d1c7be
ded5ca
d9d2c8
d7d0c2
d8d1c1
d7d0c0
d8d0c3
d9d1c4
dad2c7
dbd3c8
dbd4ca
d9d7cb
d9d7cb
d9d7cb
d9d7cb
d9d7cb
d9d7cb
d9d7cb
dad6ca
dad6ca
dad6cb
dbd7cd
dcd8ce
dcd7d0
dcd7d1
dcd9d2
dcd9d2
dcd9d2
dddad3
dddad3
dedbd4
dedbd4
dfdcd5
dfdcd5
dcd9d2
d8d5ce
d6d3cc
d5d2cb
d6d3cc
d7d4cd
d9d6cd
dbd8cf
dcd9d1
dcd9d3
dcd8d5
dcd8d5
dbd7d4
dcd8d7
dcd8d7
dcd8d7
dcd8d7
dcd8d7
dcd8d7
dcd8d7
dad9d7
dad9d7
dad9d7
dad9d7
dad9d7
dad9d7
dad9d7
dbdad8
dcdbd9
dbdad8
dad9d7
dad9d7
d9d8d6
d8d7d5
d8d7d5
d7d5d6
dad8d9
dbd9da
dad8d9
dad8d9
dad8d9
dbd9da
dbd9da
dbd9da
dbd9da
dbd9da
dbd9da
dbd9da
dbd9d9
dad9db
d9d9db
d9d9db
d9d9db
d8d8da
d8d8da
d9d9db
d9d9db
d7d7d9
d7d7d9
d5d5d7
d4d4d6
d4d4d6
d3d3d5
d3d3d5
d2d3d5
d3d4d6
d4d5d8
d5d6db
d5d6da
d3d4dc
d2d2da
d2d2dc
d2d2dc
d2d2dc
d2d2dc
d3d2dc
d3d2dc
d3d3dc
cfd1db
cdd1da
cdd1da
cdd1da
cdd1da
cdd1da
cdd1da
ced2db
cfd4df
ced3dd
ccd0db
cbcfda
caced9
caced9
cbcfda
d4cfc9
d4cfc9
d5cec6
d4cdc4
d5ccc2
d4cbc0
d4cac0
d5c8bf
d5c9bd
d5c9bd
d4c8ba
d3c7b9
d1c5b6
cfc4b4
d0c3b3
d1c0b2
cfbfb0
cfbfaf
cfc0ad
cdbeab
c9baa5
c6b6a2
c4b3a1
c4b3a0
c5b39f
c8b4a0
cbb6a1
ceb9a2
d0baa3
cebaa1
cebaa1
cebaa1
cebaa1
cebaa1
cebaa1
cebaa1
cdbba0
ccbb9f
ccbb9f
cdb99f
ceb99f
cfba9f
d1b99f
d2baa0
d1b99f
d1b99f
d1b99f
d1b99f
d1b99f
d1b99f
d1b99f
d1b79f
d2b89f
d2b8a0
d2b8a0
d2b89f
d0b69e
cfb59d
cdb39a
ccb299
ccb299
ccb299
cdb39a
d0b69d
d2b89f
d4baa0
d4ba9f
d4ba9f
d4ba9f
d4ba9f
d4ba9f
d4ba9f
d4ba9f
d3b99e
d3b99e
d3b99e
d3b99e
d3b99e
d3b99e
d3b99e
d4ba9f
d4ba9f
d3b99e
d4ba9f
d4ba9f
d4ba9f
d4ba9f
d4ba9f
d5bba0
d4bba0
d6bca1
d6bca1
d5bba0
d4bb9f
d2b89d
d0b69b
d0b89c
d0b99d
d1bc9f
d3c0a2
d5c2a4
d7c4a6
d8c2a2
d9bc9f
e1bba0
daaa8f
bc8168
aa6750
b36b54
b3735c
975f4e
502219
411d18
503026
6d4937
93694f
ac7b5d
b88265
bb8063
c38366
cb886c
c68365
c98666
d08f71
c48970
c08970
a07058
6a412c
543320
422715
3f2617
54322c
66443e
64443c
5e3a32
6f453d
84534d
7e4845
885041
874c3c
935444
a36253
aa6b5b
b77b6c
c78d7e
c29381
bb927e
d5a994
e2b49b
d9a98d
e1af8f
dda888
dba683
ecb692
e3ac87
d89c76
c8865e
c0734c
c06742
bf613c
963a1a
903717
883412
7b2b0b
75290a
7b3414
8a4624
955435
965734
995930
9e6033
a2653b
98623e
8c593c
956449
ae7a5c
b47d5b
a46b48
8c5633
76472c
5d3926
482c1e
2d1a10
2d1911
301d18
2f1d19
35231e
35271e
291b10
1d1209
291e15
83786f
ddd2c9
d9cfc5
dcd3c8
dad1c6
dbd1c6
d9cfc4
d7cfc3
d7cfc3
d7d0c4
d9d3c7
dad6ca
dad7cb
d9d7cb
d9d7cb
d9d7cb
d9d7cb
d9d7cb
d9d7cb
d9d7cb
dad6cb
dad6cc
dbd7cd
dbd6cf
dcd6d1
dcd7d2
dcd7d3
dad7d1
dad7d1
dad7d2
dbd8d3
dbd8d3
dcd9d4
dddad5
dddbd6
dcdbd6
dad8d3
d5d4cf
d4d2cd
d3d2cc
d4d2cd
d5d3ce
d7d5d1
d7d6d1
d9d7d3
d9d7d3
d8d6d3
d8d6d3
d7d5d2
d8d6d5
d8d6d5
d8d6d5
d8d6d5
d8d6d5
d9d7d5
d9d7d5
d8d7d5
d8d7d5
d8d7d5
d9d8d6
d9d8d6
d8d7d5
d8d7d5
d8d7d5
d9d8d6
d9d8d6
d8d7d5
d8d7d5
d7d6d4
d5d4d2
d5d4d2
d5d4d3
d6d5d4
d7d7d6
d8d7d6
d8d7d6
d7d7d6
d7d7d5
d7d7d3
d7d6d5
d7d6d5
d7d6d7
d7d6d7
d7d6d8
d7d6d9
d6d5d8
d5d5d7
d6d6d8
d7d7d9
d7d7d9
d7d7d9
d7d7d9
d7d7d9
d8d8da
d6d6d8
d6d6d8
d5d5d7
d4d4d6
d3d3d5
d3d3d5
d1d2d6
d2d3d7
d3d4d8
d3d4d9
d4d5d9
d3d4d9
d3d4d8
d2d4da
d1d4db
d0d3db
d0d2db
cfd1da
ced0db
cecfdb
ccced8
cbcfd7
ced1da
ced1da
cccfd8
cbced7
cbcfd8
ccd0d9
cdd0db
cdcfdb
ccceda
ccceda
cbcdd9
cbcdd9
cbcdd9
d4cfc9
d4cfc9
d5cec6
d4cdc4
d5ccc2
d4cbc0
d4cac0
d5c8bf
d5c9bd
d5c9bd
d4c8ba
d3c7b8
d1c5b5
cfc4b3
d0c3b2
d1c0b2
cfbfb0
cfbfaf
cfc0ad
cdbeab
c9baa5
c6b6a2
c4b3a1
c4b3a0
c5b39f
c8b4a0
cbb6a1
ceb9a2
d0baa3
cebaa1
cebaa1
cebaa1
cebaa1
cebaa1
cebaa1
cebaa1
cdbba0
ccbb9f
ccbb9f
cdb99e
ceb99e
cfba9f
d1b99f
d2baa0
d1b99f
d1b99f
d1b99f
d1b99f
d1b99f
d1b99f
d1b99f
d1b79e
d1b79e
d2b89f
d2b89f
d0b69d
d0b69c
cfb59c
ccb299
ccb299
cbb198
ccb299
cdb39a
d0b69d
d2b89f
d3b99e
d2b89d
d2b89d
d2b89d
d2b89d
d2b89d
d2b89d
d2b89d
d1b79c
d1b79c
d1b79c
d1b79c
d1b79c
d1b79c
d1b79c
d3b99e
d3b99e
d3b99e
d3b99e
d3b99e
d2b89d
d2b89d
d3b99e
d4b99f
d4ba9f
d5baa0
d5ba9f
d4ba9f
d4ba9f
d2b89d
d0b69b
cfb69b
cfb79c
cfbb9e
d2bea1
d5c2a4
d7c4a6
dac3a3
dabfa1
e2c1a4
e1b99b
d2a186
c79076
cb9176
ca9379
d3a18f
7a5247
2c0c07
472a23
5e3f2f
6a4931
82583d
9d6b52
af795f
bb7e64
c38467
c28265
c78768
ce9073
c2876e
ba846c
9b6b54
6a3e2a
5a3623
513221
523625
624038
64443b
55352a
3b1810
300c07
390e0a
45120b
794538
855144
985e53
a96a60
b4746b
cd8e85
e3a59b
d69f90
c69382
e1ac99
eeb7a1
e7ac93
e9ad91
db9d7f
d79476
e4977a
d08567
b76b4a
a25331
9a4320
9e3e1c
a43f1e
a44124
a24326
a04729
9f4d2e
a35837
aa6645
b47351
b57353
be7b58
cd8a62
d89669
ce8f66
b17855
915b3f
86543d
926046
9b6547
965f3f
824e30
693e26
583624
4b3124
2e1b11
29160e
321f1a
34231f
31211b
2f2118
271a0d
23190e
332a1f
a89e94
dfd5cb
ded4ca
ded4ca
dbd1c7
dcd2c8
d9cfc5
d7cfc4
d7cfc4
d7d1c5
d9d3c7
d9d5c9
d9d6ca
d7d5c9
d7d5c9
d7d5c9
d7d5c9
d7d5c9
d7d5c9
d7d5c9
d8d4c9
d8d4ca
d9d5cc
d9d4cd
dad4cf
dad5d0
dad5d1
d9d6d1
d9d6d1
d9d6d2
dad7d2
dbd8d3
dcd9d4
dddad5
dddbd6
dbdad5
d7d7d2
d4d3ce
d2d1cd
d2d1cc
d2d2cd
d4d3ce
d6d5d1
d5d5d1
d6d5d2
d6d5d2
d6d6d2
d5d4d0
d5d5d1
d7d6d4
d7d6d4
d7d6d4
d7d6d4
d7d6d4
d7d6d4
d7d6d4
d7d6d4
d6d5d3
d8d7d5
d8d7d5
d8d7d5
d8d7d5
d6d5d3
d6d5d3
d7d6d4
d7d6d4
d7d6d4
d6d5d3
d5d4d2
d4d3d1
d3d2d0
d3d3d1
d4d4d2
d5d5d3
d6d7d4
d6d7d4
d6d6d4
d6d6d4
d6d7d2
d6d6d4
d5d5d3
d5d5d5
d5d5d6
d5d5d8
d5d6d9
d4d3d6
d4d4d6
d5d5d7
d6d6d8
d7d7d9
d7d7d9
d6d6d8
d6d6d8
d7d7d9
d7d7d9
d5d5d7
d4d4d6
d4d4d6
d3d3d5
d3d3d5
d1d2d6
d2d3d7
d3d4d8
d4d5d9
d4d5d9
d4d5d9
d4d5d9
d2d5da
d2d5da
d1d4da
d0d3da
cfd2db
ced0db
cdcedb
cbced8
cbcfd7
ced1da
ced1da
cccfd8
cbced7
cccfd8
cdd0da
cdcfdb
cdcfdb
cdcfdb
ccceda
ccceda
cbcdd9
cbcdd9
d4cfc9
d4cfc9
d5cec6
d4cdc4
d5ccc2
d4cbc0
d4cac0
d5c8bf
d5c9bd
d4c8bc
d4c8ba
d2c6b8
d1c4b4
cec3b2
cfc2b1
d1c0b2
cfbfb0
cfbfaf
cfc0ad
cdbeab
c9baa5
c6b6a2
c4b3a1
c4b3a0
c5b39f
c8b4a0
cbb6a1
ceb9a2
d0baa3
cebaa1
cebaa1
cebaa1
cebaa1
cebaa1
cebaa1
cebaa1
cdbba0
ccbb9f
cbba9e
ccb89d
cdb89d
ceb99e
d1b99f
d1b99f
d0b89e
d0b89e
d0b89e
d0b89e
d0b89e
d0b89e
d0b89e
d0b69d
d1b79e
d1b79e
d1b79e
d1b79e
cfb59c
ceb49b
ccb299
cbb198
cbb198
cbb198
ccb299
cfb59c
d2b89f
d2b89e
d2b89d
d2b89d
d2b89d
d2b89d
d2b89d
d2b89d
d2b89d
d2b89d
d2b89d
d2b89d
d2b89d
d2b89d
d2b89d
d2b89d
d3b99e
d3b99e
d3b99e
d3b99e
d3b99e
d3b99e
d3b99e
d3b99e
d4ba9f
d4ba9f
d5bba0
d5bba0
d4ba9f
d4ba9f
d2b79c
d0b59a
cfb59a
d0b69b
d1b99d
d2bda0
d5c0a3
d7c2a4
d8c0a0
dbc1a3
ddc1a2
ddbf9e
debd9c
dcb997
d8b492
caa285
dab49d
ae8e80
2c1207
3e261c
52392b
593f2a
5d3a24
7b503b
966650
a7705b
b87d65
c18469
c58a6b
c98e71
c1866d
b9826a
a26e58
7a4b38
653e2c
5f3a2a
563526
5b392e
5a392b
4a2a1a
310f04
270100
330600
431104
6c3026
77362e
883e39
8f3d3a
8b3434
983e3f
a54b4c
a54e4b
a24d45
b45e55
bb6559
bb6252
be6351
af563f
b1523c
b74f39
b04b34
b35036
bf5d40
c36243
ba5838
ac492a
af5034
c16448
d37e61
dd9171
e09b7a
dea07e
d8a07d
da9d7c
e2a17f
e9a783
eba983
e19f7d
c58869
a1674e
8d5943
88573f
855237
845439
764a32
583520
432918
3e281c
2c1a11
23100a
2f1e1b
352724
2b1d17
251810
22160b
20160b
42382e
c8beb4
ded4ca
d9cfc5
dad0c6
d8cec4
d9cfc5
d7cdc3
d6cec3
d6cec3
d5cfc3
d6d0c4
d6d2c6
d5d2c6
d4d2c6
d4d2c6
d4d2c6
d4d2c6
d4d2c6
d4d2c6
d4d2c6
d5d1c6
d6d2c8
d6d2c9
d6d2ca
d7d2cc
d7d2cd
d8d3cf
d8d5d0
d8d5d0
d9d6d1
dad7d2
dbd8d3
dbd8d3
dcd9d4
dad9d4
d8d7d2
d7d6d1
d4d3ce
d3d2cd
d2d1cc
d2d1cc
d3d2cd
d4d3d0
d5d4d0
d6d5d1
d6d5d1
d5d4d0
d5d4d0
d4d3cf
d4d3d1
d4d3d1
d4d3d1
d4d3d1
d4d3d1
d3d2d0
d3d2d0
d4d3d1
d6d5d3
d6d5d3
d7d6d4
d7d6d4
d6d5d3
d6d5d3
d5d4d2
d6d5d3
d7d6d4
d7d6d4
d6d5d3
d5d4d2
d4d3d1
d3d2d0
d4d4d2
d4d4d2
d6d6d4
d6d6d4
d6d6d4
d6d6d4
d6d6d4
d6d7d2
d6d6d4
d6d6d4
d6d6d6
d5d5d6
d5d5d7
d5d4d8
d4d4d7
d4d4d6
d5d5d7
d6d6d8
d6d6d8
d6d6d8
d6d6d8
d6d6d8
d7d7d9
d6d6d8
d6d6d8
d5d5d7
d4d4d6
d4d4d6
d4d4d6
d4d5d9
d4d5d9
d5d6da
d6d7db
d6d7db
d6d7db
d6d7db
d4d8db
d4d8db
d3d6db
d1d4d9
d0d3da
ced1da
cdd0d9
cccfd8
cdd0d9
d0d3dc
d0d3dc
cfd2db
ced1da
ced1da
cfd2dc
cfd1dd
cfd1dd
cfd1dd
ced0dc
ced0dc
cdcfdb
cdcfdb
d4cfc9
d4cfc9
d5cec6
d4cdc4
d5ccc2
d4cbc0
d4cac0
d4c8bf
d4c8bc
d4c8bc
d3c7b9
d2c6b7
d0c4b4
cec3b2
cfc2b1
d1c0b2
cfbfb0
cfbfaf
cfc0ad
cdbeab
c9baa5
c6b6a2
c4b3a1
c4b3a0
c5b39f
c8b4a0
cbb6a1
ceb9a2
d0baa3
cebaa1
cebaa1
cebaa1
cebaa1
cebaa1
cebaa1
cebaa1
cdbba0
cbba9e
cab99d
ccb89d
cdb89d
cdb89d
d0b89e
d1b99f
d0b89e
d0b89e
d0b89e
d0b89e
d0b89e
d0b89e
d0b89e
d0b69d
d0b69d
d1b79e
d1b79e
d0b69d
cfb59c
ceb49b
cbb198
cbb198
cab097
cbb198
ccb299
cfb59c
d1b79e
d2b89e
d3b99e
d3b99e
d3b99e
d3b99e
d3b99e
d3b99e
d3b99e
d2b89d
d2b89d
d2b89d
d2b89d
d2b89d
d2b89d
d2b89d
d3b99e
d3b99e
d3b99e
d3b99e
d3b99e
d3b99e
d3b99e
d4ba9f
d4ba9f
d5bba0
d5bba0
d5bba0
d5bba0
d4ba9f
d3b79d
d1b49a
d1b59a
d1b69b
d2b89d
d4bba0
d7bfa3
d8c1a4
d8c2a2
d9c3a3
d6c09f
d6bf9b
dac39f
dac39d
d4bc96
d5b99b
d3b79d
d0b7a4
786154
331d12
432e21
452f20
492e1e
5c3c2c
6e4736
835442
a06a55
ab745a
ae7659
b57c5f
bb7f66
bb826a
b17b65
915f4d
6f4132
63382a
52291c
5a3322
633d2c
5b3623
4f2714
582b19
65311f
602917
752520
802927
963536
a2373c
a23037
ae3940
ba444d
b94448
b13d3e
b4403f
b13d38
b64239
bb483c
b54132
c04d3c
c55641
d1634d
d76c54
cf684e
c26043
b75b3d
b55b3c
b76044
d48164
ed9f81
f2aa8a
edac8b
eaae8e
e5af8e
eab28f
eab08d
e4a887
e2a484
e1a285
d2977d
b47b63
9d6851
895a45
764933
704834
674633
4c3320
312011
2b1d0f
27160f
1f0f09
2b1c1a
302121
251814
1f150c
1d1409
1e140a
675d53
d5cbc1
d8cec4
d7cdc3
dad0c6
dad0c6
d7cdc3
d5cbc1
d4ccc1
d4ccc1
d3cdc1
d3cdc1
d2cec2
d2cfc3
d3d1c5
d3d1c5
d3d1c5
d3d1c5
d3d1c5
d3d1c5
d3d1c5
d4d0c5
d4d0c6
d5d1c8
d5d0c9
d6d0cb
d6d1cc
d6d1cd
d8d4d0
d8d5d0
d9d6d1
d9d6d1
dad7d2
dbd8d3
dcd9d4
d9d8d3
d8d7d2
d7d6d1
d6d5d0
d5d4cf
d4d3ce
d3d2cd
d3d2cd
d4d3cf
d5d4d0
d6d5d1
d6d5d1
d5d4d0
d5d4d0
d4d3cf
d3d2d0
d3d2d0
d3d2d0
d2d1cf
d1d0ce
d1d0ce
d0cfcd
d4d3d1
d6d5d3
d6d5d3
d7d6d4
d7d6d4
d6d5d3
d6d5d3
d5d4d2
d6d5d3
d7d6d4
d7d6d4
d7d6d4
d6d5d3
d6d5d3
d5d4d2
d5d5d3
d5d5d3
d7d7d5
d8d8d6
d8d8d6
d7d7d5
d7d7d5
d9dad5
d8d8d6
d8d8d6
d7d7d7
d6d6d7
d6d6d8
d5d4d8
d5d5d8
d5d5d7
d6d6d8
d7d7d9
d8d8da
d8d8da
d7d7d9
d7d7d9
d7d7d9
d7d7d9
d7d7d9
d7d7d9
d7d7d9
d7d7d9
d7d7d9
d5d6da
d6d7db
d7d8dc
d8d9dd
d8d9dd
d7d8dc
d7d8dc
d6dadd
d5d9dc
d4d8db
d2d6da
d1d4d9
cfd2d8
ced1d8
cccfd8
cdd0d9
d0d3dc
d1d4dd
d0d3dc
d0d3dc
d1d4dd
d2d5de
d1d3df
d1d3df
d0d2de
d0d2de
cfd1dd
cfd1dd
cfd1dd
d4cfc9
d4cfc9
d5cec6
d4cdc4
d5ccc2
d4cbc0
d4cac0
d3c7be
d3c7bb
d3c7bb
d3c7b9
d1c5b7
d0c3b3
cdc2b1
cfc2b1
d1c0b2
cfbfb0
cfbfaf
cfc0ad
cdbeab
c9baa5
c6b6a2
c4b3a1
c4b3a0
c5b39f
c8b4a0
cbb6a1
ceb9a2
d0baa3
cebaa1
cebaa1
cebaa1
cebaa1
cebaa1
cebaa1
cebaa1
ccba9f
cab99d
cab99d
cbb79c
ccb79c
cdb89d
cfb79d
d0b89e
cfb79d
cfb79d
cfb79d
cfb79d
cfb79d
cfb79d
cfb79d
cfb59c
d0b69d
d0b69d
d0b69d
d0b69d
ceb49b
cdb39a
cbb198
cab097
cab097
cab097
cbb198
ceb49b
d0b69d
d1b79d
d2b89d
d2b89d
d2b89d
d2b89d
d2b89d
d2b89d
d2b89c
d0b69b
d0b69b
d0b69b
d0b69b
d0b69b
d0b69b
d0b69b
d1b79c
d1b79c
d1b79c
d1b79c
d1b79c
d1b79c
d1b79c
d1b79c
d1b79c
d2b89d
d3b99e
d3b99e
d2b89d
d1b79c
d1b49a
cfb097
cfb197
ceb398
cfb59a
d2b89d
d5bba0
d6bea2
d3c19f
d2bf9e
d2bf9d
d4bf9a
d3bd98
d2bb95
d5bc96
d7c0a0
d2b9a0
ceb6a1
bba093
4c3329
3f271e
402820
493329
4f362a
5b392c
744939
8c5c47
8c5941
915e41
a46c50
b3755c
bf846d
c48b77
ab7665
815042
79493e
66372c
663726
6c3e2c
6e402d
72432f
7e4a36
864b38
834331
86352b
883129
983733
a33a38
a63a39
b74848
c45656
cd5f5e
d16160
cb5d59
c3554d
cb6053
cd6352
c25943
d36c54
d16f52
cd684c
c86447
c56347
c06749
b86747
b36745
b97051
d38b6b
e49e7e
e19f7f
df9f80
e3a587
e4a689
ddad87
e2b38e
e5b190
e2a98e
dda38a
cd967e
b17e64
96644d
82533f
6e4532
5e3d2d
4f3727
3a2919
281c0d
211709
21110a
20100c
291a19
261818
1f1411
201710
1a1209
271d13
9b9187
d2c8be
d6ccc2
d7cdc3
d8cec4
d6ccc2
d6ccc2
d6ccc2
d6cec3
d6cec3
d5cfc3
d4cec2
d1cec2
d2cfc3
d3d1c5
d3d1c5
d3d1c5
d3d1c5
d3d1c5
d3d1c5
d3d1c5
d4d0c5
d4d0c5
d4d0c7
d5d1c9
d5d0ca
d6d1cc
d6d1cd
d7d4cf
d7d4cf
d8d5d0
d9d6d1
dad7d2
dad7d2
dbd8d3
dad8d3
d9d8d3
d8d7d2
d8d7d2
d7d6d1
d6d5d0
d5d4cf
d5d4cf
d6d5d1
d6d5d1
d7d6d2
d7d6d2
d7d6d2
d6d5d1
d6d5d1
d6d5d4
d6d5d3
d5d4d3
d5d4d2
d3d2d0
d3d2d0
d2d1cf
d6d5d3
d7d6d4
d8d7d5
d8d7d5
d8d7d5
d8d7d5
d7d6d4
d7d6d4
d7d6d4
d9d8d6
d9d8d6
d9d8d6
d8d7d5
d8d7d5
d7d6d4
d7d7d5
d8d8d6
d9d9d7
dadad8
dadad8
dadad8
d9d9d7
dcddd8
dbdbd9
dbdbd9
dadada
d9d9d9
d7d8d9
d7d6da
d7d7da
d8d8da
d9d9db
dadadc
dadadc
dadadc
dadadc
d9d9db
dadadc
dadadc
dadadc
dadadc
dadadc
dadadc
dadadc
d7d8dc
d7d8dc
d8d9dd
d9dbdf
dadbdf
d9dade
d9dade
d8dcdd
d7dbdc
d6dadb
d4d8db
d1d4d9
cfd2d7
cdd0d6
cdd0d8
cfd2db
d2d5de
d3d6df
d2d5de
d2d5de
d3d6df
d4d7e0
d3d5e1
d3d5e1
d2d4e0
d1d3df
d1d3df
d1d3df
d1d3df
d5d0ca
d5d0ca
d6cfc7
d5cec5
d5cdc3
d5ccc0
d4cac0
d3c7be
d3c7bb
d3c7bb
d2c6b8
d1c5b7
d0c3b3
cdc2b1
cfc2b1
d1c0b2
d0c0b1
d0c0b0
cfc0ad
cdbeab
c8b9a4
c5b5a1
c3b2a0
c4b39f
c4b39f
c8b4a0
cbb6a1
ceb9a2
d0baa3
cebaa3
cebaa3
cebaa2
cebaa2
cebaa1
cebaa1
cebaa1
ccba9f
cab99d
cab99d
cbb79c
ccb79c
cdb89d
cfb79d
d0b89e
cfb79d
cfb79d
cfb79d
ceb69c
ceb69c
ceb69c
cfb79d
cfb59c
d0b69d
d0b69d
d0b69d
d0b69d
ceb49b
cdb39a
cab097
cab097
cab097
cab097
cbb198
cdb39a
cfb59c
cfb59b
ceb49a
cfb59a
cfb59a
cfb59b
cfb59b
cfb59b
ceb49a
ccb297
cdb398
cdb398
ccb297
ccb297
ccb297
cdb398
ccb297
cdb398
cdb398
cdb398
cdb398
cdb398
ccb297
ccb297
cdb398
cdb398
cfb59a
cfb59a
cdb398
cdb398
ccb096
cbac93
cbae94
caaf94
ccb196
ceb499
d0b69b
d1b89c
cbb997
ccb796
cfba99
d2bc98
cfb794
ceb592
d3ba96
d3bc9d
d0b79d
d0b59f
c7ac9c
6f5549
331c14
402a26
413029
463228
50362b
6a4839
734937
70402b
7c4a30
8a543c
9d614c
ad735e
bd846f
b27b68
8e5948
814f40
724132
6a3720
6f3c25
7d4832
8e543f
975844
a05a48
ac6251
ab5e4d
a75748
aa564b
ad554b
b1564e
be635a
c96d62
cc7266
ca7265
c87062
c66f5f
cc7864
c5715a
b9664d
c77458
c66f4f
c06849
bf674a
b35e43
a35437
9c5434
965430
a76944
bf805b
d08f6e
d19170
d29273
d59779
d49679
d2a27f
dcaf8b
e5b897
d4a88c
c09279
b78872
a1705a
8c5f4b
6f4736
5f3c2c
4f3427
3b291d
281b0f
1c1407
181105
1e120c
221513
231617
1f1315
1d1312
1e140f
170e05
4a4237
cac0b6
d8cfc5
d7cec4
dcd2c8
dad1c7
d6ccc2
d7cec3
d8cfc4
d8d0c5
d8d0c5
d7d1c5
d7d0c4
d5cfc4
d4d0c4
d4d2c5
d4d2c5
d4d2c5
d4d2c6
d4d2c6
d5d2c7
d5d2c7
d6d2c7
d5d1c6
d5d1c8
d5d1c9
d6d0cb
d6d1cd
d7d2ce
d9d4d0
d9d4d0
dbd6d1
dcd7d2
dbd7d3
dad7d2
dad7d2
dad8d3
d9d8d3
d9d8d3
d9d8d3
d9d8d3
d8d7d3
d7d6d2
d7d6d1
d7d6d2
d8d7d3
d9d8d4
d9d8d4
d8d7d3
d8d7d3
d7d6d2
dad9d7
d9d8d6
d9d8d5
d8d7d4
d7d6d3
d5d4d2
d6d5d2
d7d6d3
d8d7d5
d9d8d6
dad9d7
dad9d7
d9d8d6
d9d8d6
d8d7d5
dad9d7
dad9d7
dbdad8
dbdad8
dbdad8
dad9d7
dad9d7
d9d9d7
d9d9d7
dbdbd9
dbdbd9
dbdbd9
dbdbd9
dadad8
ddded9
dcdcda
dcdcda
dbdbdb
dadada
d8d9da
d8d7db
d8d8db
d9d9db
dadadc
dbdbdd
dbdbdd
dbdbdd
dbdbdd
dadadc
dbdbdd
dbdbdd
dbdbdd
dbdbdd
dbdbdd
dbdbdd
dbdbdd
d8d9dd
d9d9de
dadade
dadadf
dadade
dadade
d9d9de
d8dcdc
d8dcdb
d6dadb
d4d8db
d2d5d9
cfd2d8
ced1d7
ced1d8
cfd2db
d2d5de
d3d6df
d3d6df
d2d5de
d3d6df
d4d6e0
d3d5e1
d3d5e1
d2d4e0
d2d4e0
d1d3df
d1d3df
d1d3df
d5d0ca
d5d0ca
d6cfc7
d5cdc5
d5ccc2
d3cac0
d3c9bf
d2c6bd
d2c6ba
d1c5b9
d0c4b6
cfc3b5
cec2b2
ccc1b0
ccbfae
ccbcad
cdbdae
cdbdad
ccbdaa
c9baa7
c4b5a0
c0b09c
bead9b
bead9b
c0ae9a
c3b09b
c6b19c
c9b49d
cbb59e
c9b4a2
c9b4a2
c9b4a0
c9b4a0
c9b59d
c9b59c
c9b59c
c8b69b
c7b69a
c7b69a
c8b499
c8b398
c9b499
cbb399
cbb399
cab298
cbb399
cab298
c9b197
c8b096
cab298
ccb49a
cbb198
ccb299
cdb39a
cdb39a
cbb198
cab097
c9af96
c6ac93
c6ac93
c6ac93
c6ac93
c7ad94
c9af96
cbb198
cab097
c9af96
c9af96
cab097
cab097
cbb198
cbb198
cab097
c9af94
cbb196
ccb297
c9af94
c8ae93
c8ae93
cab095
c7ad92
c8ae93
c9af94
cab095
cab095
cab095
c9af94
cab095
cab095
cbb196
ccb297
ccb297
cbb196
cab095
c8ae93
c6ac91
c7ad92
c7ad92
c9af94
cab095
ccb297
cdb397
cbb493
ccb494
cdb695
ceb796
ceb797
ceb796
cdb696
ccb499
cfb79b
d1b79c
cfb59e
927b69
402e23
3d2e2a
443832
3e2e24
4a372a
553b2c
5d3b2a
704634
72432f
71402f
7b4638
8e5845
ab735d
b37a62
9b664c
7f4f37
76482f
764424
80492b
92553b
a46049
ac614c
b2614f
bb6656
be6b56
c26f5d
c47264
c47469
c6756b
c67668
c77562
bb6f5a
ac644e
a75f4b
a9614e
a55c4a
97503f
964f3e
99533f
8c462a
7a341a
79321d
76301a
712d14
743315
70310f
844920
9e5e39
b4724f
bf7959
c48062
cc8b6e
d39678
d89b7f
d8a084
cda183
a88669
8b6b51
a27c68
956657
835a4e
5e4237
4d3428
422d22
312318
241b11
1d160c
120f06
18150f
1d1715
191013
1c1316
1f1515
160c05
271d14
958d82
dcd4c9
d9d1c6
d1c9be
d7cfc4
d7cfc4
dad2c7
dad2c7
d9d2c6
d9d1c6
d9d1c6
d9d1c6
dad1c6
dad1c7
d9d2c6
d8d5c5
d8d5c5
d9d5c8
d9d5ca
d9d5ca
dad6cd
dad6cd
d9d5ca
d8d4c9
d6d2c9
d5d0c9
d5d0ca
d7d2ce
d9d4d0
ddd4d2
ded4d2
dfd7d4
e0d7d5
ded8d5
dbd8d3
dad7d2
d9d8d3
d9d8d4
d9d8d4
d9d8d4
d9d8d4
d9d8d4
d9d8d4
d9d8d4
dad9d5
dad9d5
dad9d5
dad9d5
dad9d5
dad9d5
dad9d5
dbdad6
dad9d5
d9d8d4
d8d7d3
d6d5d1
d6d5d1
d7d6d2
d8d7d4
d9d8d6
dad9d7
dbdad8
dbdad8
dbdad8
dbdad8
dbdad8
dcdbd9
dcdbd9
dcdbd9
dcdbd9
dcdbd9
dcdbd9
dcdbd9
dadad8
dadad8
dadad8
dadad8
dadad8
dadad8
dadad8
ddded9
dddddb
dcdcda
dbdbdb
dadadb
dadadc
d9d8dc
d8d8db
d9d9db
dadadc
dbdbdd
dbdbdd
dbdbdd
dbdbdd
dadadc
dadadc
dadadc
dadadc
dadadc
dadadc
dadadc
dadadc
dbdadf
dbdadf
dbdadf
dad9de
d9d8dd
d9d8dd
d9d8dd
d7dbdc
d7dbdc
d5d9da
d4d8db
d2d5da
d0d3d9
cfd2d9
ced1d9
cfd2db
d2d5de
d3d6df
d2d5de
d1d4dd
d1d4dd
d2d5df
d2d4e0
d2d4e0
d1d3df
d1d3df
d0d2de
d0d2de
d0d2de
d0cbc5
cfcac4
d0c9c1
cfc7bf
cfc6bc
cec5ba
cdc3b9
cec2b9
cec2b6
cdc1b5
ccc0b2
cbbfb0
c9bdad
c9bdad
c9bcab
c8b8a9
c8b8a9
c8b8a8
c7b8a5
c5b6a3
c0b19c
bcac98
bbaa98
bbaa97
bcaa96
bfab96
c1ac97
c4af98
c6b099
c5b09d
c5b09d
c5b09b
c5b09b
c5b199
c5b198
c5b198
c4b297
c4b397
c3b296
c4b095
c4af94
c4af94
c6ae94
c6ae94
c5ad93
c7af95
c7af95
c5ad93
c5ad93
c6ae94
c8b096
c7ad94
c8ae95
c8ae95
c9af96
c7ad94
c6ac93
c6ac93
c4aa91
c3a990
c3a990
c4aa91
c5ab92
c6ac93
c7ad94
c7ad94
c8ae95
c7ad94
c8ae95
c9af96
c9af96
c9af96
c9af95
c8ae93
c9af94
c9af94
c6ac91
c3a98e
c3a98e
c4aa8f
c4aa8f
c5ab90
c7ad92
c9af94
cab095
cbb196
cbb196
cab095
cab095
cbb196
ccb297
ccb297
cbb196
cab095
c8ae93
c6ac91
c6ac91
c7ad92
c8ae93
c9af94
cbb196
ccb297
cab394
cab394
cbb494
cdb697
ccb596
ccb596
ccb596
d1b99d
d3bb9f
cab095
d1b79f
c6af9d
69574a
32241b
463931
38291f
483429
3c2316
543626
724e3c
5f3826
704634
734734
82533c
9c6a50
a87558
99684c
805238
73472e
824a2d
884d31
9c5a40
b36b52
c1715b
c6705c
ca715f
c3705a
c67460
ca7968
c77a6d
bb7163
a56150
945440
814432
6d3323
612819
5e2618
5d2619
582116
562116
582419
5b2c1b
5d2d1d
521f10
541f0e
5f2811
642a0e
6b2f0d
6e2f0d
844222
9f5739
b4664c
c6775e
d4866e
db8e76
dc957e
df9f87
bd8770
996e56
7b5740
92705c
8f6a59
68473a
5a4035
503a2f
3d2b21
25170e
1f160e
1e1a11
15120c
15150e
151410
181511
191411
1d1812
1b140b
635c51
d6cec3
ded6cb
d7cfc4
dbd3c8
d6cec3
d8d0c5
ded6cb
ddd5ca
dcd4c9
dcd4c9
dcd4c9
dcd4c9
dcd4c9
dcd4c9
dbd5c9
dad7c8
dbd8c8
dbd7ca
dbd7cc
dcd8cd
dcd8cf
dcd8cf
d9d5ca
d8d4c9
d7d3ca
d6d1ca
d6d1cb
d8d3ce
d9d4d0
ddd4d2
dfd5d3
ded6d3
dfd7d4
dcd8d4
dbd8d3
dbd7d2
d9d8d3
d9d8d4
d9d8d4
d9d8d4
d9d8d4
d9d8d4
d9d8d4
d9d8d4
dad9d5
dad9d5
dad9d5
dad9d5
dad9d5
dad9d5
dad9d5
dbdad6
dad9d5
d9d8d4
d8d7d3
d6d5d1
d6d5d1
d7d6d2
d8d7d4
d9d8d6
dad9d7
dbdad8
dbdad8
dbdad8
dbdad8
dbdad8
dcdbd9
dcdbd9
dcdbd9
dcdbd9
dcdbd9
dcdbd9
dcdbd9
dadad8
dadad8
dadad8
dadad8
dadad8
dadad8
dadad8
ddded9
dcdcda
dcdcda
dbdbdb
dadada
d9d9db
d9d8dc
d8d8db
d9d9db
dadadc
dbdbdd
dbdbdd
dbdbdd
dbdbdd
dadadc
dadadc
dadadc
dadadc
dadadc
dadadc
dadadc
dadadc
dbdadf
dbdadf
dbdadf
dad9de
d9d8dd
d9d8dd
d9d8dd
d7dbdc
d7dbdc
d5d9da
d4d8db
d2d5da
d0d3d9
cfd2d9
ced1d9
cfd2db
d2d5de
d3d6df
d2d5de
d1d4dd
d1d4dd
d2d5df
d2d4e0
d2d4e0
d1d3df
d1d3df
d0d2de
d0d2de
d0d2de
cdc8c2
ccc7c0
ccc5bc
cac2ba
c9c1b7
c9c0b6
cac0b6
cbbfb6
ccc0b4
cbbfb3
cabeb0
c9bdaf
c8bcac
c6bbaa
c7baa9
c8b7a9
c6b6a7
c6b6a6
c6b7a4
c4b5a2
c1b29d
beae9a
bdac9a
bcab99
bcac98
bfab96
c1ac97
c3ad96
c4ae97
c3ae9b
c3ae9b
c3ae99
c3ae99
c3af97
c3af96
c3af96
c3b196
c3b296
c1b094
c2ae93
c2ad92
c2ad92
c4ac92
c4ac92
c3ab91
c6ae94
c7af95
c6ae94
c5ad93
c6ae94
c7af95
c8ae95
c8ae95
c7ad94
c7ad94
c8ae95
c8ae95
c8ae95
c7ad94
c6ac93
c6ac93
c6ac93
c7ad94
c7ad94
c9af96
c9af96
c9af96
cab097
cab097
cab097
cbb198
cbb198
cbb197
cab095
cbb196
cab095
c6ac91
c3a98e
c3a98e
c3a98e
c3a98e
c5ab90
c6ac91
cab095
ccb297
cdb398
cdb398
ccb297
ccb297
cdb398
cdb398
cdb398
cdb398
ccb297
cbb196
cab095
cab095
cab095
cbb196
ccb297
cdb398
ceb499
ccb596
cdb697
cfb899
cfb899
cfb899
cfb899
ceb798
d6bea2
d7bfa3
cdb398
d0b79d
d5bea9
9b8a79
47392b
2e2117
3a2c22
423127
392418
493225
583b2d
593b2d
6a4b3a
6d4a34
704930
83593d
996c4e
94694c
774f33
60381f
763e25
90553d
a16149
ab654f
c47761
d7856f
d77f6b
c87761
c5755f
c3745f
bb6e5b
a05b4a
7b412e
612f1b
5a2b1c
53261a
4a1e13
491f15
49211a
431d18
3b1713
341310
3b1d17
52342d
47281f
4b2619
603320
6e3a22
80462a
844629
945136
a95f47
bc6c57
d17d69
e18d78
e7947e
e09582
e4a18f
c78d7a
b98b78
96725f
866756
826656
573f32
46332a
3b2b21
382b22
251c15
140d09
140f0c
171410
15140f
191712
1d1b14
16130a
171208
30291f
9d978d
dcd4c9
d4cbc1
ded6cb
e0d8cd
d8d0c5
e1d9ce
dbd3c8
d9d1c6
dcd4c9
dcd4c9
dcd4c9
dcd4c9
dcd4c9
dcd4c9
dbd5c9
dad7c8
dad7c8
dad6c9
dbd7cc
dbd7cc
dcd8cf
dcd8cf
dad6cb
d9d5ca
d8d4cb
d7d2cb
d7d2cc
d9d4cf
dad5d1
ded5d3
dfd5d3
ded6d3
ded6d3
dcd7d3
dbd8d3
dbd8d3
dad9d4
dad9d5
dad9d5
dad9d5
dad9d5
dad9d5
dad9d5
dad9d5
dad9d5
dad9d5
dad9d5
dad9d5
dad9d5
dad9d5
dad9d5
dbdad6
dad9d5
d9d8d4
d8d7d3
d6d5d1
d6d5d1
d7d6d2
d8d7d4
d9d8d6
dad9d7
dbdad8
dbdad8
dbdad8
dbdad8
dad9d7
dbdad8
dbdad8
dbdad8
dbdad8
dbdad8
dbdad8
dbdad8
dadad8
dadad8
dadad8
dadad8
dadad8
dadad8
dadad8
dcddd8
dcdcda
dbdbd9
dadada
d9d9da
d9d9db
d8d7db
d8d8db
d9d9db
dadadc
dbdbdd
dbdbdd
dbdbdd
dbdbdd
dadadc
dadadc
dadadc
dadadc
dadadc
dadadc
dadadc
dadadc
dbdadf
dbdadf
dbdadf
dad9de
d9d8dd
d9d8dd
d9d8dd
d7dbdc
d7dbdc
d5d9da
d4d8db
d2d5da
d0d3d9
cfd2d9
ced1d9
cfd2db
d2d5de
d3d6df
d2d5de
d1d4dd
d1d4dd
d2d5df
d2d4e0
d2d4e0
d1d3df
d1d3df
d0d2de
d0d2de
d0d2de
cbc6c0
cac5be
c9c2ba
c7bfb7
c7beb4
c8bfb4
c9bfb5
ccc0b7
cdc1b5
ccc0b4
cabeb0
c9bdaf
c8bcac
c7bcab
c8baaa
c8b7a9
c6b6a7
c4b4a4
c5b6a3
c4b5a2
c2b39e
c0b09c
c0af9d
c0af9c
bfae9a
c1ad99
c2ad98
c3ae97
c5af98
c3ae9b
c3ae9b
c3ae99
c3ae99
c3af97
c3af96
c3af96
c1af94
c0af93
bfae92
bfab90
bfaa8f
bfaa8f
c0a88e
c0a88e
c1a98f
c5ad93
c8b096
c7af95
c6ae94
c6ae94
c7af95
c8ae95
c8ae95
c7ad94
c7ad94
c8ae95
c9af96
cab097
cab097
c9af96
c9af96
c8ae95
c8ae95
c9af96
cab097
cab097
cab097
cab097
cab097
cbb198
cbb198
cbb198
ccb299
cdb398
ceb499
cdb398
c9af94
c6ac91
c6ac91
c7ad92
c7ad92
c8ae93
cbb196
cdb398
cfb59a
cfb59a
d0b69b
ceb499
ceb499
cfb59a
cfb59a
cfb59a
cfb59a
ceb499
ceb499
cfb59a
ceb499
ceb499
cfb59a
cfb59a
d0b69b
d1b79c
d0b89c
d0b89c
d2ba9d
d3bb9f
d2ba9e
d2ba9e
d2ba9e
d4bca2
d6bea3
d5bba0
d1b79d
d1bba1
c5b59f
8a7d6a
3a2d22
36281f
37271f
3a2a20
3c2a1f
3e2a1f
4f3c30
564333
583f2c
61442f
795740
936c53
906851
6f4933
522e19
6b3e2b
8f5f4b
a56f5c
ad725e
c6836f
d9917c
d58874
ce846d
c67b63
c0725b
b66953
9c5442
793c2c
633021
66382d
683c32
5c342b
502b24
452320
381a19
2d1013
250b0c
2f1410
3e2622
3f2620
46281f
613a2c
814f3b
965c46
a26651
b2725c
c27e69
cf8771
db917b
e39c83
e59f86
d79985
dfa693
c79582
ba8f7e
ab8879
806758
786355
56463a
372921
251911
2f241f
2a211e
140f0d
120e0d
171313
16100e
1a130e
1c140b
191205
1f160a
6b5f57
c9beb8
ddd5cb
d6cfc3
e5ddd2
d8d0c5
d6cec3
e3dbd0
ddd5ca
dad2c7
dbd3c8
dbd3c8
dbd3c8
dbd3c8
dbd3c8
dbd3c8
dad4c8
d9d6c7
d9d6c7
dad6c9
dad6cb
dad6cb
dbd7ce
dbd7ce
dad6cb
d9d5ca
d8d4cb
d7d2cb
d7d2cc
d9d4cf
dad5d1
dfd6d4
dfd5d3
ded6d3
ddd5d2
dbd7d2
dbd8d3
dcd8d3
dcdad5
dbdad6
dbdad6
dbdad6
dbdad6
dbdad6
dbdad6
dbdad6
dad9d5
dad9d5
dad9d5
dad9d5
dad9d5
dad9d5
dad9d5
dbdad6
dad9d5
d9d8d4
d8d7d3
d6d5d1
d6d5d1
d7d6d2
d8d7d4
d9d8d6
dad9d7
dbdad8
dbdad8
dbdad8
dbdad8
dad9d7
dad9d7
dad9d7
dad9d7
dad9d7
dad9d7
dad9d7
dad9d7
dadad8
dadad8
dadad8
dadad8
dadad8
dadad8
dadad8
dbdcd7
dbdbd9
dbdbd9
dadada
d9d9d9
d8d8da
d7d7db
d8d7da
d9d9db
dadadc
dbdbdd
dbdbdd
dbdbdd
dbdbdd
dadadc
dadadc
dadadc
dadadc
dadadc
dadadc
dadadc
dadadc
dbdadf
dbdadf
dbdadf
dad9de
d9d8dd
d9d8dd
d9d8dd
d7dbdc
d7dbdc
d5d9da
d4d8db
d2d5da
d0d3d9
cfd2d9
ced1d9
cfd2db
d2d5de
d3d6df
d2d5de
d1d4dd
d1d4dd
d2d5df
d2d4e0
d2d4e0
d1d3df
d1d3df
d0d2de
d0d2de
d0d2de
cdc8c2
cbc6bf
c9c2ba
c7bfb7
c7beb4
c8bfb4
c9c0b6
cec2b8
cfc3b7
cec2b6
cdc1b3
ccc0b1
cabeae
c9bead
cabdac
ccbcad
cabaab
c8b8a8
c9baa7
c8b9a6
c6b7a2
c5b6a1
c7b6a4
c7b6a3
c6b5a1
c7b39f
c8b39e
cab49d
cab49d
c7b29f
c7b29f
c7b29d
c7b29d
c7b39b
c7b39a
c7b39a
c5b398
c3b296
c2b195
c2ae93
c2ad92
c1ac91
c3ab91
c3ab91
c5ad93
c9b197
ccb49a
ccb49a
cbb399
cab298
cbb399
cdb39a
ccb299
cbb198
cbb198
ccb299
ceb49b
d0b69d
d0b69d
cfb59c
cfb59c
ceb49b
ceb49b
cfb59c
d0b69d
cfb59c
ceb49b
ceb49b
ceb49b
cfb59c
cfb59c
cfb59c
d0b69c
cdb398
ceb499
ceb499
cbb196
c8ae93
c9af94
c9af94
ccb297
cdb398
cfb59a
d0b69b
d2b89d
d2b89d
d2b89d
d0b69b
d1b79c
d1b79c
d2b89d
d2b89d
d1b79c
d1b79c
d0b69b
d0b69b
d0b69b
cfb59a
d0b69b
d0b69b
d1b79c
d2b89d
d0b89d
d1b99d
d3bb9f
d3bb9f
d3bb9f
d3bb9f
d2ba9f
d3bba3
d4bca2
d6bca1
d1b79b
cdb79c
c9b8a0
b6aa94
726558
33251c
32241b
302219
2c1f15
36271e
2f2118
3e2f24
4e3a2c
5e4434
715440
805e4a
805c49
6f4c3c
5e3d2e
624031
795343
9e7263
bf8d7d
cf9785
d19380
cf8f7c
c57f68
be745b
be6f57
c06f59
b16552
9a574a
90574e
8c5a51
82544a
6e443b
542d27
3d1b18
301113
2b0f14
2d1114
3a1914
331611
402620
573931
855e52
b98678
cc8e7f
cf9582
e0a391
eeb09c
efb09a
e9ab92
e0a68a
d6a182
c89880
d9ac97
c19784
9d7766
a8897b
80685a
625042
493b2f
30251d
1a100b
1c130f
1d1614
1a1615
161213
120c0e
1e1212
1a0e09
170b01
25180b
3c2d21
b0a098
e9d7d3
dfd6cc
d2cbbf
e0d8cd
d8d0c5
dcd4c9
ddd5ca
dcd4c9
ded6cb
dcd4c9
dcd4c9
dcd4c9
dcd4c9
dcd4c9
dcd4c9
dbd5c9
dad7c8
dad7c8
dbd7ca
dbd7cc
dcd8cd
dcd8cf
dcd8cf
dbd7cc
dad6cb
d8d4cb
d7d2cb
d7d2cc
d9d4d0
dbd6d2
e0d7d5
e0d6d4
ddd5d2
dcd4d1
dad5d1
dbd8d3
dddad5
dcdad6
dbdad6
dbdad6
dbdad6
dbdad6
dbdad6
dbdad6
dbdad6
dad9d5
dad9d5
dad9d5
dad9d5
dad9d5
dad9d5
dad9d5
dbdad6
dad9d5
d9d8d4
d8d7d3
d6d5d1
d6d5d1
d7d6d2
d8d7d4
d9d8d6
dad9d7
dbdad8
dbdad8
dbdad8
dbdad8
dad9d7
dad9d7
dad9d7
dad9d7
dad9d7
dad9d7
dad9d7
dad9d7
dadad8
dadad8
dadad8
dadad8
dadad8
dadad8
dadad8
dbdcd7
dbdbd9
dadad8
d9d9d9
d9d9d9
d7d8d9
d7d6da
d8d7da
d9d9db
dadadc
dbdbdd
dbdbdd
dbdbdd
dbdbdd
dadadc
dadadc
dadadc
dadadc
dadadc
dadadc
dadadc
dadadc
dbdadf
dbdadf
dbdadf
dad9de
d9d8dd
d9d8dd
d9d8dd
d7dbdc
d7dbdc
d5d9da
d4d8db
d2d5da
d0d3d9
cfd2d9
ced1d9
cfd2db
d2d5de
d3d6df
d2d5de
d1d4dd
d1d4dd
d2d5df
d2d4e0
d2d4e0
d1d3df
d1d3df
d0d2de
d0d2de
d0d2de
cdc8c2
cbc6bf
c9c2ba
c7bfb7
c7bfb5
cac1b6
ccc2b8
d2c6b9
d2c6b8
d2c6b8
d0c4b6
cfc3b5
cec2b4
cdc1b3
cfc1b2
d1c1b1
cfbfb0
cebeaf
cdbeab
ccbdaa
cdbea9
cdbea9
cdbcaa
cdbca9
ccbba7
cebaa6
ceb9a4
cfb9a2
cfb9a2
cdb9a0
cdb9a1
ceb9a1
ceb9a1
cdb9a0
cdb9a0
ccb79f
cab89d
cab99d
c9b89c
c9b59a
c6b196
c4af94
c5ad93
c5ad93
c6ae93
cbb397
cfb79b
ceb69a
cdb599
cdb599
ceb69a
cfb59a
cfb59a
cfb59a
cfb59a
cfb59a
cfb59b
d0b69b
d1b79d
d1b79e
d2b89f
d2b89f
d2b89f
d2b89f
d3b9a0
d1b79e
d0b69d
d0b69d
d0b69d
d0b69d
d0b69d
d0b69d
d0b69c
cfb59a
d0b69b
cfb59a
cbb196
c8ae93
c8ae93
c9af94
cab095
cbb196
cfb59a
d2b89d
d2b89d
d2b89d
d0b69b
d1b79c
d1b79c
d1b79c
d1b79c
d1b79c
d1b79c
d1b79c
d1b79c
d0b69b
d0b69b
d0b69b
d0b69b
d0b69b
d0b69b
d0b69b
d1b79c
d2b89d
d4ba9f
d4ba9f
d4ba9f
d4ba9f
d3b99e
d3b99e
d5bba0
d5bba0
d0b69b
cbb196
cbb297
d3ba9f
b5a290
5b4c3e
302216
2f2218
2e231c
312821
39322e
322a26
44332b
503a2d
5d412e
684734
6f4c3f
67453f
583a38
50392c
5d4436
876859
b08979
cea08f
cc9885
d69f8b
ca8674
bb6f60
b15e52
c2695f
b86357
b5685a
b26d5d
995c4f
82493e
6f392e
502017
3f140d
48231d
40201c
3d1c1a
4b2120
532d26
7c5648
a67e6e
dcae9f
e1aca2
e6aba7
e3aa98
e3aa96
e0ab92
e2b095
e9bba0
deb39b
bc927c
bd9785
be9b8b
b48f86
9e7c75
836660
675248
473a2b
372d1c
34291c
231c11
16120c
11100c
12110e
130f0d
110d09
160f0a
21120a
281109
44291f
664d44
c5b4ab
e2d6ce
d7d3ca
d7d2ca
dcd5cb
ded5cb
dfd5cb
dcd3ca
dad1ca
dcd3ca
ddd3ca
dcd3ca
dcd4c9
dbd5c9
dbd5c9
d9d6c8
d9d6c9
dad6cb
dad6cb
dbd7cc
dbd7cc
dcd8cd
dcd8cd
dcd8cd
dbd6cf
dad5ce
d8d3cd
d7d2ce
d7d2cf
d9d4d1
dbd5d4
dfd8d5
dfd7d4
dfd7d4
ded6d3
ded6d3
dfd7d4
e0d7d5
ddd9d5
dad9d4
dad9d4
dad9d4
dad9d4
dad9d4
dad9d4
dad9d4
d9dad5
d9dad5
d9dad5
d9dad5
d9dad5
d9dad5
d9dad5
dadad8
d9d9d7
d8d8d6
d7d7d5
d5d5d3
d5d5d3
d6d6d4
d7d7d5
d8d8d6
d9d9d7
dadad8
dadad8
dadad8
dadad8
d9d9d7
dadad8
dadad8
dadad8
dadad8
dadad8
dadad8
dadad8
dadad8
dadad8
dadad8
dadad8
dadad8
dadad8
dadad8
dddddb
dddddb
dcdcda
dbdbd9
d9d9d7
d7d7d5
d7d7d6
d7d8d7
d8dad9
d9dbda
dadcdb
dadcdb
dadcdb
dadcdb
d9dbdb
dadbdd
dadbdd
d9dadc
d9dadc
d8d9db
d8d9db
d8d9db
d9d9db
d9d9db
d9d9db
d8d9db
d7dadb
d6dadb
d5dbdb
d7dbdc
d7dbdc
d6dadb
d5d9dc
d3d5da
d0d3d9
ced1d8
cdd0d8
ced1da
cfd2db
d0d3dc
d1d4dd
d2d5de
d1d4dd
d2d4de
d3d5e1
d2d4e0
d0d2de
d0d2de
d0d2de
d0d2de
d1d3df
d0cbc5
cec9c2
ccc5bd
cac2ba
cbc2b8
cec5ba
d0c6bc
d4c8bb
d4c8ba
d3c7b9
d2c6b8
d1c5b7
d0c4b6
cfc3b5
d0c2b4
d1c0b1
cfbfb0
cebeaf
cdbeab
ccbdaa
cdbea9
cdbea9
cdbcaa
cdbca9
ccbba7
cebba6
ceb9a4
cfb9a2
cfb9a2
cdb9a0
cdb9a0
cebaa1
cebaa1
cdb9a0
ccb89f
ccb79f
cab89d
cab99d
c9b89c
c9b59a
c6b196
c4af94
c5ad93
c6ae93
c6ae92
cab296
ceb69a
ceb69a
cdb599
cdb599
cdb599
cfb59a
cfb59a
cfb59a
cfb59a
cfb59a
cfb59a
cfb59a
ceb49b
cfb59c
cfb59c
cfb59c
d0b69d
d0b69d
d1b79e
d0b69d
d0b69d
d0b69d
d0b69d
d0b69d
d0b69d
d0b69d
d0b69c
cfb59a
cfb59a
ceb499
cbb196
c8ae93
c8ae93
c9af94
c9af94
cbb196
cfb59a
d1b79c
d2b89d
d1b79c
cfb59a
d0b69b
d1b79c
d1b79c
d1b79c
d1b79c
d1b79c
d1b79c
d1b79c
d0b69b
d0b69b
d0b69b
d0b69b
d0b69b
d0b69b
d0b69b
d1b79c
d1b79c
d2b89d
d4ba9f
d4ba9f
d3b99e
d3b99e
d4ba9e
d5bba0
d5bba0
d0b69b
cbb196
cdb297
d2b79b
d4c0ab
aa9a89
564739
372920
2d221d
302727
251d20
2b2223
2f241b
3d2e21
473220
49311f
4a3023
442c25
3e2724
453227
553d32
725549
8e6b5c
b88d7d
ca9b88
ddab98
e8ad9b
c48272
aa6154
a6584c
a5594c
a56050
965744
834839
70362b
602a20
501f15
4f241b
5f3a32
5d3b34
5c3832
5a2f28
7f574c
ae8b79
c3a08e
caa294
c0948c
cc9c99
c89b8e
bf9382
c79d88
c49c81
bb947a
bd977e
aa846d
b79781
b39380
a58577
94746c
795e56
615043
443928
2c2413
251f10
1c190e
14140e
131311
151313
171213
191010
1d0c0c
280f0a
4c2a20
785245
836254
c0a99c
e5d4ca
dcd5cc
dcd4cc
dbd4ca
dcd4cc
dcd4cb
dcd3ca
dcd3cc
dcd3ca
ddd3ca
dcd4ca
dcd4c9
dbd5c9
dbd5c9
d9d5c9
d9d5ca
dad6cb
dad6cb
dbd7cc
dbd7cc
dcd8cd
dcd8cd
dcd8cd
dbd7ce
dad6cd
d8d2cc
d7d2ce
d7d2cf
d9d4d1
dbd6d3
ded9d5
ded8d4
ded8d4
ddd7d3
ddd7d3
ded8d4
dfd7d5
dcd9d5
dad9d4
dad9d4
dad9d4
dad9d4
dad9d4
dad9d4
dad9d4
d9dad5
d9dad5
d9dad5
d9dad5
d9dad5
d9dad5
d9dad5
dadad8
d9d9d7
d8d8d6
d7d7d5
d5d5d3
d5d5d3
d6d6d4
d7d7d5
d8d8d6
d9d9d7
dadad8
dadad8
dadad8
dadad8
d9d9d7
dadad8
dadad8
dadad8
dadad8
dadad8
dadad8
dadad8
dadad8
dadad8
dadad8
dadad8
dadad8
dadad8
dadad8
dddddb
dddddb
dcdcda
dbdbd9
d9d9d7
d7d7d5
d7d7d5
d7d8d7
d8dad9
d9dbda
dadcdb
dadcdb
dadcdb
dadcdb
d9dbdb
dadbdd
dadbdd
d9dadc
d9dadc
d8d9db
d8d9db
d8d9db
d9d9db
d9d9db
d9d9db
d8d9db
d7dadb
d6dadb
d5dbdb
d6dadb
d6dadb
d6dadb
d5d9dc
d3d5da
d0d3d9
ced1d8
cdd0d8
ced1da
cfd2db
d0d3dc
d1d4dd
d2d5de
d1d4dd
d1d4de
d2d4e0
d2d4e0
d0d2de
d0d2de
d0d2de
d0d2de
d0d2de
d2cdc7
d0cac4
cdc6be
ccc4bc
ccc4ba
cfc6bb
d1c7be
d5cabd
d6cabc
d5c9bb
d4c8ba
d2c6b8
d1c5b7
d0c4b6
d1c3b4
d1c0b1
cfbfb0
cebeaf
cdbeab
ccbdaa
cdbea9
cdbea9
ccbba9
ccbba8
ccbba7
cdb9a5
ceb9a4
ceb8a2
ceb8a1
ccb89f
cdb9a0
cdb9a0
cdb9a0
cdb9a0
ccb89f
cbb69e
c9b79c
c9b89c
c9b89c
c8b499
c5b095
c3ae93
c5ad93
c5ad92
c5ad91
cab296
ceb69a
ceb69a
cdb599
cdb599
cdb599
ceb499
ceb499
ceb499
ceb499
ceb499
ceb499
ceb499
ceb49b
ceb49b
ceb49b
cfb59c
cfb59c
cfb59c
d0b69d
cfb59c
cfb59c
cfb59c
cfb59c
cfb59c
cfb59c
cfb59c
cfb59b
ceb499
cfb59a
ceb499
cbb196
c8ae93
c7ad92
c8ae93
c9af94
cbb196
ceb499
d1b79c
d1b79c
d1b79c
cfb59a
d0b69b
d0b69b
d0b69b
d0b69b
d0b69b
d0b69b
d0b69b
d0b69b
d0b69b
d0b69b
d0b69b
d0b69b
d0b69b
d0b69b
d0b69b
d0b69b
d1b79c
d3b99e
d3b99e
d3b99e
d3b99e
d2b89d
d4ba9f
d4ba9f
d4ba9f
d1b79c
cdb398
cdb398
d0b69a
ceb9a1
cebda9
9d8c7c
504037
211412
261b1f
281d27
271f25
231d15
2b2318
31281a
35291b
34281c
33241d
30211e
3c2b24
533e37
634a41
6f5146
977465
b18979
c39888
e5b5a4
d19e8d
ca9182
ab6f61
9b5e50
8e5446
7f4939
703a2c
5c2518
5c271c
5c2b20
6a3f33
775045
714d43
785448
7f5746
a37e6d
b1917f
a78a7a
98786d
9f7d74
ab857f
be9e95
aa8a7e
b99a87
b19178
96775b
a18065
9a785d
a4876c
9f826c
917463
7d6156
634c43
524338
3d3526
252111
19190b
18180f
151711
141413
171211
1b1212
201212
351613
4d271a
7b4935
9f6a50
976950
ba9985
e9d1c4
e2d5cc
ded4cb
dbd3cc
d8d3cd
d8d4cd
dbd5cb
ddd6cb
ded5c9
ded4c8
ddd5c9
ddd5ca
dcd6ca
dcd5cb
dad6cb
dad6cb
dad6cb
dad6cb
dbd7cc
dbd7cc
dcd8cd
dcd8cd
dcd8cd
dbd7cc
dad6cb
d8d3cb
d7d2cc
d7d2cd
d9d4d0
dbd6d2
ded9d5
ddd8d4
ddd8d4
dcd7d3
dcd7d3
ddd8d4
ded8d5
dcd9d5
dad9d4
dad9d4
dad9d4
dad9d4
dad9d4
dad9d4
dad9d4
d9dad5
d9dad5
d9dad5
d9dad5
d9dad5
d9dad5
d9dad5
dadbd6
d9dad5
d8d9d4
d7d8d3
d5d6d1
d5d6d1
d6d7d2
d7d8d3
d8d9d4
d9dad5
dadbd6
dadbd6
dadbd6
dadbd5
d9dad6
dadad8
dadad8
dadad8
dadad8
dadad8
dadad8
dadad8
dadad8
dadad8
dadad8
dadad8
dadad8
dadad8
dadad8
dddddb
dddddb
dcdcda
dbdbd9
d9d9d7
d7d7d5
d7d7d5
d7d8d7
d8dad9
d9dbda
dadcdb
dadcdb
dadcdb
dadcdb
d9dbdb
dadbdd
dadbdd
d9dadc
d9dadc
d8d9db
d8d9db
d8d9db
d9d9db
d9d9db
d9d9db
d8d9db
d7dadb
d6dadb
d5dbdb
d6dadb
d6dadb
d5d9da
d4d8db
d3d5da
d1d4d9
d0d3da
ced1d9
cdd0da
cfd2db
d0d3dc
d1d4dd
d2d5de
d1d4dd
d1d4de
d2d4e0
d0d2de
d0d2de
cfd1dd
cfd1dd
d0d2de
d0d2de
d0cbc5
cec9c2
ccc5bd
cac2ba
cac2b8
cdc4b9
cfc5bb
d5c9bc
d6cabc
d5c9bb
d4c8ba
d3c7b9
d2c6b8
d1c5b7
d1c3b4
d1c0b1
cfbfb0
cebeaf
cdbeab
ccbdaa
cdbea9
cdbea9
cbbaa8
ccbba8
cbbaa6
cdbaa5
cdb8a3
ceb8a2
cdb7a0
ccb89f
ccb89f
ccb89f
ccb89f
ccb89f
cbb79e
cbb69e
c8b69b
c8b79b
c8b79b
c8b499
c5b095
c2ad92
c4ac92
c5ad91
c5ad91
c9b195
cdb599
cdb599
ccb498
ccb498
cdb599
cdb398
cdb398
cdb398
cdb398
cdb398
cdb398
cdb398
ceb49b
ceb49b
cfb59c
cfb59c
cfb59c
d0b69d
d0b69d
cfb59c
ceb49b
ceb49b
ceb49b
ceb49b
ceb49b
ceb49b
ceb49a
cdb398
cfb59a
ceb499
cab095
c7ad92
c7ad92
c7ad92
c8ae93
cab095
ceb499
d0b69b
d0b69b
d0b69b
ceb499
cfb59a
cfb59a
cfb59a
cfb59a
cfb59a
cfb59a
cfb59a
cfb59a
d0b69b
d0b69b
d0b69b
d0b69b
d0b69b
d0b69b
d0b69b
d0b69b
d1b79c
d2b89d
d2b89d
d2b89d
d2b89d
d2b89d
d4ba9f
d4ba9f
d3b99e
d2b89d
cfb59a
ceb499
ceb498
ccb79d
c8b79f
d8c6b2
aa998d
5b4c46
1e1110
261a1d
261c20
26201b
201c16
222018
28261e
2a261f
261f1a
231a18
312320
44342f
4a3731
513a32
7a5d53
987a6d
af8f80
cfa997
d0a997
d5aa9a
c49687
bd8c7e
a97769
936254
7d4a3e
713d31
79483c
77483b
8b5f52
9d7467
9d7769
a37e6d
8c6754
ad8a79
ac8c7f
a4867b
9f8076
ac8a80
a47e74
bf9e93
a78679
af8f7b
a6876d
927155
97765a
89674c
8b7055
886f58
7c6254
644b44
44312b
342822
29241b
1a1b0f
15160d
161710
13130d
130e08
1b1007
26160b
371f12
5f3a28
825335
9e6338
a7693a
9e6940
b99277
e9cdbe
e7d4ca
e3d4cb
dcd4cf
d7d5d1
d7d6d0
dad7cd
ded7ca
dfd6c6
dfd6c6
ded5c9
ded6cb
ddd5cc
ddd6cd
dbd6cf
dbd6cd
dad6cb
dad6cb
dbd7cc
dbd7cc
dcd8cd
dcd8cd
dcd8cd
dbd7cc
dad6ca
d8d4c8
d7d3c9
d7d3cb
d9d4cf
dbd6d1
dcd9d5
dbd9d4
dbd9d4
dad8d3
dad8d3
dbd9d4
dcdad5
dbdad5
dad9d4
dad9d4
dad9d4
dad9d4
dad9d4
dad9d4
dad9d4
d9dad5
d9dad5
d9dad5
d9dad5
d9dad5
d9dad5
d9dad5
dadbd5
d9dad4
d8d9d3
d7d8d2
d5d6d0
d5d6d0
d6d7d1
d7d8d2
d8d9d3
d9dad4
dadbd5
dadbd5
dadbd5
dadbd4
d9dad6
dadad8
dadad8
dadad8
dadad8
dadad8
dadad8
dadad8
dadad8
dadad8
dadad8
dadad8
dadad8
dadad8
dadad8
dddddb
dddddb
dcdcda
dbdbd9
d9d9d7
d7d7d5
d7d7d5
d7d8d7
d8dad9
d9dbda
dadcdb
dadcdb
dadcdb
dadcdb
d9dbdb
dadbdd
dadbdd
d9dadc
d9dadc
d8d9db
d8d9db
d8d9db
d9d9db
d9d9db
d9d9db
d8d9db
d7dadb
d6dadb
d5dbdb
d4d8d9
d5d9da
d5d9da
d4d8db
d3d6db
d2d5da
d1d4db
ced1d9
cdd0da
cfd2db
d0d3dc
d1d4dd
d2d5de
d1d4dd
d1d4dd
d2d4e0
d1d3df
cfd1dd
ced0dc
ced0dc
cfd1dd
d0d2de
d1ccc6
cec9c2
ccc5bd
cac2ba
cbc2b8
cec5ba
cfc5bc
d5c9bc
d5c9bb
d4c8ba
d3c7b9
d2c6b8
d1c5b7
cfc4b6
d0c2b4
d1c0b1
cfbfb0
cebeaf
cdbeab
ccbdaa
cdbea9
cdbda9
cbbaa8
cbbaa7
cbbaa6
ccb8a4
cdb8a3
cdb7a1
cdb7a0
cbb79e
ccb89f
ccb89f
ccb89f
ccb89f
cbb79e
cab59d
c8b69b
c8b79b
c7b69a
c7b398
c4af94
c2ad92
c3ab91
c3ab91
c4ac90
c9b195
cdb599
ccb498
ccb498
cbb397
ccb498
cdb398
cdb398
cdb398
cdb398
cdb398
cdb398
cdb398
ccb299
cdb39a
cdb39a
cdb39a
ceb49b
ceb49b
cfb59c
cfb59c
ceb49b
ceb49b
ceb49b
ceb49b
ceb49b
ceb49b
ceb49a
cdb398
ceb499
cdb398
cab095
c7ad92
c6ac91
c7ad92
c8ae93
c9af94
cdb398
d0b69b
d0b69b
d0b69b
ceb499
cfb59a
cfb59a
cfb59a
cfb59a
cfb59a
cfb59a
cfb59a
cfb59a
d0b69b
d0b69b
d0b69b
d0b69b
d0b69b
d0b69b
d0b69b
cfb59a
d0b69b
d2b89d
d2b89d
d2b89d
d2b89d
d1b79c
d4ba9f
d3b99e
d2b89d
d2b89d
d1b79c
cfb59a
cdb397
cfb99f
cfbba2
d2c0a9
d6c5b3
b3a496
584b40
22160d
241a14
292020
201a19
1f1e1d
232321
1f1f1d
211c19
241c1a
2b2122
362929
3b2c28
47342f
6b564d
846c60
998274
b59282
be9a89
ac8777
b08879
be9385
b6877a
a9776b
976459
a37166
b38377
9f7162
a97e6e
b78e7d
b28978
b28d7a
916e60
977569
906f66
8b6860
845e55
9b6f63
a87a6b
b18472
aa7e69
a57c62
9a7355
8f6b4e
89674b
704c35
775e49
755e4d
695147
523a39
332022
241b1c
171514
10100c
161310
181411
18110b
1e1106
311f0b
4f361c
694a2c
846138
9b6b34
a86a27
ac6a25
a66e38
b28b6b
ddc4b3
e8d1c5
e5d2cb
ddd5d1
d8d8d7
d7d9d4
d9d8ce
dcd6c7
ded7c4
dfd6c5
ded7c7
ded6c9
ddd6cc
ddd6cf
dbd6d2
dbd6d0
dad6cb
dad6cb
dbd7cc
dbd7cc
dcd8cd
dcd8cd
dcd8cd
dbd7cb
dad6c9
d8d4c8
d7d3c8
d7d3ca
d9d5ce
dbd6d0
dbd9d4
dad9d4
dad9d4
d9d8d3
d9d8d3
dad9d4
dbdad5
dbdad5
dad9d4
dad9d4
dad9d4
dad9d4
dad9d4
dad9d4
dad9d4
d9dad5
d9dad5
d9dad5
d9dad5
d9dad5
d9dad5
d9dad5
dadbd3
d9dad2
d8d9d1
d7d8d0
d5d6ce
d5d6ce
d6d7cf
d7d8d0
d8d9d2
d9dad2
dadbd3
dadbd3
dadbd3
dadbd2
d9dad5
dadad8
dadad8
dadad8
dadad8
dadad8
dadad8
dadad8
dadad8
dadad8
dadad8
dadad8
dadad8
dadad8
dadad8
dddddb
dddddb
dcdcda
dbdbd9
d9d9d7
d7d7d5
d7d7d5
d7d8d7
d8dad9
d9dbda
dadcdb
dadcdb
dadcdb
dadcdb
d9dbdb
dadbdd
dadbdd
d9dadc
d9dadc
d8d9db
d8d9db
d8d9db
d9d9db
d9d9db
d9d9db
d8d9db
d7dadb
d6dadb
d5dbdb
d4d8d9
d4d8d9
d4d8d9
d4d8db
d3d6db
d2d5da
d1d4db
ced1d9
cdd0da
cfd2db
d0d3dc
d1d4dd
d2d5de
d1d4dd
d1d4de
d1d3df
cfd1dd
cfd1dd
ced0dc
ced0dc
cfd1dd
cfd1dd
d1ccc6
cfcac3
cdc6be
cbc3bb
cbc3b9
cec5ba
d0c6bc
d4c9bd
d6cabd
d5c9bc
d4c8bb
d2c6b9
d0c4b7
cfc3b6
d0c2b4
d1c0b1
cfbfb0
cebeaf
cdbeab
ccbdaa
ccbda8
ccbda8
cbbaa8
cbbaa7
cbbaa5
ccb8a4
ccb7a2
ccb6a0
ccb69f
cbb79e
ccb89f
ccb89f
ccb89f
ccb89f
cbb79e
cab59d
c8b69b
c8b79b
c7b69a
c7b398
c4af94
c2ad92
c3ab91
c3ab91
c4ac90
c8b094
cbb397
ccb498
cbb397
cbb397
ccb498
cdb398
cdb398
cdb398
cdb398
cdb398
cdb398
cdb398
cbb198
cbb198
cbb198
ccb299
ccb299
ccb299
ccb299
ceb49b
ceb49b
ceb49b
ceb49b
ceb49b
ceb49b
ceb49b
ceb49a
cdb398
ceb499
cdb398
c9af94
c6ac91
c6ac91
c7ad92
c7ad92
c9af94
cdb398
cfb59a
d0b69b
d0b69b
ceb499
cfb59a
cfb59a
cfb59a
cfb59a
cfb59a
cfb59a
cfb59a
cfb59a
d0b69b
d0b69b
d0b69b
d0b69b
d0b69b
d0b69b
d0b69b
cfb59a
d0b69b
d1b79c
d2b89d
d2b89d
d2b89d
d1b79c
d4ba9f
d3b99e
d3b99e
d2b89d
d1b79d
d0b69c
cfb49b
ceb59f
d7c1ab
cdb9a1
cebca4
d3c4ac
b6aa94
615642
281f10
19100a
241d19
201d1e
18171a
201d20
1d1918
1e1a17
1c1715
282120
332926
3e302b
52423a
6a564d
877168
997a6e
ac8b7e
866456
835e50
a07669
a5786b
a47367
956457
b6867a
cb9c90
ad7f71
a67a6b
a87e6e
8f6555
9d7565
916e64
7f5f55
826458
715043
5e3828
714331
8c5743
8c5a45
94634d
986a51
92674d
8a634a
825d46
6d4a35
604632
543e2d
443028
362324
2c1d24
281e27
201922
181018
1a0e13
1e100e
27160a
3c260f
5c3f1d
7a572d
8d6537
9e6d2f
a06c28
a66c1e
ae7021
aa7131
aa7f57
d4baa6
ead2c2
e4d3c7
ddd6cf
d7d8d4
d6d8d2
d8d7cc
dbd5c5
ddd6c4
ddd6c5
dcd7c6
dcd6c8
dcd6ca
dcd6cd
dbd6ce
dbd6ce
dbd7cc
dbd7cc
dbd7cc
dbd7cc
dcd8cd
dcd8cd
dcd8cd
dbd8ca
dad6ca
d8d5c9
d7d4c9
d8d4cb
d9d5cd
dbd7cf
dbdad4
dad9d3
dad9d3
d9d8d2
d9d8d2
dad9d3
dbdad4
dbdad5
dad9d4
dad9d4
dad9d4
dad9d4
dad9d4
dad9d4
dad9d4
d9dad5
d9dad5
d9dad5
d9dad5
d9dad5
d9dad5
d9dad5
dadbd4
d9dad3
d8d9d2
d7d8d1
d5d6cf
d5d6cf
d6d7d0
d7d8cf
d8d9d0
d9dad1
dadbd2
dadbd4
dadbd5
dadbd4
d9dad6
dadad8
dadad8
dadad8
dadad8
dadad8
dadad8
dadad8
dadad8
dadad8
dadad8
dadad8
dadad8
dadad8
dadad8
dddddb
dddddb
dcdcda
dbdbd9
d9d9d7
d7d7d5
d7d7d5
d7d8d7
d8dad9
d9dbda
dadcdb
dadcdb
dadcdb
dadcdb
d9dbdb
dadcdd
dadbdc
d9dadb
d9dadb
d8d9da
d8d9da
d8dadb
d9d9db
d9d9db
d8d9db
d7dadb
d6dadb
d5dbdb
d4dbdb
d4d9d9
d4d9d9
d4d9d9
d4d8da
d3d7da
d1d5d9
d0d4d9
ced1d8
ced0d8
cfd2da
d0d3dc
d1d4dd
d2d5de
d1d4de
d1d3de
d1d3df
d0d2de
cfd1dd
cfd1dd
ced0dc
ced0dc
cfd1dd
d1ccc6
cfc9c3
ccc5bd
cac2ba
cac2b8
cdc4b9
cec4bb
d4c9bd
d6cabe
d6cabe
d5c9bd
d3c7bb
d0c4b8
cec3b7
cfc2b4
d1c1b1
cfbfb0
cdbdae
ccbdaa
cbbca9
cbbca7
cbbca7
cbbaa8
cbbaa7
cab9a4
cbb7a3
cbb6a1
cbb59f
cbb59e
cab69d
cbb79e
cbb79e
cbb79e
cbb79e
cab69d
c9b49c
c7b59a
c7b69a
c8b79b
c8b499
c5b095
c2ad92
c3ab91
c3ab90
c4ac90
c6ae92
c9b195
cbb397
ccb498
ccb498
cbb397
ccb297
ccb297
ccb297
ccb297
ccb297
ccb297
ccb297
ccb299
ccb299
ccb299
ccb299
ccb299
ccb299
ccb299
cdb39a
ceb49b
ceb49b
ceb49b
ceb49b
ceb49b
ceb49b
cdb39a
ccb297
ceb499
cdb398
cab095
c7ad92
c6ac91
c6ac91
c8ae93
cab095
cdb398
ceb499
cfb59a
cfb59a
ceb499
cfb59a
cfb59a
cfb59a
cfb59a
cfb59a
cfb59a
cfb59a
cfb59a
cfb59a
cfb59a
d0b69b
d0b69b
d1b79c
d1b79c
d1b79c
d0b69b
d0b69b
d1b79c
d1b79c
d2b89d
d2b89d
d2b89d
d4ba9f
d4ba9f
d4ba9f
d1b79e
cfb59d
cfb59e
d1b7a1
d3b8a6
cfb5a1
d8c2a8
dac6a9
cfc0a1
dbceb1
c0b49a
706851
2e2a17
221d14
1f1a1b
1e181f
1c181f
131212
1d1e1a
1a1d19
21211e
27221f
271c19
2f1f1c
52403c
7d6765
8c736b
9b7e76
82645a
664338
8d665b
986f62
8d6152
946658
9e7063
b18578
aa7e71
946a5c
896152
8b6355
936c5f
825f56
684a3e
6d5443
5f4631
5c3c26
6b402c
7b4733
754632
7b4e3b
855b48
7c5744
6d4c3a
684938
5c3f30
594332
534133
403229
281e1d
1a1118
1b111a
1f121e
1e0e16
281314
422b21
583b22
69451f
7d5323
8e5f2a
9a642b
ab6722
a86d29
a66e25
ac7024
aa6f2a
a47446
d7b79f
e8d4bf
e4d4c4
dcd5ca
d6d7cf
d4d6ce
d7d7cb
dcd6c8
dbd7c6
dad7c6
dad7c6
dad7c8
dad7c8
dad6ca
dad6ca
dbd7cc
dcd8cd
dcd8cd
dcd8cd
dcd8cd
dcd8cd
dcd8cd
dcd8cd
dad8cb
d9d7ca
d9d7ca
d8d5cb
d9d5cd
d9d6ce
dad7d0
dbdad3
dadad2
dadad2
d9d9d1
d9d9d1
dadad2
dbdbd2
dbdad4
dad9d4
dad9d4
dad9d4
dad9d4
dad9d4
dad9d4
dad9d4
d9dad4
d9dad4
d9dad4
d9dad4
d9dad4
d9dad4
d9dad4
dbdcd6
dadbd5
d9dad4
d8d9d3
d6d7d1
d6d7d1
d7d8d2
d6d8ce
d7d9ce
d8d9d1
d9dad2
dadbd5
dbdcd7
dadbd6
dadbd7
dadad8
dadad8
dadad8
dadad8
dadad8
dadad8
dadad8
dbdbd9
dbdbd9
dbdbd9
dbdbd9
dbdbd9
dbdbd9
dbdbd9
dddddb
dddddb
dcdcda
dbdbd9
d9d9d7
d7d7d5
d7d7d5
d7d8d7
d8dad9
d9dbda
dadcdb
dadcdb
dadcdb
dadcdb
dadcdb
dbdddc
d9dbda
d8dad9
d8dad9
d8dad9
d8dad9
d9dbda
d8d9db
d8d9db
d7d9db
d5dbdb
d5dbdb
d4dcdb
d3dcdb
d4dad8
d4dad8
d4dad8
d3d9d9
d2d8d8
d0d5d8
ced4d7
ced2d6
cfd1d6
d0d3d9
d1d4db
d1d4dd
d1d4dd
d1d3df
d0d2de
d1d3df
d1d3df
d0d2de
d0d2de
cfd1dd
cfd1dd
cfd1dd
d1ccc6
cfc9c3
ccc5bd
cac2ba
cac1b7
ccc2b8
cec4ba
d4c9bd
d6cabe
d5c9bd
d4c8bc
d3c7bb
d0c4b8
cec3b7
cfc2b4
d1c1b1
cfbfb0
cdbdae
ccbdaa
cbbca9
cbbca7
cbbca7
cbbaa8
cbbaa7
cab9a4
cbb7a3
cbb6a1
cbb59f
cbb59e
cab69d
cbb79e
cbb79e
cbb79e
cbb79e
cab69d
c9b49c
c7b59a
c7b69a
c8b79b
c8b499
c5b095
c2ad92
c3ab91
c3ab90
c3ab8f
c6ae92
c8b094
cbb397
ccb498
cbb397
cbb397
ccb297
ccb297
ccb297
ccb297
ccb297
ccb297
ccb297
ccb299
ccb299
ccb299
ccb299
ccb299
ccb299
ccb299
cdb39a
ceb49b
ceb49b
ceb49b
ceb49b
ceb49b
ceb49b
cdb39a
ccb297
ceb499
cdb398
cab095
c7ad92
c6ac91
c6ac91
c8ae93
c9af94
cdb398
ceb499
cfb59a
cfb59a
ceb499
cfb59a
cfb59a
cfb59a
cfb59a
cfb59a
cfb59a
cfb59a
cfb59a
cfb59a
cfb59a
d0b69b
d0b69b
d1b79c
d1b79c
d1b79c
d0b69b
d1b79c
d1b79c
d2b89d
d2b89d
d2b89d
d2b89d
d4ba9f
d4ba9f
d4ba9f
d1b79e
cfb59d
cfb59e
d1b6a1
d5bba4
ceb69c
d5c0a2
ddcba9
d0bf9d
cfc0a0
d7c8aa
c3b9a0
8c8775
413c31
1b1413
1e181c
181318
211d1e
1f1e1c
191a1a
1c1c1c
1f1c1c
1c1516
1e1414
322626
4f4142
645049
715a53
7e645b
64463c
86645a
8f6b5e
7c5447
8c6457
926b5f
a07a6e
8f6a5d
876457
6f4e40
795749
755347
65463e
51352b
4b3425
543b2c
5c402e
613d2c
6e4334
6a4332
6d4939
705041
62463a
533c33
534039
50403a
453733
3d312f
2d2424
171112
0e0909
140d09
1b110c
2f2014
533a26
6d5033
825d34
8c5d2a
955f25
a06226
a66324
ab661f
ab6c27
a46821
af6f27
ac6c2a
9a683a
d5b297
e8d0b8
e5d2bf
ded4c9
dad8cf
d7d9d1
d8d9cd
dbd7c9
dbd7c7
dad7c6
dad7c6
dad7c8
dad7c8
dad6ca
dad6ca
dbd7cc
dcd8cd
dcd8cd
dcd8cd
dcd8cd
dcd8cd
dcd8cd
dcd8cd
dad8cb
d9d7ca
d9d7ca
d8d5cb
d9d5cd
d9d6ce
dad7d0
dbdad3
dadad2
dadad2
d9d9d1
d9d9d1
dadad2
dbdbd2
dbdad4
dad9d4
dad9d4
dad9d4
dad9d4
dad9d4
dad9d4
dad9d4
d9dad4
d9dad4
d9dad4
d9dad4
d9dad4
d9dad4
d9dad4
dbdcd6
dadbd5
d9dad4
d8d9d3
d6d7d1
d6d7d1
d7d8d2
d6d8ce
d7d9ce
d8d9d1
d9dad2
dadbd5
dbdcd7
dadbd6
dadbd7
dadad8
dadad8
dadad8
dadad8
dadad8
dadad8
dadad8
dbdbd9
dbdbd9
dbdbd9
dbdbd9
dbdbd9
dbdbd9
dbdbd9
dddddb
dcdcda
dcdcda
dbdbd9
d9d9d7
d8d8d6
d7d7d5
d7d8d7
d8dad9
d9dbda
dadcdb
dadcdb
dadcdb
dadcdb
dadcdb
dbdddc
d9dbda
d8dad9
d8dad9
d8dad9
d8dad9
d9dbda
d8d9db
d8d9db
d7d9db
d5dbdb
d5dbdb
d4dcdb
d3dcdb
d4dad8
d4dad8
d4dad8
d3d9d9
d2d8d8
d0d5d8
ced4d7
ced2d6
cfd1d6
d0d3d9
d1d4db
d1d4dd
d1d4dd
d1d3df
d0d2de
d1d3df
d1d3df
d0d2de
d0d2de
cfd1dd
cfd1dd
cfd1dd
d0cbc5
cec8c2
cbc4bc
c9c1b9
c9c1b7
cbc2b7
cdc3b9
d3c7bc
d4c8bc
d4c8bc
d3c7bb
d2c6ba
d1c5b9
cec3b7
cfc2b4
d1c1b1
cfbfb0
cdbdae
ccbdaa
cbbca9
cbbca7
cbbca7
cbbaa8
cbbaa7
cab9a4
cbb7a3
cbb6a1
cbb59f
cbb59e
cab69d
cbb79e
cbb79e
cbb79e
cbb79e
cab69d
c9b49c
c7b59a
c7b69a
c8b79b
c8b499
c5b095
c2ad92
c3ab91
c3ab90
c3ab8f
c5ad91
c8b094
cab296
cbb397
cbb397
cab296
ccb297
ccb297
ccb297
ccb297
ccb297
ccb297
ccb297
ccb299
ccb299
ccb299
ccb299
ccb299
ccb299
ccb299
cdb39a
cdb39a
cdb39a
cdb39a
cdb39a
cdb39a
cdb39a
cdb399
ccb297
ceb499
cdb398
cab095
c7ad92
c6ac91
c6ac91
c7ad92
c8ae93
ccb297
cdb398
ceb499
ceb499
cdb398
ceb499
ceb499
ceb499
ceb499
ceb499
ceb499
ceb499
ceb499
cfb59a
cfb59a
d0b69b
d0b69b
d1b79c
d1b79c
d1b79c
d1b79c
d1b79c
d2b89d
d2b89d
d3b99e
d3b99e
d3b99e
d4ba9f
d4ba9f
d4ba9f
d1b79e
cfb59d
cfb59e
d1b7a1
d1b8a0
cfb89c
d4c09f
d9c5a2
d6c49f
d8c5a5
d6c4a6
d5c5ac
d6ccb9
a09587
5b5148
312724
1c1311
271e1c
160f0e
141110
191515
201c1c
201c1d
1e181a
241e1f
302a2c
4b3d38
574840
4d3932
4c362d
73594e
886b60
856459
77574c
896a5f
86685d
7a5d51
74594c
644b3e
594133
563e33
4e342d
412a21
342014
3b261b
452f23
4f3327
5a3d31
594033
5b4338
5e4940
503d37
40302c
403231
3c3231
271b1b
221617
1d1313
150c08
1b1105
332715
4e3f27
68502f
7b592f
815b2a
8c5d23
9a6321
a96923
ad651d
aa5e16
b2681e
b16d28
ab6925
b56f2a
b06c2b
9c6536
cba385
eacdb3
e7d1bb
e1d6c6
dcd9d0
d9dbd2
dadace
dbd8ca
dbd8c8
dbd8c7
dbd8c7
dbd8c9
dbd8c9
dbd7cb
dbd7cb
dbd7cc
dcd8cd
dcd8cd
dcd8cd
dcd8cd
dcd8cd
dcd8cd
dcd8cd
dad8cb
d9d7ca
d9d7ca
d8d5cb
d9d5cd
d9d6ce
dad7d0
dbdad3
dadad2
dadad2
d9d9d1
d9d9d1
dadad2
dbdbd2
dbdad4
dad9d4
dad9d4
dad9d4
dad9d4
dad9d4
dad9d4
dad9d4
dadbd5
dadbd5
dadbd5
dadbd5
dadbd5
dadbd5
dadbd5
dbdcd6
dadbd5
d9dad4
d8d9d3
d6d7d1
d6d7d1
d7d8d2
d6d8ce
d7d9ce
d8d9d1
d9dad2
dadbd5
dbdcd7
dadbd6
dadbd7
dadad8
dadad8
dadad8
dadad8
dadad8
dadad8
dadad8
dbdbd9
dbdbd9
dbdbd9
dbdbd9
dbdbd9
dbdbd9
dbdbd9
dcdcda
dcdcda
dbdbd9
dadad8
dadad8
d8d8d6
d8d8d6
d7d9d7
d8dad9
d9dbda
dadcdb
dadcdb
dadcdb
dadcdb
dadcdb
dbdddc
d9dbda
d8dad9
d8dad9
d8dad9
d8dad9
d9dbda
d8d9db
d8d9db
d7d9db
d5dbdb
d5dbdb
d4dcdb
d3dcdb
d4dad8
d4dad8
d4dad8
d3d9d9
d2d8d8
d0d5d8
ced4d7
ced2d6
cfd1d6
d0d3d9
d1d4db
d1d4dd
d1d4dd
d1d3df
d0d2de
d1d3df
d1d3df
d0d2de
d0d2de
cfd1dd
cfd1dd
cfd1dd
d0cbc5
cdc8c1
cbc4bc
c9c1b9
c9c0b6
cbc1b7
cdc3b9
d2c6bb
d3c7bb
d3c7bb
d3c7bb
d2c6ba
d0c4b8
cec3b7
cfc2b4
d1c1b1
cfbfb0
cdbdae
ccbdaa
cbbca9
cbbca7
cbbca7
cbbaa8
cbbaa7
cab9a4
cbb7a3
cbb6a1
cbb59f
cbb59e
cab69d
cbb79e
cbb79e
cbb79e
cbb79e
cab69d
c9b49c
c7b59a
c7b69a
c8b79b
c8b499
c5b095
c2ad92
c3ab91
c3ab90
c2aa8e
c5ad91
c7af93
cab296
cab296
cab296
cab296
ccb297
ccb297
ccb297
ccb297
ccb297
ccb297
ccb297
ccb299
ccb299
ccb299
ccb299
ccb299
ccb299
ccb299
ccb299
ccb299
ccb299
ccb299
ccb299
ccb299
ccb299
ccb298
ccb297
ceb499
cdb398
cab095
c7ad92
c6ac91
c6ac91
c7ad92
c8ae93
cab095
cdb398
ceb499
cdb398
cdb398
cdb398
cdb398
cdb398
cdb398
cdb398
cdb398
cdb398
ceb499
cfb59a
cfb59a
d0b69b
d0b69b
d1b79c
d1b79c
d1b79c
d2b89d
d2b89d
d2b89d
d3b99e
d3b99e
d3b99e
d4ba9f
d4ba9f
d4ba9f
d4ba9f
d1b79e
cfb59d
cfb59e
d1b6a1
d2baa4
d5c0a7
d3bea2
cfba9a
d9c3a4
e1cbaf
dcc5ad
d6c0a9
dac6ae
decab4
c3af9e
816e61
3c291f
24120a
281812
241816
221613
211715
1f1715
1a1212
181312
1b1718
332a27
3f3630
352923
3d2d25
554139
654d43
5f453a
634a40
5f4a3f
513d31
7f6c60
645145
544337
625245
4d3d31
48362f
423028
3a2720
36231c
392821
49382f
47372e
3e342d
3f342e
433833
3b2d29
30221e
2f1f1b
251513
26130a
1f0c02
170500
261304
4c371b
725631
7d5c30
815a28
8e6027
9a692a
9f6b22
9f6517
a66413
ad6816
b26918
b8691d
b56b26
b66d2c
b66928
b46a2c
a86b3c
b48766
edcdaf
edd4ba
e4d6c3
ddd8cc
d8d9cf
d9d9ce
dbd9cc
dcd9c9
dcd9c8
dcd9c8
dcd9ca
dcd9ca
dcd8cc
dcd8cc
dcd8cd
dcd8cd
dcd8cd
dcd8cd
dcd8cd
dcd8cd
dcd8cd
dcd8cd
dad8cb
d9d7ca
d9d7ca
d8d5cb
d9d5cd
d9d6ce
dad7d0
dbdad3
dadad2
dadad2
d9d9d1
d9d9d1
dadad2
dbdbd2
dbdad4
dad9d4
dad9d4
dad9d4
dad9d4
dad9d4
dad9d4
dadad4
dbdcd6
dbdcd6
dbdcd6
dbdcd6
dbdcd6
dbdcd6
dbdcd6
dbdcd6
dadbd5
d9dad4
d8d9d3
d6d7d1
d6d7d1
d7d8d2
d6d8ce
d7d9ce
d8d9d1
d9dad2
dadbd5
dbdcd7
dadbd6
dadbd7
dadad8
dadad8
dadad8
dadad8
dadad8
dadad8
dadad8
dbdbd9
dbdbd9
dbdbd9
dbdbd9
dbdbd9
dbdbd9
dbdbd9
dbdbd9
dbdbd9
dbdbd9
dadad8
dadad8
d9d9d7
d9d9d7
d8d9d8
d8dad9
d9dbda
dadcdb
dadcdb
dadcdb
dadcdb
dadcdb
dbdddc
d9dbda
d8dad9
d8dad9
d8dad9
d8dad9
d9dbda
d8d9db
d8d9db
d7d9db
d5dbdb
d5dbdb
d4dcdb
d3dcdb
d4dad8
d4dad8
d4dad8
d3d9d9
d2d8d8
d0d5d8
ced4d7
ced2d6
cfd1d6
d0d3d9
d1d4db
d1d4dd
d1d4dd
d1d3df
d0d2de
d1d3df
d1d3df
d0d2de
d0d2de
cfd1dd
cfd1dd
cfd1dd
cfcac4
cdc7c1
cac3bb
c8c0b8
c8c0b6
cbc2b7
cdc3b9
d1c5ba
d2c6ba
d2c6ba
d2c6ba
d1c5b9
d0c4b8
cec3b7
cfc2b4
d1c1b1
cfbfb0
cdbdae
ccbdaa
cbbca9
cbbca7
cbbca7
cbbaa8
cbbaa7
cab9a4
cbb7a3
cbb6a1
cbb59f
cbb59e
cab69d
cbb79e
cbb79e
cbb79e
cbb79e
cab69d
c9b49c
c7b59a
c7b69a
c8b79b
c8b499
c5b095
c2ad92
c3ab91
c2aa90
c2aa8d
c4ac90
c7af93
c9b195
cab296
cab296
c9b195
ccb297
ccb297
ccb297
ccb297
ccb297
ccb297
ccb297
ccb299
ccb299
ccb299
ccb299
ccb299
ccb299
ccb299
ccb299
ccb299
ccb299
ccb299
ccb299
ccb299
ccb299
ccb298
ccb297
ceb499
cdb398
cab095
c7ad92
c6ac91
c6ac91
c6ac91
c8ae93
cbb196
ccb297
cdb398
cdb398
ccb297
cdb398
cdb398
cdb398
cdb398
cdb398
cdb398
cdb398
ceb499
cfb59a
cfb59a
d0b69b
d0b69b
d1b79c
d1b79c
d1b79c
d2b89d
d2b89d
d2b89d
d3b99e
d4ba9f
d4ba9f
d4ba9f
d4ba9f
d4ba9f
d4ba9f
d1b79e
cfb59d
cfb59e
d2b7a0
d0b8a5
d4bea9
d5c0a7
d8c0a6
dcc4aa
d9bfa8
d9beac
dfc5b0
d9bfa2
e3c8ad
dec4ab
b79d87
846b59
493022
341d13
1e0c05
200f09
251711
291e19
241c18
1b1513
161210
1d1714
251f1a
413832
342821
3c2b23
47352a
432e23
4e3a30
514035
46352a
524338
5a4c40
423529
54483b
403429
43352d
3c2d26
3d2d27
352620
362923
463c35
302722
242421
22201f
27211e
251a15
21110b
220e06
180300
1b0600
341b07
563b22
6d5030
7a5832
835b2b
875922
8f5d22
9b6627
9c6822
9b6316
9a600d
a46610
af6f19
b6721d
ba691b
b46722
bc7130
b36323
b5682c
b07142
9f704d
f0cdad
f1d6bb
e6d5c2
dcd7ca
d8d7cd
d7d7cd
dbdacd
dcd9ca
dcd9c8
dcd9c8
dcd9ca
dcd9ca
dcd8cc
dcd8cc
dcd8cd
dcd8cd
dcd8cd
dcd8cd
dcd8cd
dcd8cd
dcd8cd
dcd8cd
dad8cb
d9d7ca
d9d7ca
d8d5cb
d9d5cd
d9d6ce
dad7d0
dbdad3
dadad2
dadad2
d9d9d1
d9d9d1
dadad2
dbdbd2
dbdad4
dad9d4
dad9d4
dad9d4
dad9d4
dad9d4
dad9d4
dadad4
dbdcd6
dbdcd6
dbdcd6
dbdcd6
dbdcd6
dbdcd6
dbdcd6
dbdcd6
dadbd5
d9dad4
d8d9d3
d6d7d1
d6d7d1
d7d8d2
d6d8ce
d7d9ce
d8d9d1
d9dad2
dadbd5
dbdcd7
dadbd6
dadbd7
dadad8
dadad8
dadad8
dadad8
dadad8
dadad8
dadad8
dbdbd9
dbdbd9
dbdbd9
dbdbd9
dbdbd9
dbdbd9
dbdbd9
dbdbd9
dbdbd9
dadad8
dadad8
dadad8
dadad8
d9d9d7
d8d9d8
d8dad9
d9dbda
dadcdb
dadcdb
dadcdb
dadcdb
dadcdb
dbdddc
d9dbda
d8dad9
d8dad9
d8dad9
d8dad9
d9dbda
d8d9db
d8d9db
d7d9db
d5dbdb
d5dbdb
d4dcdb
d3dcdb
d4dad8
d4dad8
d4dad8
d3d9d9
d2d8d8
d0d5d8
ced4d7
ced2d6
cfd1d6
d0d3d9
d1d4db
d1d4dd
d1d4dd
d1d3df
d0d2de
d1d3df
d1d3df
d0d2de
d0d2de
cfd1dd
cfd1dd
cfd1dd
d0ccc3
cec9c0
cbc4bc
c9c1b9
c9c0b9
c9bfb9
cabfba
d0c4b8
d3c7b9
d4c8ba
d3c7b9
d1c5b7
cfc3b5
cfc3b5
d0c2b4
d1c0b1
cfbfb0
cdbdae
ccbdaa
cbbca9
cbbca7
cbbca7
cbbaa8
cbbaa8
cab9a6
cbb7a3
cbb6a2
cbb5a0
cbb59e
c9b59a
c9b59a
c9b59a
c9b59a
c9b59a
c9b59a
c9b59a
c7b599
c7b69a
c8b79b
c8b499
c5b095
c2ad92
c3ab91
c3ab90
c5ab90
c7ad92
c9af94
cbb196
cbb196
cbb196
cbb196
cab095
cab095
cab095
cab095
cab095
cab095
cab095
cbb196
cbb196
cbb196
cbb196
cbb196
cbb196
cbb196
ccb297
ccb297
ccb297
ccb297
ccb297
ccb297
ccb297
cbb196
c9af94
ccb297
ccb297
c9af94
c6ac91
c4aa8f
c3a98e
c4aa8f
c6ac91
cab095
cdb398
cfb59a
cfb59a
cfb59a
ceb499
ceb499
ceb499
ceb499
ceb499
ceb499
ceb499
cfb499
d0b59a
d0b59a
d1b69b
d1b69b
d2b79c
d2b79c
d2b79c
d3b79f
d3b79f
d3b79f
d4b8a0
d5b9a1
d5b9a1
d5b9a1
d4bca2
d4bca2
d3bba1
d2baa0
d2baa0
d0b89e
d0b79d
cfbda5
cfc0a9
d2c0aa
d9c2ad
dcc3af
dec1af
dfbfae
dcbdac
e1c3af
e4c5ac
dabb9e
c7aa8b
ad9174
9e8269
846955
4b3a2a
322115
1d1007
1a110b
1c1817
19191c
14161c
1c1716
1b1411
1d1412
241915
30231e
392b23
3c2d24
34271f
413630
41352f
493d37
463a34
2f231d
3a2e28
2c211b
2e271e
27211b
241c1b
221d1c
1f1d19
1b1b14
15150c
0c150f
0d130f
11110e
130b07
160800
220f04
331f0c
5f3824
7a4c31
8d5e35
95642d
925d21
92591d
9b5d25
9f6428
9e6723
9c651f
9b6218
a06717
aa701d
ae741d
ac711a
b37120
b87120
ba6d1e
b5671f
b26a2a
ab6d38
a0693a
d9ae8d
f2d4b8
e8dac4
d6d8c7
d6ddcf
d3d9ca
dbdacc
dbdacd
d8d7cb
dbd6cb
ddd6cc
dcd7cc
dbd9cd
d7dacd
d8dacd
ded7ce
ddd7ce
ddd7ce
ddd7ce
ddd7ce
ddd7ce
ddd7ce
dcd8cc
dbd7cb
dad6ca
d9d5cb
d9d5cc
d9d4cd
dad5cf
d9d8d1
d9d9d1
d9d9d1
d9d9d1
d9d9d1
d9d9d1
d9d9d1
dadad3
dadbd5
dadbd5
dadbd5
dadbd5
dadbd5
dadbd5
dadbd5
dadbd5
dadbd5
dadbd5
dadbd5
dadbd5
dadbd5
dadbd5
d9dad4
d9dad4
d8d9d3
d7d8d2
d7d8d2
d5d6d0
d5d6d0
d4d5d0
d6d7d2
d9dad5
dbdcd7
dcddd8
dbdcd7
dadbd5
d9dad6
dadad8
dadad8
dadad8
dadad8
dadad8
dadad8
dadad8
dadcd9
dadcd9
dadcd9
dadcd9
dadcd9
dadcd9
dadcd9
d9dbd8
dadcd9
dcdedb
dbddda
d8dad7
d7d9d6
d8dad6
d7d9d8
d8dad9
d9dbda
dadcdb
dbdddc
dcdedd
dbdddc
dbdddc
d9dbda
d9dbda
d8dad9
d8dad9
d9dbda
d9dbda
dadcdb
d8dcdd
d8dcdd
d8dcdd
d7dbdc
d6dadb
d6dadb
d6dadb
d5dbd9
d5dbd9
d4dad8
d3d9d9
d1d6d7
d0d5d8
cfd4d7
d0d3d8
d0d3d8
d0d3d8
d0d3d9
d1d4d9
d1d4da
d2d5da
d2d4db
d1d3e0
d2d4e0
d2d4e0
d2d4e0
d1d3df
d0d2de
cfd1dd
d0ccc2
cec9bf
cbc4bb
c9c1b8
c9c0b8
c9c0b8
cac0b9
d0c4b7
d2c6b8
d3c7b9
d3c7b9
d0c4b6
cec2b4
cec2b5
d0c2b4
d1c0b1
cfbfb0
cdbdae
ccbdaa
cbbca9
cbbca7
cbbca7
cbbaa8
cab9a7
cab9a5
cbb7a2
cab6a0
cbb59e
cbb59e
c9b59a
c9b59a
c9b59a
c9b59a
c9b59a
c9b59a
c9b59a
c7b599
c7b69a
c7b69a
c7b398
c5b095
c2ad92
c3ab91
c3ab90
c4aa8f
c7ad92
c9af94
cbb196
cbb196
cbb196
cab095
cab095
cab095
cab095
cab095
cab095
cab095
cab095
cbb196
cbb196
cbb196
cbb196
cbb196
cbb196
cbb196
ccb297
ccb297
ccb297
ccb297
ccb297
ccb297
ccb297
cbb196
c9af94
ccb297
ccb297
c9af94
c6ac91
c4aa8f
c3a98e
c4aa8f
c6ac91
cab095
cdb398
cfb59a
cfb59a
cfb59a
ceb499
ceb499
ceb499
ceb499
ceb499
ceb499
ceb499
cfb499
d0b59a
d0b59a
d1b69b
d1b69b
d2b79c
d2b79c
d2b79c
d3b79f
d3b79f
d3b79f
d4b8a0
d5b9a1
d5b9a1
d5b9a1
d4bca2
d4bca2
d4bca2
d3bba1
d2baa0
d1b99f
d1b89e
cebca3
d0bfa8
d3c1a9
d8c2ac
dbc2ad
ddc2ae
dec0ac
e0c2af
e3c7b2
dbbfa7
e1c4a7
d8bb9d
b09275
a9886d
ab8b73
99806c
735b4b
493426
2c1c13
1d110c
160f0e
171213
191512
181311
17110f
19100e
1b120e
1c130d
1e130c
1c130e
2a221f
271f1c
302824
2d2522
1c1410
261d1a
18110d
15130d
181410
1a1411
1a130e
181109
170e03
150e00
140e03
170e01
211302
331f0e
4c301a
69482b
84623f
92643d
966436
98652e
976222
965c19
9a5b1b
a25f25
a66628
a76a27
a96a25
a76821
ab6c1f
b17121
b1701d
ac6c17
b2711d
b9711c
ba6f1a
b86b1b
b56c25
af6e30
a56a34
b68662
e4c0a1
eddac2
d8d5c4
daddd0
dde0d3
d4d4c7
d6d5c5
dad8c8
ddd7c8
dfd6c8
dfd7c9
ded8c9
dbd9c9
dadaca
dbd9cb
dbd9cb
dbd9cb
dbd9cb
dbd9cb
dbd9cb
dbd9cb
dadacc
d9d9cb
d8d7ca
d7d6cb
d7d6cc
d7d6cd
d8d7cf
d9d9d1
d9d9d1
d9d9d1
d9d9d1
d9d9d1
d9d9d1
d9d9d1
dadad3
dadbd5
dadbd5
dadbd5
dadbd5
dadbd5
dadbd5
dadbd5
dadbd5
dadbd5
dadbd5
dadbd5
dadbd5
dadbd5
dadbd5
d9dad4
d9dad4
d9dad4
d8d9d3
d6d7d1
d6d7d1
d5d6d0
d6d7d1
d7d8d3
d9dad5
dbdcd7
dcddd8
dbdcd7
dadbd6
dadbd7
dadad8
dadad8
dadad8
dadad8
dadad8
dadad8
dadad8
dadcd9
dadcd9
dadcd9
dadcd9
dadcd9
dadcd9
dadcd9
dadcd9
dcdedb
dddfdc
dcdedb
d9dbd8
d8dad7
d8dad7
d7d9d8
d8dad9
d9dbda
dadcdb
dbdddc
dcdedd
dbdddc
dbdddc
d9dbda
d9dbda
d8dad9
d8dad9
d9dbda
d9dbda
dadcdb
d8dcdd
d8dcdd
d8dcdd
d7dbdc
d6dadb
d6dadb
d6dadb
d5dbd9
d5dbd9
d4dad8
d3d9d9
d1d6d7
d0d5d8
cfd4d8
ced2d7
ced1d6
ced1d6
ced1d6
cfd2d7
cfd2d7
d0d3d8
d0d2d9
d0d3dd
d0d3dd
d0d3dd
d0d3dd
cfd2dc
ced1db
ced1db
d0ccc1
cec9be
cbc4ba
c9c1b7
c9c0b7
c9c0b7
cac0b8
cfc3b6
d2c6b8
d3c7b9
d2c6b8
d0c4b6
cec2b4
cec2b4
cfc2b3
d1c1b1
cfbfb0
cdbdae
ccbdaa
cbbca9
cbbca7
cbbca7
cab9a5
cab9a5
c9b8a3
cbb7a0
cab69e
cab49c
cab49c
c9b59a
c9b59a
c9b59a
c9b59a
c9b59a
c9b59a
c9b59a
c6b499
c6b599
c7b69a
c7b398
c4af94
c1ac91
c2aa90
c2aa8f
c4aa8f
c6ac91
c8ae93
cab095
cbb196
cab095
cab095
cab095
cab095
cab095
cab095
cab095
cab095
cab095
cbb196
cbb196
cbb196
cbb196
cbb196
cbb196
cbb196
cbb196
cbb196
cbb196
cbb196
cbb196
cbb196
cbb196
cab095
c9af94
ccb297
ccb297
c9af94
c6ac91
c4aa8f
c3a98e
c4aa8f
c6ac91
cab095
cdb398
cfb59a
cfb59a
cfb59a
ceb499
ceb499
ceb499
ceb499
ceb499
ceb499
ceb499
cfb499
d0b59a
d0b59a
d1b69b
d1b69b
d2b79c
d2b79c
d2b79c
d3b79f
d3b79f
d3b79f
d4b8a0
d5b9a1
d5b9a1
d5b9a1
d5bda3
d5bda3
d4bca2
d3bba1
d2baa0
d2baa0
d1b99f
cfbaa1
d1bda6
d6c1a9
d8c2ab
dbc2ab
dbc1ac
ddc2ac
dcc1ab
dabfa9
dac0a7
e9ceb2
e2c5a7
b49274
a47e60
a77c60
a88068
9d775f
8f6c57
7b5d4b
5f4637
453022
392519
211810
211912
241c15
211812
1b110b
180f07
1c120a
1a110a
1b140e
140d06
160f09
171009
140c06
201812
1a140d
18150c
1e1811
221810
221306
231200
2b1602
331c04
472b0a
533411
6b4824
855d39
94673f
97673a
9a6735
9e662d
9d6424
9b611d
9b5f17
a06119
a86621
b26c2b
b36f2d
b3702c
b46f2b
b16c24
b16b20
b56d21
b56e20
b26a1a
b46d19
ba711a
bc7117
ba6f17
b86f1f
b36e27
ab6928
a36b41
cfa27f
efd0b5
e8d8c7
dcd8cb
dcdbd0
dadacf
d9d9c7
dcd8c5
dfd7c5
e2d6c6
e3d6c6
e2d6c6
e0d9c7
dddac8
dadbc9
dadbc9
dadbc9
dadbc9
dadbc9
dadbc9
dadbc9
d8dacc
d7d9cb
d6d8ca
d5d7cb
d5d7cc
d5d6cd
d6d7cf
d9dad2
dadad2
dadad2
dadad2
dadad2
dadad2
dadad2
dadbd4
dadbd5
dadbd5
dadbd5
dadbd5
dadbd5
dadbd5
dadbd5
dadbd5
dadbd5
dadbd5
dadbd5
dadbd5
dadbd5
dadbd5
dadbd5
dadbd5
d9dad4
d8d9d3
d7d8d2
d6d7d1
d6d7d1
d7d8d2
d8d9d4
d9dad5
dbdcd7
dbdcd7
dbdcd7
dbdcd7
dbdcd8
dbdbd9
dbdbd9
dbdbd9
dbdbd9
dbdbd9
dbdbd9
dbdbd9
dbddda
dbddda
dbddda
dbddda
dbddda
dbddda
dbddda
dadcd9
dcdedb
dddfdc
dbddda
d8dad7
d6d8d5
d6d8d5
d7d9d7
d8dad9
d9dbda
dadcdb
dbdddc
dcdedd
dbdddc
dbdddc
d9dbda
d9dbda
d8dad9
d8dad9
d9dbda
d9dbda
dadcdb
d8dcdd
d8dcdd
d8dcdd
d7dbdc
d6dadb
d6dadb
d6dadb
d5dbd9
d5dbd9
d4dad8
d3d9d9
d1d6d7
d0d5d8
cfd4d8
ced2d6
ced0d5
ced1d6
ced1d6
cfd2d7
cfd2d7
cfd2d7
d0d3d9
d0d3dc
d0d3dc
d1d4dc
d0d3dc
d0d3db
cfd2da
ced1da
d0cdbf
cecabc
cbc5b8
c9c2b5
c9c1b5
c9c0b5
cac0b6
cec2b5
d1c5b7
d2c6b8
d1c5b7
cfc3b5
cdc1b3
cdc1b3
cfc2b3
d1c1b1
cfbfb0
cdbdae
ccbdaa
cbbca9
cbbca7
cbbca6
c9b9a3
c9b9a2
c9b8a0
cab69e
c9b59c
cab59b
c9b49a
c9b59a
c9b59a
c9b59a
c9b59a
c9b59a
c9b59a
c9b59a
c6b499
c6b599
c6b599
c6b297
c3ae93
c0ab90
c1a98f
c2aa8f
c3a98e
c5ab90
c7ad92
cab095
cab095
c9af94
c9af94
cab095
cab095
cab095
cab095
cab095
cab095
cab095
cbb196
cbb196
cbb196
cbb196
cbb196
cbb196
cbb196
cab095
cab095
cab095
cab095
cab095
cab095
cab095
cab095
cab095
ccb297
ccb297
c9af94
c6ac91
c4aa8f
c3a98e
c4aa8f
c6ac91
cab095
cdb398
cfb59a
cfb59a
cfb59a
ceb499
ceb499
ceb499
ceb499
ceb499
ceb499
ceb499
cfb499
d0b59a
d0b59a
d1b69b
d1b69b
d2b79c
d2b79c
d2b79c
d3b79f
d3b79f
d3b79f
d4b8a0
d5b9a1
d5b9a1
d5b9a1
d6bea4
d5bda3
d5bda3
d4bca2
d3bba1
d2baa0
d2baa0
cfb99f
d1bda2
d7c1a7
d9c4aa
dac2a9
dac2a9
ddc5ac
dbc2aa
dcc2a9
e0cab0
e3cbb1
d9bda1
be997b
b58665
ab7655
b27b5d
ae795c
ab7a5d
a4785c
956e54
88664d
86654c
715b47
65513e
5c4836
574433
544130
493727
3b2a1b
312113
2d1e10
28190b
27180a
291a0c
291a0b
291a0d
28190a
312210
3a2816
442f1d
4e351d
5c3d1f
6d4b25
7b582d
976e3b
936737
946536
996537
9a6231
995e28
9b5e25
9f6222
a16421
a46621
a76822
ac6c26
b3712a
b8732e
b8742e
ba742e
b8732d
b46c24
b0681e
b66b22
b96f23
bb6f23
bc7122
c17622
c1751d
be7219
be721e
bb7023
b66b24
a1602e
b07950
dfb597
f8dfcc
e5dace
d3d1c7
d8d9ce
d9ddcb
d9dac6
ddd9c7
e1d7c7
e3d7c8
e3d7c8
e1d8c8
e0daca
dddbcb
dddbcb
dddbcb
dddbcb
dddbcb
dddbcb
dddbcb
dad9cc
d9d8cb
d8d7ca
d7d5cb
d7d5cc
d7d5cd
d8d6cf
dbdad2
dbdbd3
dbdbd3
dbdbd3
dbdbd3
dbdbd3
dbdbd3
dadbd4
dadbd5
dadbd5
dadbd5
dadbd5
dadbd5
dadbd5
dadbd5
dadbd5
dadbd5
dadbd5
dadbd5
dadbd5
dadbd5
dadbd5
dbdcd6
dadbd5
dadbd5
d9dad4
d7d8d2
d7d8d2
d7d8d2
d9dad4
d9dad5
d9dad5
dadbd6
dbdcd7
dcddd8
dcddd8
ddddd9
dcdcda
dcdcda
dcdcda
dcdcda
dcdcda
dcdcda
dcdcda
dcdedb
dcdedb
dcdedb
dcdedb
dcdedb
dcdedb
dcdedb
dadcd9
dbddda
dcdedb
dadcd9
d7d9d6
d5d7d4
d5d7d4
d6d8d7
d8dad9
d9dbda
dadcdb
dbdddc
dcdedd
dbdddc
dbdddc
d9dbda
d9dbda
d8dad9
d8dad9
d9dbda
d9dbda
dadcdb
d8dcdd
d8dcdd
d8dcdd
d7dbdc
d6dadb
d6dadb
d6dadb
d5dbd9
d5dbd9
d4dad8
d3d9d9
d1d6d7
d0d5d8
cfd4d7
cfd3d8
cfd2d7
cfd2d7
cfd2d7
d0d3d8
d0d3d8
d1d4d9
d1d4d9
d1d4da
d1d4da
d1d4db
d1d4da
d0d3d9
ced1d8
cfd2d8
d0cdbe
cecabb
cbc5b7
c9c2b4
c9c1b4
c9c0b4
cac0b5
cec2b5
d1c5b7
d2c6b8
d1c5b7
cfc3b5
cdc1b3
cdc1b3
cfc1b3
d1c1b2
cfbfb0
cdbdae
ccbdaa
cbbca9
cbbca7
cbbca6
c9b9a1
c9b9a0
c8b89f
cab79e
c9b59b
c9b499
c9b498
c9b59a
c9b59a
c9b59a
c9b59a
c9b59a
c9b59a
c9b59a
c6b498
c4b498
c6b599
c6b297
c3ae93
c0ab90
c1a98f
c1a98e
c3a98e
c5ab90
c7ad92
c9af94
cab095
c9af94
c9af94
cab095
cab095
cab095
cab095
cab095
cab095
cab095
cbb196
cbb196
cbb196
cbb196
cbb196
cbb196
cbb196
cab095
cab095
cab095
cab095
cab095
cab095
cab095
cab095
cab095
ccb297
ccb297
c9af94
c6ac91
c4aa8f
c3a98e
c4aa8f
c6ac91
cab095
cdb398
cfb59a
cfb59a
cfb59a
ceb499
ceb499
ceb499
ceb499
ceb499
ceb499
ceb499
cfb499
d0b59a
d0b59a
d1b69b
d1b69b
d2b79c
d2b79c
d2b79c
d3b79f
d3b79f
d3b79f
d4b8a0
d5b9a1
d5b9a1
d5b9a1
d6bea4
d6bea4
d5bda3
d4bca2
d3bba1
d3bba1
d2baa0
d0b89e
d2baa0
d9c1a7
dcc4aa
d8c3a8
d7c2a7
dbc7ab
ddc6ab
ddc5aa
dac6ac
dcc8ae
dbbfa3
c59d7f
bd8967
b07450
b77451
b57551
b57956
b47d5a
aa7957
a07352
9e7352
9d7856
a3805f
a98667
a28264
95775b
8e7156
8f745a
93775f
8a6f56
7f634a
775b42
7a5f46
84684f
856a51
886c51
896b4a
917051
977454
997452
9c724b
9d7344
9f7642
9f7139
9d6e38
9f6c3b
a16b3a
9f6631
9f622a
a26529
a86a2f
ad6f36
b27338
b47437
b17231
ae6f29
ae6f27
b27128
b9752c
bc7830
b8732b
b66e25
b97127
be742b
bf742c
c3742d
c5772a
c07420
bc7119
bd701c
bd6e22
ba6824
af6934
995b30
ba896a
eacab7
eadacf
ddd9d1
dadcd4
d4ddce
d5dccc
d9dacc
dfd9cd
e0d8cd
e2d7cd
e1d9ce
e1d9ce
e2d8cf
e2d8cf
e2d8cf
e2d8cf
e2d8d0
e2d8d0
e2d8d0
ded8cc
ddd7cb
dcd5ca
dbd4cb
dbd4cc
dbd4cd
dcd4cf
dbdad2
dbdbd3
dbdbd3
dbdbd3
dbdbd3
dbdbd3
dbdbd3
dadbd4
dadbd5
dadbd5
dadbd5
dadbd5
dadbd5
dadbd5
dadbd5
dadbd5
dadbd5
dadbd5
dadbd5
dadbd5
dadbd5
dadbd5
dbdcd6
dbdcd6
dadbd5
d9dad4
d8d9d3
d7d8d2
d7d8d2
d9dad4
d9dad5
d9dad5
dadbd6
dbdcd7
dcddd8
ddded9
ddddda
dcdcda
dcdcda
dcdcda
dcdcda
dcdcda
dcdcda
dcdcda
dcdedb
dcdedb
dcdedb
dcdedb
dcdedb
dcdedb
dcdedb
dee0dd
dfe1de
e0e2df
dddfdc
d9dbd8
d7d9d6
d7d9d6
d7d9d7
d8dad9
d9dbda
dadcdb
dbdddc
dcdedd
dbdddc
dbdddc
d9dbda
d9dbda
d8dad9
d8dad9
d9dbda
d9dbda
dadcdb
d8dcdd
d8dcdd
d8dcdd
d7dbdc
d6dadb
d6dadb
d6dadb
d5dbd9
d5dbd9
d4dad8
d3d9d9
d1d6d7
d0d5d8
cfd4d8
ced2d6
cdd0d5
ced1d6
ced1d6
cfd2d7
cfd2d7
cfd2d7
ced1d6
cdd0d5
cdd0d6
ced1d6
ced1d6
cdd0d5
cccfd4
cbced3
d0cdbe
cecabc
ccc6b8
cac3b5
c8c0b3
c8bfb3
c9bfb4
cdc2b4
d1c5b7
d2c6b8
d1c5b7
cfc3b5
cdc1b3
cdc1b3
cec0b2
cfbfb0
cdbdae
ccbcad
cbbca9
cabba8
cabba6
cabba6
c9b8a2
c9b8a2
c8b79f
c9b69e
c9b59c
c9b39a
c9b399
c9b59a
c9b59a
c9b59a
c8b499
c8b499
c8b499
c8b499
c5b397
c3b397
c5b498
c5b196
c3ae93
c0aa90
c0a88e
c0a88d
c1a78c
c4aa8f
c7ad92
c9af94
c9af94
c9af94
c8ae93
c9af94
c9af94
c9af94
c9af94
c9af94
c9af94
c9af94
cab095
cab095
cab095
cab095
cab095
cab095
cab095
c9af94
c9af94
c9af94
c9af94
c9af94
cab095
cab095
cab095
cbb196
cbb196
cbb196
c9af94
c6ac91
c4aa8f
c3a98e
c3a98e
c5ab90
c9af94
ccb297
ceb499
ceb499
ceb499
cdb398
cdb398
cdb398
ceb499
ceb499
cfb59a
cfb59a
cfb59a
d0b69b
d0b69b
d1b79c
d1b79c
d2b89d
d2b89d
d3b89d
d4b79f
d3b79f
d4b8a0
d4b9a1
d4baa2
d5bba2
d5bba2
d6bda2
d7bfa3
d7bfa4
d6bea4
d4bca3
d3bba2
d3baa2
d2b9a1
d5bca2
dac2a8
ddc5ab
dbc4aa
dac4a9
ddc6ac
dcc7ab
dec7aa
e1c8b0
ddc6af
e0c8ad
cdab8d
b4805e
b77451
be7b54
bb7952
b67750
b3774f
b27851
ae7850
ac764f
a87752
a97854
ab7b57
af805c
b28460
b28461
af825f
ae835f
ac825d
aa805b
a97f5a
ab815c
ad835e
a77d58
a57b55
a77b51
a57950
a5764d
a47549
a77747
aa7a46
ae7c47
ae7b44
a9753e
a46e39
a26a35
a26832
a66a31
aa6d34
af6e35
b17036
b17337
ae7233
ad712f
ae722d
b0702b
b4712b
ba762e
bc782f
bc772d
bc762c
c0792d
c2792d
c2782b
c47529
c37526
c07421
bd701c
be6e1d
c06b1f
c16820
ba6830
a05526
9e623d
bc937a
dec6b4
ede0d5
e1d7cf
d7d8c9
d6dbcb
d7d9cc
dadad0
dcd9d1
ded8d1
e0d8d0
e1d8d2
e2d6d2
e2d6d2
e2d6d1
e2d6cf
e2d7ce
e2d7cd
e2d7cd
e0d7cd
dfd6cb
ded4ca
dcd2ca
dcd2cb
ddd3ce
ded3cf
dad9d2
dadad2
dadad2
dbdbd3
dbdbd3
dcdcd4
dcdcd4
dbdbd5
dadbd5
dadbd5
dadbd5
dadbd5
dadbd5
dadbd5
dadbd5
dadbd5
dadbd5
dadbd5
dadbd5
dadbd5
dadbd5
dadbd5
dcddd7
dcddd7
dbdcd6
dadbd5
dadbd5
d8d9d3
d8d9d3
d9dad5
dadbd6
dadbd6
dbdcd7
dcddd8
dcddd8
dedfd9
dcded9
dcddd9
ddddd9
ddddd9
ddddd9
dcddd9
dbdcd8
dbdcd8
dddfdc
dcdedb
dcdedb
dcdedb
dcdedb
dcdedb
dcdedb
dfe1de
e0e2df
e0e2df
dee0dd
dbddda
d9dbd8
d8dad7
d7d9d7
d7d9d8
d8dad9
d9dbda
dadcdb
dbdddc
dadcdb
dadcdb
d9dbda
d9dbda
d9dbda
d9dbda
d8dad9
d8dad9
d8dad9
d6dbdb
d6dcdc
d7dcdd
d7dcdc
d6dbdb
d4dada
d3d8d9
d5d9d8
d4d9d7
d3d8d6
d2d7d7
d1d5d6
cfd3d6
ced2d6
cdd0d5
cccfd4
cccfd4
cdd0d5
cdd0d5
cdd0d5
cdd0d5
cdd0d4
cbced2
cbced2
cbced3
cacdd3
c9ccd2
c8cbd2
c7cad1
d0cdbe
cecabc
ccc6b8
cac3b5
c8c0b3
c8bfb3
c9bfb3
cdc2b4
d1c5b7
d2c6b8
d1c5b7
cec2b4
cdc1b3
ccc0b3
cec0b1
cebdae
ccbcad
cbbbac
cabba8
c9baa7
cabba6
cabba6
c9b8a4
c9b8a3
c8b7a0
c9b69f
c9b59d
c9b39b
c9b39b
c9b59a
c9b59a
c8b499
c8b499
c8b499
c7b398
c7b398
c4b296
c3b296
c5b498
c5b196
c3ae93
bfaa8f
c0a88e
c0a78d
c0a58a
c3a98e
c7ad92
c9af94
c9af94
c9af94
c8ae93
c8ae93
c8ae93
c8ae93
c8ae93
c8ae93
c8ae93
c8ae93
c9af94
c9af94
c9af94
c9af94
c9af94
c9af94
c9af94
c8ae93
c8ae93
c8ae93
c9af94
c9af94
cab095
cab095
cab095
cbb196
cbb196
cbb196
c9af94
c6ac91
c4aa8f
c3a98e
c3a98e
c5ab90
c9af94
ccb297
ceb499
ceb499
ceb499
cdb398
cdb398
ceb499
ceb499
ceb499
cfb59a
cfb59a
cfb59a
d0b69b
d1b79c
d1b79c
d1b79c
d2b89d
d2b89d
d2b89d
d3b79f
d3b79f
d4b9a0
d5bba2
d4bca2
d3bea3
d3bea3
d5bda1
d7bfa3
d8c0a4
d7bfa5
d4bca3
d3bba3
d3baa4
d3bca3
d6bea4
dac2a8
ddc5ab
ddc5ab
ddc5ab
dfc6ad
dcc7aa
ddc7aa
e4c8b2
d9bfaa
dcc6af
d4b89b
b17d5e
ba7354
ba7b52
bb7c53
b6774e
af7148
ae7148
b0754a
ae7349
ae7752
ad7752
ae7752
b57e58
bc865d
be885e
ba8459
b78359
b7865a
b68458
b68458
b48257
b17f53
ac7a4f
a9774c
ad794c
ae7a4c
b07b4b
b17b48
b17c46
b27b43
b37b43
b77d47
b27740
ab6f37
a96c33
ab6d34
b07237
b37339
b67336
b57434
b07331
ab712c
af7430
b77a35
b97834
bd7834
bf7b35
bd7830
bd782d
c0782c
c3792c
c17829
c17825
c57724
c37624
c17523
c07322
c17021
c46c1f
c76a1f
b95d23
b5642e
9f5c2f
905f3c
b28d74
dfc5b2
ecd6c7
e2d9c6
deddca
ddddcf
d8d9d1
d5d6d1
d9d8d3
e0dad5
e1dad5
e0d8d5
e0d9d5
e0d9d3
e0d9d2
e0d9cf
e0dace
e0dace
dfd7cc
ded6cb
dcd4c9
dbd2ca
dbd2cb
ddd4ce
ded5d0
dbd9d2
dadad2
dbdbd3
dbdbd3
dbdbd3
dcdcd4
dcdcd4
dbdbd5
dadbd5
dadbd5
dadbd5
dadbd5
dadbd5
dadbd5
dadbd5
dadbd5
dadbd5
dadbd5
dadbd5
dadbd5
dadbd5
dadbd5
dcddd8
dcddd8
dbdcd7
dadbd6
d9dad5
d8d9d4
d8d9d4
d9dad5
d9dad5
dadbd6
dadbd6
dbdcd7
dcddd8
ddded9
dcddd8
dcddd8
ddded9
ddded9
dcddd8
dbdcd7
dbdcd7
dadbd7
dcdedb
dcdedb
dcdedb
dcdedb
dcdedb
dcdedb
dbddda
dcdedb
dcdedb
dcdedb
dbddda
d9dbd8
d7d9d6
d6d8d5
d5d7d5
d5d7d6
d7d9d8
d8dad9
d9dbda
d9dbda
d9dbda
d9dbda
d8dad9
d8dad9
d8dad9
d8dad9
d7d9d8
d6d8d7
d5d7d6
d3d9d9
d3d9d9
d4dada
d4dada
d4dada
d2d8d8
d0d6d6
d2d6d5
d2d6d5
d1d5d4
d0d4d5
cfd3d4
cdd1d4
cccfd3
cdcfd5
cdd0d5
cdd0d5
cdd0d5
cdd0d5
cdd0d5
cdd0d5
cdd0d4
cbcfd2
cbcfd2
cbced2
c9ccd3
c7cad1
c6c9d2
c5c8d1
cfccbd
cecabc
ccc6b8
cac3b5
c8c0b3
c8bfb3
c9bfb3
cec2b4
d0c4b6
d1c5b7
d1c5b7
cec2b4
ccc0b2
ccc1b3
cec0b1
cebdae
ccbcad
cbbbac
cabba8
c9baa7
cabba6
cabba6
c9b8a4
c9b8a3
c8b7a0
c9b69f
c9b59d
c9b39b
c9b39b
c9b59a
c8b499
c8b499
c8b499
c7b398
c7b398
c7b398
c4b297
c4b497
c5b498
c6b297
c3ae93
bfa98f
bfa78d
bfa68c
c0a58a
c3a98e
c7ad92
c9af94
c9af94
c9af94
c8ae93
c8ae93
c8ae93
c8ae93
c8ae93
c8ae93
c8ae93
c8ae93
c9af94
c9af94
c9af94
c9af94
c9af94
c9af94
c9af94
c8ae93
c8ae93
c9af94
c9af94
c9af94
c9af94
cab095
cab095
cbb196
cbb196
cbb196
c9af94
c6ac91
c4aa8f
c3a98e
c3a98e
c5ab90
c9af94
ccb297
ceb499
ceb499
ceb499
cdb398
ceb499
ceb499
cfb59a
cfb59a
cfb59a
d0b69b
cfb59a
d1b79c
d1b79c
d2b89d
d2b89d
d2b89d
d3b99e
d2b89d
d3b89f
d4b8a0
d4b9a0
d4bba1
d3bda3
d3bfa4
d3bea3
d3bea1
d5c0a3
d6c2a5
d5c0a5
d2bda3
d1bba3
d1bba4
d2bda3
d4bfa5
d8c3a9
dbc6ac
dbc6ac
dbc6ac
dcc7ad
dcc8ac
dcc8ab
e0c6b0
d9c1ae
dfcab3
dbbea2
b88567
b57051
bb7c57
c0815c
be805a
b67a54
b47952
b77c55
b87f57
b37e55
b27d53
b37e54
b78256
bb8759
bb8759
b98454
b88657
b88859
b78758
b78758
b78758
b68656
b28253
b18050
b77f4f
b57c4c
b37a47
b27843
b37841
b67a41
b87b41
b7783e
b6773d
b4743a
b67439
b77439
b77336
b57033
b97537
b97838
b47736
b07531
b57a37
bf813c
c2803d
c37f3b
c47f39
c17b34
bf7a30
c0782c
c1782b
bf7627
be7523
c57725
c37624
c17523
c07321
c1701f
c46c1c
c66a1c
be6422
b36124
a65d2b
945830
885736
9d765a
cfad92
e6d0b8
e7dcc6
e5decb
dbd7cb
d9d7d1
dfddd7
dbd8d2
d6d4ce
d9d8d2
d9d7d1
d9d7d1
d9d7d0
d9d7cf
d9d7ce
d9d7cd
ddd7cb
dcd6ca
dbd4c9
dad3ca
dcd5cd
ddd6cf
ded7d1
dbdad3
dbdbd3
dbdbd3
dbdbd3
dcdcd4
dcdcd4
ddddd5
dcddd6
dbdcd6
dbdcd6
dbdcd6
dbdcd6
dbdcd6
dbdcd6
dbdcd6
dbdcd6
dbdcd6
dbdcd6
dbdcd6
dbdcd6
dbdcd6
dbdcd6
dcddd8
dbdcd7
dbdcd7
dadbd6
d9dad5
d8d9d4
d8d9d4
d7d8d3
d8d9d4
d9dad5
dadbd6
dbdcd7
dbdcd7
dcddd8
dbdcd7
dbdcd7
dbdcd7
dbdcd7
dcddd8
dbdcd7
dadbd6
d9dad6
dadcd9
dadcd9
dadcd9
dbddda
dbddda
dadcd9
dbddda
d8dad7
d8dad7
d8dad7
d7d9d6
d6d8d5
d4d6d3
d3d4d1
d2d4d2
d2d5d4
d3d6d5
d5d8d7
d5d8d7
d7d9d8
d6d9d8
d5d8d7
d4d7d6
d5d8d7
d5d8d7
d5d8d7
d4d7d6
d3d6d5
d2d5d4
d0d6d6
d0d6d6
d0d6d6
d0d6d6
d0d6d6
cfd5d5
ced4d4
d0d4d3
cfd3d2
cfd3d2
ced2d3
cdd1d2
ccd0d3
cbced2
cccfd4
cdd0d5
cccfd4
cccfd4
cccfd4
cccfd4
cccfd4
cccfd4
cbcfd2
cbcfd1
cacdd1
c9ccd3
c8cbd2
c5c8d1
c4c7d0
cfccbd
cdc9bb
cbc5b7
c9c2b4
c7bfb2
c7beb2
c8beb2
cdc1b3
cfc3b5
d1c5b7
d0c4b6
cdc1b3
ccc0b2
cbbfb1
cdbfb1
cebdae
ccbcad
cbbbac
cabba8
c9baa7
cabba6
cabba6
c9b8a4
c9b8a3
c8b7a0
c9b69f
c9b59d
c9b39b
c9b39b
c8b499
c8b499
c7b398
c7b398
c7b398
c6b297
c6b297
c5b397
c5b498
c6b599
c6b297
c3ae93
bfa98e
bea68c
bea68b
c0a68a
c3a98e
c7ad92
c9af94
c9af94
c9af94
c8ae93
c8ae93
c8ae93
c8ae93
c8ae93
c8ae93
c8ae93
c8ae93
c9af94
c9af94
c9af94
c9af94
c9af94
c9af94
c9af94
c9af94
c9af94
c9af94
c9af94
c9af94
c9af94
c9af94
c9af94
cbb196
cbb196
cbb196
c9af94
c6ac91
c4aa8f
c3a98e
c3a98e
c5ab90
c9af94
ccb297
ceb499
ceb499
ceb499
ceb499
ceb499
cfb59a
cfb59a
cfb59a
d0b69b
d0b69b
d0b69b
d1b79c
d2b89d
d2b89d
d2b89d
d3b99e
d3b99e
d3b99e
d3b9a0
d3baa0
d3bca1
d3bea3
d2bea3
d3bfa4
d3bfa4
d3c0a2
d5c2a4
d6c3a5
d5c1a6
d2bea4
d1bda4
d1bda5
d1bda5
d3bfa7
d7c3ab
dac6ae
dac6ae
dac6ae
dbc7af
dcc9af
dac7ac
ddc4b1
dbc4b3
ddcab4
dec5a8
c19172
b37052
b77857
be815e
be815f
b67c59
b47b58
b87f5c
ba835f
b58057
b47f55
b47f55
b68155
b88455
b88455
b78353
bb895a
bd8d5f
bb8b5d
bb8b5d
bc8c5e
bb8b5d
b8895b
b88657
be8253
bc8150
bb7e4c
b97c47
b77941
b5773e
b4753a
b9773d
b8763c
b87339
b97538
bb7539
bb7537
ba7335
b87336
b77637
b57837
b57a36
bb803c
c58842
c98744
c6823e
c37e38
c17b34
bf7a30
c27a2e
c37a2d
c2792a
c17826
c57627
c37624
c17522
c0731f
c1711b
c46d18
c66c16
be661b
ad5914
ad5b21
ae6432
925126
80481f
98653c
c49e79
e0c5a3
eed8be
e7d9c6
dbd3c4
dbd4ca
dfdbd0
dfdcd2
dbdbcf
dbdbcf
dbdbcf
dbdbd1
dbdbd1
dbdbd1
dbdbd0
dcd7cb
dbd6ca
dad5c9
d8d4ca
d9d4cb
dbd6cf
dcd7d1
dadad2
dadad2
dadad2
dbdbd3
dbdbd3
dbdbd3
dcdcd4
dbdbd5
dadbd5
dadbd5
dadbd5
dadbd5
dadbd5
dadbd5
dadbd5
dadbd5
dadbd5
dadbd5
dadbd5
dadbd5
dadbd5
dadbd5
dbdcd7
dbdcd7
dadbd6
d9dad5
d8d9d4
d7d8d3
d7d8d3
d7d8d3
d7d8d3
d7d8d3
d8d9d4
d9dad5
dadbd6
dadbd6
dbdcd7
dadbd6
dbdcd7
dbdcd7
dadbd6
d9dad5
d8d9d4
d8d9d4
d7d9d6
d7d9d6
d8dad7
d9dbd8
d9dbd8
dadcd9
dadcd9
d5d7d4
d5d7d4
d6d8d5
d5d7d4
d5d7d4
d3d5d2
d2d4d1
d0d5d2
d0d6d4
d1d7d5
d2d8d6
d3d9d7
d3d9d7
d3d9d7
d3d9d7
d2d8d6
d3d9d7
d3d9d7
d2d8d6
d1d7d5
d0d6d4
d0d6d4
cfd5d5
ced4d4
ced4d4
ced4d4
cfd5d5
cfd5d5
cfd5d5
d0d4d3
d0d4d3
cfd3d2
ced2d3
ced2d3
cdd1d4
ccd0d4
ced1d6
cfd2d7
ced1d6
ced1d6
cdd0d5
cdd0d5
cccfd4
cccfd4
ccd0d3
ccd0d2
cbcfd2
cacdd3
c8cbd2
c6c9d2
c5c8d1
cecbbc
ccc9ba
cbc5b7
c9c2b4
c7bfb2
c7beb2
c8beb2
ccc0b3
cfc3b5
d0c4b6
cfc3b5
cdc1b3
cbbfb1
cbbfb2
cdbfb1
cebdae
ccbcad
cbbbac
cabba8
c9baa7
cabba6
cabba6
c9b8a4
c9b8a3
c8b7a0
c9b69f
c9b59d
c9b39b
c9b39b
c7b398
c7b398
c7b398
c7b398
c6b297
c6b297
c6b196
c4b296
c6b599
c6b599
c6b297
c2ad92
bea88e
bea68c
bea58a
c0a68b
c3a98e
c7ad92
c9af94
c9af94
c9af94
c8ae93
c8ae93
c8ae93
c8ae93
c8ae93
c8ae93
c8ae93
c8ae93
c9af94
c9af94
c9af94
c9af94
c9af94
c9af94
c9af94
cab095
cab095
c9af94
c9af94
c9af94
c9af94
c8ae93
c9af94
cbb196
cbb196
cbb196
c9af94
c6ac91
c4aa8f
c3a98e
c3a98e
c5ab90
c9af94
ccb297
ceb499
ceb499
ceb499
cfb59a
cfb59a
cfb59a
cfb59a
d0b69b
d0b69b
d0b69b
d2b89d
d2b89d
d2b89d
d2b89d
d3b99e
d3b99e
d3b99e
d4ba9f
d3bba1
d3bba1
d2bca1
d2bea3
d2bfa4
d1c0a4
d2c1a5
d3c1a3
d5c3a4
d5c3a5
d4c1a6
d1bfa4
d0bda4
d1bea5
d0bda6
d2bfa8
d6c3ac
d9c6af
d9c6af
d9c6af
dac7b0
dbc9b1
d9c8ae
dec6b3
dfc8b8
d9c7b3
ddc5ab
c8997c
b67558
b87b5d
bc7f61
bb7f61
b57b5c
b47c5c
b57e5e
b37c5c
b7825d
b9845e
b9845d
ba855c
ba855c
bb865c
bd875b
bf8c63
bf8e67
bc8b64
bb8a63
bb8a63
bb8a63
b98861
b8855c
ba7f53
b87f51
b77d4d
b67a48
b57944
b47740
b4773f
b87841
b67640
b7753e
ba763f
bd7940
be783e
bd783d
b97539
bb7939
bb7e3d
bb803c
c18641
c78a45
c88642
c5813d
c37f39
c17b34
c07b30
c37b2f
c57c2f
c47b2c
c27928
c57627
c37626
c17522
c0741d
c17218
c46e14
c66c14
b8620f
b96316
b55c1a
ac551c
a55621
9b551e
884710
854e1c
a27447
d2ac87
f2d7b9
efdec6
e1d3c2
ddd3c3
e0d8c8
dedcc8
dfdbc8
dedbc9
dedacb
ded9cc
ded9cd
ded9cd
dddbce
dcd9cb
d9d7ca
d7d5ca
d7d4cb
d9d5cd
d9d5cf
d7d8d0
d7d8d0
d8d8d0
d9d9d1
d9d8d1
d9d9d1
dadad2
d9d9d3
d8d9d3
d8d9d3
d8d9d3
d8d9d3
d8d9d3
d8d9d3
d8d9d3
d8d9d3
d8d9d3
d8d9d3
d8d9d3
d8d9d3
d8d9d3
d8d9d3
dadbd6
dadbd6
dadbd6
d9dad5
d7d8d3
d6d8d2
d6d7d2
d5d6d1
d5d6d1
d6d7d2
d7d8d3
d8d9d4
d8d9d4
dadbd6
d9dad5
d8d9d5
dadbd6
dadbd5
d9dad5
d9dad4
d8d9d3
d7d8d2
d4d6d3
d5d7d4
d5d7d4
d8dad6
d8dad7
d8dad7
d9dbd8
d5d7d4
d6d8d5
d6d8d5
d6d8d5
d6d8d5
d4d6d3
d4d6d3
d0d6d3
cfd6d4
d0d8d5
d1d9d6
d2dad7
d2dad7
d2dad7
d2dad7
d1d9d6
d2dad7
d2dad7
d2d9d7
d1d8d6
d0d7d5
cfd7d4
d0d6d6
d0d6d6
cfd5d5
ced4d4
d0d6d6
d1d7d7
d2d8d8
d2d6d6
d2d6d5
d2d6d5
d1d5d6
d1d5d7
d1d5d8
d0d3d7
d1d4d9
d1d4d9
d1d4d9
d0d3d8
cfd2d7
ced1d6
cdd0d5
cdd0d5
ced2d5
ced2d4
cdd1d4
cccfd5
cacdd4
c8cbd5
c7cad4
cecbbc
ccc8ba
cac4b6
c8c1b3
c6beb1
c6bdb1
c7bdb1
cbc0b2
cfc3b5
d0c4b6
cfc3b5
cdc1b3
cbbfb1
cbbfb1
ccbfb0
cebdae
ccbcad
cbbbac
cabba8
c9baa7
cabba6
cabba6
c9b8a4
c9b8a3
c8b7a0
c9b69f
c9b59d
c9b39b
c9b39b
c7b398
c7b398
c7b398
c6b297
c6b297
c5b196
c5b196
c5b397
c6b599
c6b599
c6b297
c2ad92
bea88e
bea68c
bea58a
c0a68b
c3a98e
c7ad92
c9af94
c9af94
c9af94
c8ae93
c8ae93
c8ae93
c8ae93
c8ae93
c8ae93
c8ae93
c8ae93
c9af94
c9af94
c9af94
c9af94
c9af94
c9af94
c9af94
cab095
cab095
cab095
c9af94
c9af94
c8ae93
c8ae93
c9af94
cbb196
cbb196
cbb196
c9af94
c6ac91
c4aa8f
c3a98e
c3a98e
c5ab90
c9af94
ccb297
ceb499
ceb499
ceb499
cfb59a
cfb59a
cfb59a
d0b69b
d0b69b
d1b79c
d1b79c
d1b79c
d2b89d
d2b89d
d3b99e
d3b99e
d4ba9f
d4ba9f
d4ba9f
d2bca0
d2bca1
d2bea2
d2bea3
d1bfa4
d2c1a5
d2c2a5
d2c1a3
d4c3a5
d5c4a7
d4c3a7
d1c0a5
d0bfa5
d0bfa5
cfbea7
d1bfa9
d5c3ad
d8c6b0
d8c6b0
d7c5af
d9c7b1
dccbb3
d9c8b0
dfc9b7
e0ccbb
d5c6b1
dcc5ab
cc9e82
ba785c
b47759
b67a5c
b67b5d
b57b5d
b88061
ba8262
b67e5f
b8815f
b98360
ba8460
bb845f
bb855e
be8760
c08a62
c08c66
be8b68
bb8965
b98663
b98663
b98663
b78561
b6825d
b98057
b67e53
b37b4e
b4794a
b67c4b
bb7f4c
bf824e
b57743
b67845
ba7b46
bf7e49
c17f49
c07c45
bc7840
bd7a3e
c27f40
c28444
c28643
c58946
c78a44
c4823e
c4803c
c7823c
c47e37
c27d32
c37b2f
c47b2e
c37a2b
c27827
c57628
c37626
c17521
c0741c
c07217
c36e13
c56d11
be6810
bd6514
b95e15
b7591a
b25a1d
a45316
8f4506
87450a
7d420c
825023
ac8862
dcc1a4
eddbc3
ecdcc7
e5dac3
e0d9c0
e1dac2
e2dbc6
e3dbc8
e2dac9
e0d8c7
e0d8c9
dfdccf
dddacd
dad7cb
d7d4ca
d7d3ca
d7d3cc
d7d4cd
d6d6ce
d6d6ce
d6d6ce
d7d7cf
d7d7cf
d7d7cf
d8d8cf
d7d7d1
d6d7d1
d6d7d1
d6d7d1
d6d7d1
d6d7d1
d6d7d1
d6d7d1
d6d7d1
d6d7d1
d6d7d1
d6d7d1
d6d7d1
d6d7d1
d6d7d1
dadbd6
dadbd6
d9dad5
d8d9d4
d8d9d4
d6d7d2
d6d7d2
d5d6d1
d5d6d1
d6d7d2
d6d7d2
d7d8d3
d8d9d4
d9dad5
d9dad5
d8d9d4
d9dad5
d9dad5
d9dad5
d8d9d4
d7d8d3
d5d7d2
d3d5d3
d4d6d3
d5d7d4
d6d8d6
d7d9d7
d8dad7
d8dad8
d7d9d6
d7d9d6
d8dad7
d8dad7
d8dad7
d6d8d5
d6d8d5
d1d8d5
cfd8d5
d0d9d7
d1dad7
d2dbd8
d3dcd9
d3dcd9
d2dbd9
d2dbd8
d2dbd9
d3dbd9
d2dbd9
d1dad8
d0d9d6
cfd8d5
d2d8d8
d2d8d8
d1d7d7
d0d6d6
d1d7d7
d3d9d9
d5dbdb
d5d9d9
d5d9d8
d5d9d8
d5d9da
d4d8d9
d4d8db
d4d7db
d4d7dc
d3d6db
d3d6db
d2d5da
d1d4d9
d0d3d8
cfd2d7
cfd2d7
d0d4d7
d0d4d6
cfd3d6
ced1d7
cccfd6
cacdd5
c9ccd4
cbc8b9
cbc8b9
cac4b6
c7c1b3
c5bdb0
c6bdb0
c8beb3
cbbfb1
cdc1b3
cfc3b5
cfc3b5
ccc0b2
cabeb0
c9bdaf
cabdae
ccbcad
cbbbac
cabaab
cabba8
c9baa7
c8b9a4
c8b9a4
c8b7a3
c8b7a2
c7b69f
c8b59e
c8b49c
c8b29a
c8b29a
c8b499
c8b499
c8b499
c7b398
c7b398
c7b398
c6b297
c5b397
c4b397
c5b498
c6b297
c4af94
c0aa90
bea68c
bca389
bea489
c2a88d
c5ab90
c8ae93
c9af94
c8ae93
c8ae93
c7ad92
c7ad92
c7ad92
c7ad92
c7ad92
c7ad92
c7ad92
c8ae93
c8ae93
c8ae93
c9af94
c9af94
cab095
cab095
cab095
cab095
cab095
cab095
cab095
cab095
cab095
cab095
cbb196
cbb196
c9af94
c8ae93
c6ac91
c5ab90
c5ab90
c3a98e
c4aa8f
c7ad92
cab095
cdb398
cfb59a
cfb59a
d0b69c
d0b69d
d0b69d
d1b79e
d1b79e
d2b89f
d2b89f
d1b79d
d1b79b
d1b79c
d2b89d
d3b99e
d4ba9f
d5bba0
d5bba0
d3bc9e
d3bda0
d2bda1
d3bfa4
d2c0a6
d3c2a8
d4c3a9
d1c0a4
d4c3a7
d7c6aa
d6c5a9
d3c2a6
d1c0a4
d0bfa3
d0bea5
d1bfa7
d5c3ab
d8c6ae
d7c5ad
d5c3ab
dac8af
ddcbb5
d7c5b4
dac8b7
d8cab6
d3caaf
dec9ab
cc9b7e
b97056
b47250
ba7856
bb7a58
ba7a57
bd7e5b
bf825f
bf8360
bd8259
bb8056
bc8157
c0855b
c58a60
c78c62
c58a60
c18861
be8762
bd8560
bd8560
bf8762
c08863
c08863
c08761
c1835a
be8157
bd8054
bf8255
c08455
c18455
c08354
ba7b46
be7f4a
c3844f
c78650
c6854d
c28047
bf7c42
c68046
c88348
c88447
c98548
ca8647
ca8645
c98545
cb8744
cc8842
c9843c
c68036
c47d31
c37a2d
c2792a
c27a27
c37623
c27523
c07321
be711f
bc7019
ba7012
b96f0e
bc6d0b
ba670b
b95f0c
b85c0e
b7590f
b05307
a64b00
974904
8b4706
84470b
814b1b
956940
b79272
b9987d
a0826c
957c6a
9e8472
b69e8e
cfb8a9
d8c2b4
e6d0c4
e6d0c4
e1d4ca
e1d5cb
dbd2c9
d7cec8
dad1ce
dcd4d1
d9d0d0
d8d4cb
d9d7cc
d9d7cc
d7d8cc
d7d8cc
d5d8cb
d3d7ca
d3d5cd
d4d5cf
d4d5cf
d5d6d0
d4d5cf
d3d4cf
d3d4ce
d2d3cd
d4d5cf
d6d7d1
d6d7d1
d7d8d2
d7d8d2
d6d7d1
d6d7d1
dad9d5
dad9d5
dad9d5
dad9d5
dad9d5
dad9d5
dad9d5
d9dad5
d9dad5
d9dad5
d9dad5
d9dad5
d9dad5
d9dad5
d9dad4
d9dad4
dadbd6
dadad8
d9d9d7
d9d9d9
d8d8d8
d7d7d7
d6d8d7
d6d8d7
d8dad9
d8dad9
d9dbda
dadcdb
dadcdb
d7dbda
d7dbda
d7dbda
d7dbda
d7dbda
d7dbda
d7dbda
d7dcdc
d7dddd
d7dddd
d7dddd
d7dddd
d7dddd
d7dddd
d7dddd
d9dfdf
d7dddd
d8dede
d9dfdf
d8dede
d5dbdb
d2d8d8
d2d8d8
d2d8d8
d3d9d9
d4dada
d4dada
d6dcdc
d6dcdc
d5dadd
d5dadd
d5dadd
d4d9dc
d4d9dc
d3d8db
d3d8db
d3d6db
d1d4d9
d0d3d8
cfd2d7
cfd2d7
cfd2d7
cfd2d7
d0d3d8
cfd2d7
cfd2d7
cfd2d7
cdd0d5
cccfd4
cacdd2
c9ccd1
cac7b8
cac7b8
cac4b6
c7c0b3
c4bcaf
c5bcaf
c7bdb2
cabfb1
cdc1b3
cfc3b5
cfc3b5
ccc0b2
cabeb0
c9bdaf
cabdae
ccbcad
cbbbac
cabaab
cabba8
c9baa7
c8b9a4
c8b9a4
c8b7a3
c8b7a2
c7b69f
c8b59e
c8b49c
c8b29a
c8b29a
c7b398
c6b297
c6b297
c6b297
c5b196
c5b196
c5b095
c4b296
c4b397
c5b498
c6b297
c4af94
c0aa90
bea68c
bca389
bea488
c1a78c
c5ab90
c8ae93
c9af94
c8ae93
c7ad92
c7ad92
c7ad92
c7ad92
c7ad92
c7ad92
c7ad92
c7ad92
c7ad92
c7ad92
c7ad92
c8ae93
c8ae93
c8ae93
c9af94
c9af94
c9af94
c9af94
c9af94
c9af94
c9af94
c9af94
c9af94
cab095
cab095
c9af94
c8ae93
c6ac91
c4aa8f
c3a98e
c3a98e
c4aa8f
c7ad92
cab095
cdb398
cfb59a
cfb59a
ceb49b
cfb59c
cfb59c
cfb59c
d0b69d
d0b69d
d0b69d
d1b79d
d3b99e
d4ba9f
d4ba9f
d5bba0
d6bca1
d6bca1
d7bda1
d6bea1
d5bea2
d4bfa3
d4bfa5
d2c0a6
d2c0a8
d2c0a8
d4c0a5
d6c2a7
d7c4a9
d6c3a7
d3c0a4
d0bda1
d0bca1
d0bda4
d1bea6
d5c2aa
dac6ae
ddc9b1
ddcab2
dbc8b0
dac8b1
ddcab8
dec8b6
d4c3ae
dbceb3
e0c7a9
bd896d
b0654c
b57150
b97755
bb7957
b97956
bb7b58
bd7f5c
bc7e5b
bc8059
bc8158
bd8259
c0855c
c48961
c58a62
c48960
c48a63
c48a65
c18863
c28863
c48a65
c68c67
c58c67
c48a64
c4855c
c3865b
c5885c
c78a5d
c6895b
c48758
c18455
c3844f
c3844f
c68651
c88750
c7854d
c5824a
c48046
c88248
c98449
ca8649
cb874a
cb8748
cb8746
cb8746
ca8542
c8843d
c68039
c47e34
c37b2f
c47b2e
c47b2c
c47b29
c27522
c17422
c07321
be711f
bc701a
bb7113
ba700f
bc6e0c
bb6a0e
bb630f
b95d0f
b5580c
b05407
aa5202
a24f04
9d4e07
984e0d
8c4811
8b5121
a16d48
a47757
83593d
542d15
3f1908
432210
674a36
866d59
dbc6b3
deccb9
e0d4c7
e1d5c8
dcd1c6
d8cec5
dbd2cb
dfd6d2
ded6d3
dad5cf
dad5cf
dad7d0
d9d7cf
d6d7cf
d5d6ce
d4d5cd
d4d6ce
d5d6ce
d5d6cf
d6d7cf
d5d6ce
d4d5cd
d3d4cd
d3d4cd
d7d8d2
d7d8d2
d9dad4
d9dad4
d9dad4
d9dad4
d9dad4
dcdbd7
dcdbd7
dcdbd7
dcdbd7
dcdbd7
dcdbd7
dcdbd7
dbdcd7
dbdcd7
dbdcd7
dbdcd7
dbdcd7
dbdcd7
dbdcd7
dbdcd6
dbdcd6
dcddd8
dcdcda
dbdbd9
dbdbdb
dadada
d8d9d9
d6d8d7
d7d9d8
d7d9d8
d9dbda
dadcdb
dadcdb
dadcdb
d9dddc
d9dddc
d9dddc
d9dddc
d9dddc
d9dddc
d9dddc
dadfdf
dae0e0
dae0e0
dae0e0
dae0e0
dae0e0
dae0e0
dae0e0
d9dfdf
d7dddd
d8dede
d9dfdf
d8dede
d5dbdb
d2d8d8
d2d8d8
d2d8d8
d2d8d8
d3d9d9
d5dbdb
d5dbdb
d6dcdc
d5dadd
d4d9dc
d4d9dc
d4d9dc
d3d8db
d3d8db
d3d8db
d3d6db
d1d4d9
d0d3d8
cfd2d7
cfd2d7
cfd2d7
cfd2d7
d0d3d8
cfd2d7
cfd2d7
cfd2d7
cdd0d5
cbced3
cacdd2
c9ccd1
cac7b8
cac7b8
c9c3b5
c6c0b2
c4bcaf
c5bcaf
c7bdb1
cabfb1
cdc1b3
cfc3b5
cfc3b5
ccc0b2
cabeb0
c9bdaf
cabdae
ccbcad
cbbbac
cabaab
cabba8
c9baa7
c8b9a4
c8b9a4
c8b7a3
c8b7a2
c7b69f
c8b59e
c8b49c
c8b29a
c8b29a
c6b297
c6b297
c5b196
c5b196
c5b196
c4b095
c4b095
c4b296
c4b397
c5b498
c6b297
c4af94
c0aa90
bea68c
bca389
bea388
c1a78c
c5ab90
c8ae93
c8ae93
c8ae93
c7ad92
c7ad92
c7ad92
c7ad92
c7ad92
c7ad92
c7ad92
c7ad92
c9af94
c9af94
c9af94
c9af94
c9af94
c9af94
c9af94
cab095
cab095
cab095
cab095
cab095
cab095
cab095
cab095
cab095
cbb196
cbb196
cab095
c9af94
c5ab90
c4aa8f
c4aa8f
c5ab90
c9af94
ccb297
ceb499
d0b69b
d0b69b
cfb59c
cfb59c
cfb59c
d0b69d
d0b69d
d0b69d
d1b79e
d2b89e
d4ba9f
d4ba9f
d5bba0
d5bba0
d5bba0
d5bba0
d5bba1
d6bea3
d5bea4
d4bea5
d3bea6
d1bea6
d0bea6
d0bea6
d4c0a5
d6c1a6
d7c2a7
d4bfa4
d1bca1
cfbba0
cfbba0
d0bba3
d4bfa8
d9c4ac
d8c3ab
d8c3ab
dac5ae
dac5ad
d6c2ab
dcc6b3
ebcfbd
e2c9b5
e5cfb5
d7b69a
a76f52
a95d42
b56f4e
ba7554
bc7857
b97755
b97a57
bb7c59
b97a57
bb7f58
bc815a
be835c
c0855e
c28760
c38861
c38861
c58a63
c68c65
c38962
c48a63
c78d66
c88e67
c98f68
c98d66
c98b62
c78a60
c78a5e
c98c5f
c98c5e
c78a5b
c58859
c68752
c58651
c4844f
c4834c
c38149
c28047
c37f46
c98349
cb864b
cb874a
cc884b
cc8849
cc8847
cb8746
ca8543
c7833d
c68039
c37d33
c17a2e
c1782b
c17829
c17826
c17521
c17422
c07321
be711f
bc701a
bb7113
bb7110
ba6e0e
bd6c10
bd6713
b9600e
b55a0a
b05806
af5a03
ad5604
aa5204
a65005
994702
984c12
b77244
cd916c
cb9372
ba8363
905f41
5f3418
3e1b01
381c02
c8b298
e4d2b8
dfd2c0
e1d4c2
dcd1c0
d8ccbf
d9cfc4
ded5cc
e0d6cf
ddd7d2
ddd7d3
dcd7d3
dcd8d3
dbd9d3
d9d8d2
d7d7d0
d8d9d0
d9dad1
d9dad1
d9dad1
d8d9d0
d7d8cf
d6d7ce
d5d7ce
d7d8d3
d8d9d3
dadbd5
dbdcd6
dbdcd6
dbdcd6
dbdcd6
dddcd8
dddcd8
dddcd8
dddcd8
dddcd8
dddcd8
dddcd8
ddded9
ddded9
ddded9
ddded9
ddded9
ddded9
ddded9
ddded8
dcddd7
ddded9
dddddb
dddddb
dcdcdc
dbdbdb
dadada
d7d9d8
d7d9d8
d8dad9
d9dbda
dadcdb
dbdddc
dbdddc
dadedd
dadedd
dadedd
dadedd
dadedd
dadedd
dadedd
dadfdf
d9dfdf
d9dfdf
d9dfdf
d9dfdf
d9dfdf
d9dfdf
d9dfdf
d9dfdf
d7dddd
d8dede
d9dfdf
d8dede
d5dbdb
d2d8d8
d1d7d7
d1d7d7
d2d8d8
d3d9d9
d4dada
d5dbdb
d5dbdb
d4d9dc
d4d9dc
d4d9dc
d3d8db
d3d8db
d3d8db
d2d7da
d2d6da
d1d4d9
d0d3d8
cfd2d7
cfd2d7
cfd2d7
cfd2d7
d0d3d8
cfd2d7
cfd2d7
ced1d6
cdd0d5
cbced3
c9ccd1
c8cbd0
c9c6b7
c9c6b7
c8c2b4
c5bfb1
c3bbae
c4bbae
c6bcb0
cabfb1
cdc1b3
cfc3b5
cfc3b5
ccc0b2
cabeb0
c9bdaf
cabdae
ccbcad
cbbbac
cabaab
cabba8
c9baa7
c8b9a4
c8b9a4
c8b7a3
c8b7a2
c7b69f
c8b59e
c8b49c
c8b29a
c8b29a
c7b398
c6b297
c6b297
c6b297
c5b196
c5b196
c4b095
c4b296
c4b397
c5b498
c6b297
c4af94
c0aa90
bea68c
bca389
bda387
c0a68b
c4aa8f
c7ad92
c7ad92
c7ad92
c6ac91
c7ad92
c7ad92
c7ad92
c7ad92
c7ad92
c7ad92
c7ad92
cab095
cab095
cab095
c9af94
c9af94
c9af94
c8ae93
c9af94
cab095
cab095
cab095
cab095
cab095
cab095
cab095
cab095
ccb297
cdb398
ccb297
cab095
c6ac91
c4aa8f
c4aa8f
c5ab90
c8ae93
cbb196
ceb499
cfb59a
d0b69b
ceb49b
cfb59c
cfb59c
cfb59c
d0b69d
d0b69d
d0b69d
d1b79d
d2b89d
d2b89d
d2b89d
d2b89d
d2b89d
d2b89d
d2b89e
d3bba2
d2bba3
d1bba4
d1bca4
cfbca5
cebca6
cebca8
d3bda3
d4bea3
d5bfa5
d2bca1
d0bba0
cfba9f
d0bca0
cdb89f
d2bca5
d8c1aa
d4bea7
d5bfa8
dbc4ae
dac4ad
dbc5af
e2c9b5
dcbca9
c7a592
bb9c83
af896b
9e6245
b5674a
b36c4c
ba7353
bd7656
bb7655
bb7857
bc7a58
ba7956
ba7d59
bd815c
bf835f
c08460
c08460
c18561
c28663
c68963
c78a62
c58861
c68962
c98c65
cb8e67
cb8e67
cc8f67
ce9067
c98c62
c78a5e
c88b5e
c98c5d
c98c5d
c98c5d
c98a55
c88954
c58650
c4834c
c3814a
c48149
c68249
ca844a
cb864b
cb874a
cb874a
cb8748
ca8645
ca8645
c98542
c8843d
c58038
c17c31
bf782c
be7528
bd7425
bd7522
c07420
c07321
bf7220
be721f
bd711b
bc7214
bc7211
b96f0f
ba6c10
bc6712
ba6310
b65e0b
b35c06
af5d01
a85301
a74f00
ab5201
a95004
a95713
c27842
d5946a
d39770
d49c74
d4a07b
bb8e6b
926d4c
755639
d6bca1
e6d0b6
e1d3ba
e5d7c0
e2d4c0
dacebd
dacebe
dcd1c3
ddd3c6
ddd5cc
ded7ce
ded7cf
dedad0
dedbd1
dddbd1
dddbd0
dcddd2
dddfd3
dcded3
dcded3
dbddd2
d9dbd0
d8dacf
d7d9cf
d7d8d3
d8d9d3
dadbd5
dcddd7
ddded8
ddded8
ddded8
dddcd8
dddcd8
dddcd8
dddcd8
dddcd8
dddcd8
dddcd8
dededa
dedfda
dedfda
dedfda
dedfda
dedfda
dedfda
ddded9
dcddd8
ddded9
dddddb
dddddb
dcdcdc
dbdbdb
dadada
d8dad9
d8dad9
d8dad9
dadcdb
dbdddc
dbdddc
dcdedd
dadedd
dadedd
dadedd
dadedd
dadedd
dadedd
dadedd
d8dddd
d7dddd
d7dddd
d7dddd
d7dddd
d7dddd
d7dddd
d8dede
d9dfdf
d7dddd
d8dede
d9dfdf
d8dede
d5dbdb
d2d8d8
d0d6d6
d1d7d7
d1d7d7
d2d8d8
d4dada
d4dada
d4dada
d3d8db
d3d8db
d3d8db
d3d8db
d2d7da
d2d7da
d1d7d9
d2d5da
d1d4d9
d0d3d8
cfd2d7
cfd2d7
cfd2d7
cfd2d7
d0d3d8
ced1d6
ced1d6
ced1d6
cccfd4
cbced3
c8cbd0
c7cacf
c9c6b7
c9c6b7
c8c2b4
c5bfb1
c3bbae
c4bbae
c6bcb0
cabfb1
cdc1b3
cfc3b5
cfc3b5
ccc0b2
cabeb0
c9bdaf
cabdae
ccbcad
cbbbac
cabaab
cabba8
c9baa7
c8b9a4
c8b9a4
c8b7a3
c8b7a2
c7b69f
c8b59e
c8b49c
c8b29a
c8b29a
c8b499
c7b398
c8b499
c7b398
c6b297
c6b297
c6b196
c4b397
c4b397
c5b498
c6b297
c4af94
c0aa90
bea68c
bba388
bca287
c0a68b
c4aa8f
c7ad92
c7ad92
c7ad92
c6ac91
c7ad92
c7ad92
c7ad92
c7ad92
c7ad92
c7ad92
c7ad92
c8ae93
c8ae93
c8ae93
c7ad92
c6ac91
c6ac91
c5ab90
c7ad92
c8ae93
c8ae93
c8ae93
c8ae93
c8ae93
c8ae93
c7ad92
c7ad92
cab095
cbb196
cbb196
c8ae93
c4aa8f
c1a78c
bea489
c0a68b
c3a98e
c6ac91
c9af94
cab095
cbb196
ccb298
ccb299
ccb299
ccb299
ccb299
cdb39a
cdb39a
ceb49b
cfb599
ceb499
ceb499
ceb499
cdb398
cdb398
ceb499
ceb79e
ceb79f
cdb8a0
ceb8a3
ccbaa5
cdbba7
cdbca8
d1b9a0
d3bba0
d3bca1
d2baa0
d1b99f
d1ba9f
d3bca1
d3baa3
d4bba5
d3baa4
d3baa4
dcc3ac
dfc7b0
d1b9a3
b7a18a
8a715b
654032
562e1e
603b23
7e5337
935437
ad5e40
b36a4a
ba7252
bd7656
bd7756
be7a58
bf7c5a
bc7a58
b97c59
bd815d
c08460
c18561
bf835f
bf835f
c28662
c78963
c98b61
c6885f
c88a61
cb8d64
cd8f66
ce8f67
ce9067
cf9168
cd8f65
cc8f63
cd9063
cc8f60
ca8d5e
c88b5c
ca8b56
c98a55
c88953
c88750
c7854e
c8864d
c9854c
ca844a
ca854a
ca8649
ca8649
c98646
c98544
c88443
c88341
c5813a
c27d35
c07a30
be772b
be7528
be7526
be7623
c07420
c07321
be7120
be721f
bd711b
bc7314
bc7211
b86f0f
b66a0d
b7650e
ba640f
ba640f
b56106
ac5b00
ac5e04
a95802
a55000
a54f00
ad5c12
cb8347
e0a073
dda57d
ddab7f
d9ab81
d6ab85
d3ad8d
d3b397
e7cbb2
dec4ac
e7d7bc
eddec3
ebddc4
e1d4bf
dbd1bd
dbd0bf
dacfbf
d9d1c3
dad3c5
dcd5c7
ddd8c9
dddaca
dedbcb
deddcc
ddddcf
dcded1
dbddd1
dadcd0
d9dbcf
d7d9cc
d6d8cb
d5d7cc
d6d7d2
d8d8d3
dadbd5
dbdcd6
dcddd7
ddded8
ddded8
dcdbd7
dcdbd7
dcdbd7
dcdbd7
dcdbd7
dcdbd7
dcdbd7
ddddd9
ddded9
ddded9
ddded9
ddded9
ddded9
ddded9
ddded8
dcddd7
dcddd8
dcdcda
dcdcda
dbdbdb
dadada
dadada
d8dad9
d8dad9
d9dbda
d9dbda
dbdddc
dcdedd
dcdedd
d9dddc
d9dddc
d9dddc
d9dddc
d9dddc
d9dddc
d9dddc
d8dddd
d7dddd
d7dddd
d7dddd
d7dddd
d7dddd
d7dddd
d8dede
d9dfdf
d7dddd
d8dede
d9dfdf
d8dede
d5dbdb
d2d8d8
d0d6d6
d0d6d6
d1d7d7
d3d9d9
d3d9d9
d4dada
d4dada
d3d8db
d3d8db
d3d8db
d2d7da
d2d7da
d2d7da
d1d6d9
d2d6da
d1d4d9
d0d3d8
cfd2d7
cfd2d7
cfd2d7
cfd2d7
cfd2d7
cdd0d5
cdd0d5
cdd0d5
cccfd4
cacdd2
c8cbd0
c7cacf
cac7b8
c9c5b7
c7c1b3
c5beb0
c3bbae
c3baad
c4baae
cabeb1
ccc0b2
cec2b4
cec2b4
cdc1b3
cabeb0
c8bdaf
c9bcad
cbbbac
cbbbac
cabaab
c9baa7
c8b9a6
c8b9a4
c7b8a3
c8b7a3
c7b6a1
c7b6a0
c8b49d
c7b39b
c8b29a
c8b29a
c7b398
c6b297
c6b297
c5b196
c6b297
c6b297
c4b095
c5af95
c6af95
c7b096
c7b096
c5ad93
c0a78e
bda38a
baa187
bca287
bfa58a
c1a78c
c3a98e
c4aa8f
c4aa8f
c4aa8f
c3a98e
c3a98e
c3a98e
c3a98e
c3a98e
c3a98e
c3a98e
c3a98e
c3a98e
c3a98e
c2a88d
c1a78c
c1a78c
c1a78c
c2a88d
c3a98e
c4aa8f
c4aa8f
c3a98e
c3a98e
c3a98e
c5ab90
c7ad92
c7ad92
c7ad92
c6ac91
c3a98e
c0a68b
bea489
bea489
bfa58a
c1a78c
c3a98e
c5ab90
c6ac91
c7ad92
c8ae94
c9af96
c9af96
cab097
cbb198
cbb198
cbb198
cbb198
cbb197
ccb299
cdb399
ccb299
cbb198
cbb197
cab098
ccb2a0
cdb5a2
cfb6a5
cfb7a6
cfb8a7
d0b8a8
d0b9a8
d7bea8
d2b9a3
d1b7a0
d6bca5
d5bba5
d1b8a1
d2b9a2
d5baa5
d5bba7
d4bcaa
d5beab
dbc4b2
d5baa6
a58873
664832
341204
330900
52260d
714223
8e5637
a05d40
a55a3e
b06848
b56f4e
b97452
ba7655
bb7957
bc7b58
bc7c59
bb7e5c
be825e
bf835f
c18561
c18561
c18561
c28663
c48762
c48862
c68963
c88c65
cb8f67
cd9169
ce9269
cf9269
cf9068
ce9066
cd9164
cd9064
cc8f61
ca8d5e
c98c5d
ca8c56
c98a55
c68752
c6864f
c6854d
c8874c
ca874d
ca864b
cb884d
ce894d
ce894d
cd874a
ca8445
c68041
c37e3b
c27d37
c17c34
bf7a30
bf782b
c07728
bf7726
be7623
c07420
c07321
c07223
be7121
bd711e
bc7017
bb7013
b96b15
b86913
b86810
b7650e
b66509
b26302
ad5e00
a65b00
a65a00
a95701
aa5606
b56520
d08a51
e5a77a
e7b086
dfad82
d8a87e
d5ab83
d8b590
dec09e
e1c7a7
e3ccae
e8d7be
eedcc4
eedec5
e7d7bf
e0d1ba
deceb8
decfb9
d9cebc
d8cebc
d9cebc
dcd1c1
e0d5c5
e1d8c8
e1d7c8
dfd9c9
dedbcc
dedccd
dddcce
dcdbcd
dad9cc
d6d8ca
d5d7cb
d7d9d2
d8dad3
d8dcd5
daddd7
dadfd8
dadfda
d9dfda
dcddda
dcddda
dbdcd9
dbdcd9
dbdcd9
dbdcd9
dbdcd8
dcddd9
ddded9
ddded9
ddded9
ddded9
ddded9
ddded9
dcddd8
dcddd7
ddded9
dddddb
dddddb
dcdcdc
dbdbdb
d9dada
d7dad9
d7dad9
d9dcdb
d9dcdb
dadddc
dbdedd
dbdedd
dadedd
dadedd
dadedd
dadedd
dadedd
dadedd
dadedd
d8dddd
d7dddd
d7dddd
d7dddd
d7dddd
d7dddd
d7dddd
d7dddd
d8dede
d6dcdc
d7dddd
d8dede
d7dddd
d4dada
d2d8d8
d1d6d8
d1d6d8
d1d6d8
d1d7d9
d3d8da
d4d9db
d5dadc
d3d8db
d3d8db
d3d8db
d2d7da
d2d7da
d1d6d9
d1d6d9
d1d6da
d1d5da
d1d5d9
d0d4d8
d0d4d8
d0d4d8
cfd3d8
cfd3d8
ced2d6
ccd1d5
ccd1d5
ccd0d4
cbcfd3
c8ccd1
c6cbcf
cac7b8
c8c4b6
c6c0b2
c3bdaf
c2baad
c2b9ad
c2b8ac
cabeb1
ccc0b2
cdc1b3
cdc1b3
ccc0b2
cabeb0
c8bcae
c8baac
cab9aa
c9b9aa
c8b8a9
c7b8a5
c6b7a4
c6b7a2
c5b6a1
c5b4a0
c4b39e
c3b29c
c4b099
c4b097
c5af97
c5af97
c4af94
c2ae93
c0ac91
c0ac91
c2ae93
c1ad92
bfab90
c2aa90
c4aa91
c5ab92
c4aa91
c2a88f
bea48b
baa087
b89e84
b89e83
baa085
bca287
bda388
bea489
bea489
bea489
bfa58a
bfa58a
bfa58a
bfa58a
bfa58a
bfa58a
bfa58a
bea489
bea489
bea489
bda388
bda388
bda388
bda388
bda388
bfa58a
c2a88d
c1a78c
c0a68b
c0a68b
c2a88d
c3a98e
c5ab90
c5ab90
c5ab90
c3a98e
c2a88d
c0a68b
bfa58a
bfa58a
c0a68b
c1a78c
c2a88d
c3a98e
c5ab90
c6ac91
c7ad93
c8ae95
c9af96
cab097
cbb198
cbb198
cbb198
cbb198
cbb198
cbb198
cbb198
cab097
cab097
c9af96
c9af98
ccb2a3
cfb5a6
d3b8a9
d3b9aa
d3b8a9
d3b9aa
d5baab
d2b7a4
d4b9a4
d8bda8
d8bca7
d5b8a2
d4b7a1
d9bca6
dabea7
d8bca8
d9c1af
d1baa9
b59c8c
8b6e5b
563520
350e00
390f00
50240b
724020
87502e
955634
a25d3e
a85e43
ac6645
b06b4a
b57150
b77553
ba7956
bb7b58
bd7d5a
bf825e
bf835f
c08460
c28662
c38763
c38763
c38763
c38763
c48865
c68a66
c98d68
cb9068
cc9169
cd9268
ce9369
cf9168
ce9066
cc9063
cb8e62
ca8d5f
ca8d5e
cb8e5f
c98c56
c88b55
c68851
c5864f
c6874e
ca884f
cc8a51
cb8a4f
cc8a50
cf8b50
cf8b4e
ce894c
ca8447
c78143
c57f3d
c27f37
c27d36
c17c32
c1792d
c0772a
bf7627
be7624
c07421
c07323
c07325
be7123
bd701f
bb6f1a
ba6f15
bb6a1a
ba6918
b96914
b7670e
b46508
b26303
b16400
a95e00
ab5f00
af5f03
ad5c0b
b86a25
cf8b51
e2a877
e6b285
e1b086
e0b188
e4bb94
e5c49e
e1c6a1
e1cba7
e5d2b1
edddc3
e8d8bd
e4d4b9
e5d4b9
e7d7bb
e7d6bb
e4d4b9
ddd0b7
d9cdb5
d9cdb6
dccfb9
e0d3c0
e2d5c2
e0d2c1
dfd5c3
ded9c6
dfd9c8
dedac9
ddd9ca
dad8c9
d8d6c9
d6d6c9
d5d7cd
d6d8d0
d8dbd3
d9ddd5
dadfd9
d9e0d9
d9dfdb
dadcd9
dbddda
dbddda
dbddda
dbdddb
dbdddb
dbddda
ddded9
ddded9
ddded9
ddded9
ddded9
ddded9
ddded9
dcddd8
dcddd8
ddded9
dddddb
dddddb
dcdcdc
dbdbdb
d9dada
d6dad9
d6dad9
d8dcdb
d8dcdb
d9dddc
dadedd
dadedd
dadedd
dadedd
dadedd
dadedd
dadedd
dadedd
dadedd
d9dede
d8dede
d8dede
d8dede
d8dede
d8dede
d8dede
d8dede
d9dfdf
d7dddd
d7dddd
d8dede
d7dddd
d5dbdb
d2d8d8
d1d6d9
d0d5d8
d0d5d8
d1d6d9
d2d7da
d4d9dc
d5dadd
d3d8db
d3d8db
d2d7da
d2d7da
d2d7da
d1d6d9
d1d6d9
d1d6da
d1d6da
d0d5d9
d0d5d9
d0d5d9
cfd4d8
cfd4d8
cfd4d8
ced3d7
ccd1d5
cbd0d4
ccd1d5
cbd0d4
c8cdd1
c6cbcf
c6c3b4
c4c0b2
c2bcae
c0b9ac
bfb7aa
bfb6aa
c0b6aa
c6bbad
c9bdaf
cabeb0
cabeb0
c9bdaf
c6baac
c4b9ab
c5b7a9
c6b6a7
c5b5a6
c4b4a5
c3b4a1
c3b4a1
c2b39e
c2b29e
bfaf9b
beae99
bdac96
bdaa93
beaa91
bfaa92
c0aa92
bfaa8f
bda88d
bca78c
bca78c
bda88d
bda88d
bba68b
bda48b
bea48b
bfa58c
bfa58c
bda38a
bba188
b79d84
b59b82
b79d81
b89e83
baa085
bba186
bca287
bca287
bca287
bda388
bda388
bda388
bda388
bda388
bda388
bda388
bca287
bca287
baa085
b99f84
b89e83
b89e83
b99f84
bba186
bda388
c0a68b
c0a68b
bfa58a
bfa58a
c1a78c
c2a88d
c2a88d
c3a98e
c4aa8f
c5ab90
c4aa8f
c4aa8f
c3a98e
c2a88d
c3a98e
c4aa8f
c5ab90
c6ac91
c7ad92
c7ad92
c9af96
cbb198
ccb299
cdb39a
ceb49b
ceb49b
ceb49b
cfb59c
ceb49b
ccb299
c9af96
c8ae95
c9af96
cbb198
ccb29a
cfb5a4
d2b8a7
d6bcab
d6bcab
d5bbaa
d6bcab
d7bdac
dcc2ad
ddc2ad
d7bca6
d7b9a2
e0c1a8
e7c6ab
e1bfa4
d3b297
b2937a
977a65
9c806e
907361
5b3b29
2e0b03
300902
5a2b15
764329
7f4629
8d4e2e
985534
9b5435
a45c3e
aa6443
ae6948
b36f4e
b77553
ba7957
bd7d5a
bf7f5c
c18460
c18561
c38763
c48864
c48864
c48864
c48864
c68a66
c88c68
c98d69
c98d68
ca8f67
ca8f67
cb9066
cc9066
ce9067
cd8f65
cb8f62
cb8e61
cb8e5f
cb8e5f
cb8e5f
c68a56
c68a55
c68a53
c68953
c98a53
cc8b54
ce8d55
ce8c53
cd8c53
cd8b51
cc894d
cc884c
cb864a
cb8549
c98343
c5813b
c5803a
c37e35
c27a30
c0762b
be7528
be7424
c17422
c17425
c17327
bf7225
bd7020
ba6e1b
b96d16
bc6b1b
bb6a19
ba6916
b86810
b6670a
b46607
b56603
ae6301
ae6301
b16205
b0610e
bb7229
d19155
dea975
ddae80
daae85
e3b992
e9c59f
e7c9a6
e5ccab
ead6b6
f1e0c0
f1e3c2
e7d9b8
dfd1b0
e2d4b3
e8dab9
e8dab9
e4d6b5
dfd4b4
ddd2b4
ddd2b4
ded2b6
dfd4b9
e0d4ba
dfd4b9
dcd2bb
d8d0bc
d9d2be
d9d3c0
dbd4c3
dbd7c4
ddd8c8
dbd8c9
d7d6cb
d8d8cc
d9dacf
dbdcd2
dbded5
dbdfd7
dbdfd8
d8dad6
d8dad6
d9dbd7
dadcd8
dcdeda
dcdeda
dddfda
dcded9
dcddd8
dcddd8
dcddd8
dcddd8
dcddd8
dcddd8
dcddd7
ddded8
ddded9
dddddb
dddddb
dcdcdc
dbdbdb
d9dada
d6dad9
d6dad9
d8dcdb
d8dcdb
d9dddc
dadedd
dadedd
dadedd
dadedd
dadedd
dadedd
dadedd
dadedd
dadedd
d9dfde
d9dfdf
d9dfdf
d9dfdf
d9dfdf
d9dfdf
d9dfdf
d9dfdf
d9dfdf
d7dddd
d8dede
d9dfdf
d8dede
d6dcdc
d3d9d9
d0d5d8
d0d5d8
d0d5d8
d0d5d8
d2d7da
d3d8db
d4d9dc
d2d7da
d2d7da
d2d7da
d1d6d9
d1d6d9
d1d6d9
d0d5d8
cfd4d8
cfd4d8
cfd4d8
cfd4d8
ced3d7
ced3d7
ced3d7
cdd2d6
ccd1d5
cacfd3
cacfd3
cacfd3
c9ced2
c7ccd0
c4c9cd
c1beaf
bfbcad
beb9ab
bdb6a8
bcb4a7
bdb3a7
bdb3a7
c2b7a9
c4b8aa
c5b9ab
c5b9ab
c4b8aa
c2b6a8
c0b4a6
c1b3a4
c3b3a4
c2b2a3
c1b1a2
c0b19e
c0b19e
bfb09b
bfaf9a
bcab97
baaa95
b8a891
b8a58e
b9a58c
baa58d
bca68e
bea68c
bca48a
bba389
bba389
bda58b
bca48a
baa288
bba188
bca289
bca289
bca289
bba188
b99f86
b79d84
b79d83
b99f83
baa085
bba186
bca287
bca287
bca287
bca287
bda388
bda388
bda388
bda388
bda388
bda388
bda388
bda388
bba186
b99f84
b79d82
b69c81
b69c81
b79d82
bba186
bea489
c0a68b
c0a68b
c0a68b
c0a68b
c2a88d
c4aa8f
c3a98e
c4aa8f
c6ac91
c7ad92
c8ae93
c7ad92
c7ad92
c8ae93
c9af94
c9af94
cab095
cab095
cbb196
ccb296
ceb49a
cfb59c
d0b69d
d1b79e
d2b89f
d2b89f
d2b89f
d3b9a0
d3b9a0
cfb59c
ccb299
cab097
cbb198
ceb49b
d0b69e
d2b9a5
d5bca8
d8bfac
d9c0ac
d8bfab
d9c0ac
dac1ad
d4b9a4
dcc0aa
e4c6ae
e6c5ab
e1bea2
caa486
a67f5f
8a6545
7b573a
846349
a78772
967360
472111
300601
562816
784530
8a5037
854327
90492a
9e5535
9c5434
9f5839
a86242
ac6746
b36f4d
b67452
ba7956
bd7d5a
c0805d
c28561
c38763
c48864
c58965
c68a66
c68a66
c68a66
c98d69
cb8f6b
ca8e6a
c98d68
c98e66
ca8f67
cb9066
cc9066
ce9067
cd8f65
cb8e62
cb8e61
cb8e5f
cc8f60
cc8f60
c48a58
c58a58
c78b57
c98c57
ca8e57
cc8e57
ce8f59
cd8f57
cd8d55
cc8b53
cb894f
c9874d
ca854a
ca864a
c98445
c6813e
c5803b
c37e38
c27a31
c0762b
be7528
be7427
c27525
c17427
c17328
bf7127
bd6f21
ba6e1b
b96d16
bc6a1d
bb6a1b
b96816
b86812
b7670c
b6680a
b86909
b16604
b26606
b3660c
b56817
c37e38
d79d62
dfb07c
ddb588
ddba91
e2c19a
e7c9a3
e8d0ad
ead5b6
e8d8ba
e6d7bb
e1d4b2
e2d5b3
e3d6b4
e4d8b6
e5d9b7
e6d9b7
e6dab8
e3dab5
e4dab6
e4dab7
e3d9b7
e2d7b7
e1d6b8
e2d7b8
e0d5ba
ded2bb
dcd1bb
dbd0bc
dad2bd
dad2bf
dad3c0
dad4c3
dcdacb
dedacc
dedbcf
ddddd0
ddddd2
dcddd2
dbddd2
d7dad3
d8dbd4
d8dbd4
d9dcd5
daddd6
dcdfd8
dcdfd8
dcddd8
dcddd8
dcddd8
dcddd8
dcddd8
dcddd8
dcddd8
dcddd7
ddded8
ddded9
dddddb
dddddb
dcdcdc
dbdbdb
d9dada
d6dad9
d6dad9
d8dcdb
d8dcdb
d9dddc
dadedd
dadedd
dadedd
dadedd
dadedd
dadedd
dadedd
dadedd
dadedd
d9dfde
d9dfdf
d9dfdf
d9dfdf
d9dfdf
d9dfdf
d9dfdf
d9dfdf
d9dfdf
d7dddd
d7dddd
d8dede
d7dddd
d5dbdb
d3d9d9
d0d5d8
cfd4d7
cfd4d7
d0d5d8
d1d6d9
d3d8db
d4d9dc
d2d7da
d2d7da
d1d6d9
d1d6d9
d1d6d9
d0d5d8
d0d5d8
cfd4d8
ced3d7
ced3d7
ced3d7
cdd2d6
cdd2d6
cdd2d6
cdd2d6
ccd1d5
cacfd3
c9ced2
cacfd3
c9ced2
c6cbcf
c3c8cc
c1beaf
bfbcad
beb8aa
bdb6a9
bcb4a7
bdb4a7
beb4a8
c1b5a8
c2b6a8
c3b7a9
c3b7a9
c3b7a9
c0b4a6
beb3a5
bfb1a3
c1b1a2
c0b0a1
bfafa0
bfb09d
beaf9c
bdae99
bdae99
bcaa97
b9a893
b6a58f
b5a28b
b7a38a
b9a48b
bba58d
c0a68d
bfa58c
bca38a
bda48a
bfa58c
bea58b
bca389
bda38a
bda38a
bda38a
bda38a
bda38a
bca289
bca289
bba187
bba186
bca287
bea489
bea489
bea489
bea489
bda388
bfa58a
bfa58a
bfa58a
bfa58a
bfa58a
bfa58a
bfa58a
c1a78c
c0a68b
bca287
b99f84
b89e83
b99f84
baa085
bda388
c0a68b
c3a98e
c4aa8f
c4aa8f
c4aa8f
c6ac91
c8ae93
c6ac91
c7ad92
c9af94
cab095
cbb196
cab095
cab095
ccb297
cdb398
cdb398
cdb398
ceb499
ceb499
ceb499
ceb59a
d0b69d
d1b79e
d2b89f
d3b9a0
d4baa1
d3b9a0
d4baa1
d5bba2
d2b89f
cfb59c
cdb39a
cdb39a
cfb59c
d0b69e
d3baa5
d6bda8
d9c0ab
dac1ac
d9c0ab
dac1ac
dbc2ad
dcc2ad
dcc0aa
d7b89f
c7a488
b18a6b
a07655
9b6e4c
936a45
88623f
926e50
b7927c
a07a66
441a0a
3b0c07
73402b
844b37
8b4b33
90462b
964829
a35534
a75d3c
a05b3a
a96242
ad6847
b26e4d
b57351
b87755
bb7b58
be7e5b
c28561
c38763
c48864
c68a66
c88c68
c98d69
ca8e6a
cc906c
cd916d
ca8e6b
c98d68
c98e66
ca8f67
cc9167
cd9168
cd8e66
cd8e65
cb8f62
cb8e61
cc8f60
cc8f60
cd9061
c58d5b
c68d5c
c88d5b
ca8f5a
cc8f5a
cd905a
ce905a
cd8f59
cc8d57
ca8c55
ca8951
c8864d
c68349
c58246
c48042
c37e3c
c37d3a
c17b36
c17932
c0762d
bf752a
bf7429
c37628
c27429
c1732a
bf7128
bc6f23
ba6d1b
b86c17
ba681c
b9681b
b76616
b66511
b5660d
b8680b
b9690b
b3670a
b2670d
b46814
b96e23
ca8a48
dfaa74
e4b98c
debc93
dec29b
e3c9a3
e6ceaa
ead6b5
efddbf
eadbbf
e1d3b9
d6cbad
ded3b6
e5dabc
e5dabc
e3d8ba
e4d9bc
e9dec1
e6dcb8
e6dcb8
e7ddbb
e6dcba
e4d9ba
e3d8ba
e4dabc
e7dabf
e8d8c0
e6d7be
e2d4be
ded2bb
d9ceb9
d4cbb6
d5ccb9
dad5c4
dcd5c5
ded8c9
dedacc
dfdccf
dedccf
deddd0
d9dcd3
d9dcd3
d9dcd3
d9dcd4
dadcd4
daddd5
dbddd5
dbdcd6
dbdcd7
dbdcd7
dbdcd7
dbdcd7
dbdcd7
dbdcd7
dbdcd7
ddded8
ddded9
dddddb
dddddb
dcdcdc
dbdbdb
d9dada
d6dad9
d6dad9
d8dcdb
d8dcdb
d9dddc
dadedd
dadedd
dadedd
dadedd
dadedd
dadedd
dadedd
dadedd
dadedd
d9dede
d8dede
d8dede
d8dede
d8dede
d8dede
d8dede
d8dede
d8dedd
d5dbdb
d5dbdb
d6dddc
d5dcdb
d3d9d9
d1d7d7
cfd4d7
cfd4d7
cfd4d7
cfd4d7
d1d6d9
d2d7da
d3d8db
d1d6d9
d1d6d9
d1d6d9
d0d5d8
d0d5d8
d0d5d8
cfd4d7
ced3d6
cdd2d6
cdd2d6
ccd1d5
ccd1d5
ccd1d5
cbd0d4
cbd0d4
cacfd3
c9ced2
c8cdd1
c8cdd1
c7ccd0
c5cace
c2c7cb
c3c0b2
c2bfb0
c2bbae
c1baad
c1b9ac
c1b8ad
c2b8ad
c3b7ab
c5b8ab
c5b9ab
c5b9ab
c4b8aa
c2b6a8
c0b4a6
c0b2a4
c1b1a3
c0b0a2
bfafa0
bfb09e
beaf9c
bdae9a
beae9a
bdab98
baa993
b6a58f
b5a28b
b7a28a
baa58c
bca68e
c3a990
c2a88f
c0a68d
c0a68d
c1a78e
c1a78e
bfa58c
c0a68d
c0a68d
bfa58c
c0a68d
c0a68d
bfa58c
bfa58c
c0a68c
c2a78c
c2a88d
c3a88d
c3a98e
c3a88d
c3a88d
c2a88d
c2a78c
c2a78c
c2a78c
c1a78c
c1a78c
c1a78c
c1a78c
c4aa8f
c3a98e
bfa58a
bca287
baa085
bca186
bda287
c0a68b
c3a98e
c6ac91
c7ac91
c6ac91
c7ad92
c9ae93
cbb095
c9af94
caaf94
ccb196
ccb297
ccb297
ccb297
ccb297
ceb398
ceb398
ceb398
ceb398
ceb399
cfb39a
cfb49a
ceb39a
cfb49b
cfb59c
d0b69d
d1b79e
d2b89f
d2b79e
d3b8a0
d4baa1
d1b79e
ceb49b
ccb299
ccb299
cdb39a
ceb49b
d3baa4
d6bea8
d8c0aa
d9c0a9
d9c0a9
dbc1ab
dbc2ac
d8bca6
bfa38a
a6866b
9e7b5d
a17958
a97b57
b78560
a2744e
8c613e
966c4e
bc947b
ae8571
522514
401008
7d4934
8b4f3b
914d37
a05139
9d4a2e
9f4f2f
a75d3c
a15d39
a96343
ad6847
b36f4d
b57351
b87755
bb7b58
bd7d5a
bf835f
c08661
c38863
c68a66
c98e6a
cb8f6b
cc906c
cd916d
cc906b
ca8e6a
c88c67
c98e66
ca8f67
cc9167
cd9167
cb8e64
cb8e63
cb8e62
ca8e61
cb8f60
cd9062
cd9162
c78f5e
c78f5e
c9905d
cc915d
cd915d
cd905b
cb8e58
cb8f59
cb8e58
cb8c56
c98a52
c7864d
c48348
c07f44
c07d40
c17c3c
c17b3a
c07a37
c07833
c0772e
bf752c
bf7429
c27528
c27328
c17229
bf7027
bc6e23
b96b1d
b76b19
ba681e
b8661b
b76515
b66412
b6660e
b7680e
b96b0f
b26810
b26814
b76a1d
bd722f
d08f54
e6b281
e8c097
e3c49d
e6cea8
ecd5b1
ead6b4
e5d4b6
e3d5b9
dfd1b8
d9ccb3
e2d8bc
e5dbc0
e6dcc1
e5dbc0
e3d9bd
e2d8bd
e4dabf
e3d9ba
e5dbbb
e7dcbd
e6dbbd
e3d8ba
e2d7bb
e3d9bd
e6d8bd
e6d7bc
e7d8be
e6d8be
e2d6bd
dfd3bc
dbd0b8
d8cdb7
d5ccba
d7cebc
d9d2c1
dbd5c6
ddd8ca
dfdbce
e0dcd1
daddd5
d9dcd4
d9dcd3
d8dcd3
d8dcd3
d7dbd3
d7dbd3
dadcd6
dbdcd7
dbdcd7
dadcd6
dadcd6
daddd6
dbddd7
dcddd7
deded8
deded9
ddddda
dddcda
dcdbdb
dbdbdb
d9dada
d6dad9
d6dad9
d8dcdb
d8dcdb
d9dddc
dadedd
dadedd
d9dedd
d9dedd
d9dedd
d9dedd
d9dedd
d9dedd
d9dedd
d8dddd
d7dddd
d7dddd
d7dddd
d7dddd
d7dddd
d7dddd
d7dcdd
d5dbdc
d4dada
d4dada
d4dadb
d4d9da
d2d8d8
d0d6d6
cfd4d6
cfd4d6
ced3d5
cfd4d6
d1d6d8
d2d7d9
d3d8da
d1d6d8
d1d6d8
d1d6d9
d0d5d8
d0d5d8
cfd4d7
cfd4d7
ced3d6
cdd2d6
ccd1d5
ccd1d5
ccd1d5
cbd0d4
cbd0d4
cbd0d4
cacfd3
c8cdd1
c8cdd1
c8cdd1
c7ccd0
c4c9cd
c2c7cb
c5c1b5
c5c1b5
c8c2b6
c8c2b6
c9c1b6
c8bfb5
c7bdb3
c9bcb3
c9bbb0
c8baaf
c7b9ac
c6b8ab
c6b9a8
c5b8a8
c5b7a7
c5b5a7
c4b4a6
c3b3a3
c2b2a2
c2b3a0
c1b29f
c2b29e
c3b19d
bdab97
b9a58f
b8a38d
baa48c
bda58e
bea68e
c5ac93
c5ab92
c4aa91
c3a990
c2a88f
c2a88f
c2a88f
c2a88f
c2a88f
c2a88f
c2a88f
c2a88f
c2a88f
c2a88f
c2a88e
c3a88d
c3a88d
c3a88d
c3a88d
c3a88d
c3a88d
c3a88d
c4a98e
c4a98e
c4a98e
c3a88d
c3a88d
c2a78c
c2a78c
c4a98e
c2a78c
bfa489
bca186
bba085
bba085
bca186
c0a58a
c4a98e
c7ac91
c9ae93
c8ad92
c7ac91
c8ad92
c8ad92
c9ae93
c9ae93
cbaf94
cbb095
ccb196
cdb297
cdb297
cfb298
ceb197
ceb197
ceb199
ceb19a
d0b29d
d1b39f
d1b49d
d0b39b
d0b39b
d0b49c
d0b49c
d2b69e
d3b79f
d5baa2
d4baa1
d0b79d
cdb49a
ccb299
ccb299
cdb39a
ceb59b
d1b9a4
d9c2ac
d8c0ab
d6bda6
dbc0a9
dcc1a8
d6b9a0
c4a386
a98a6a
927350
97754e
b08761
c18e68
c28560
a36a47
8a5434
99674b
b88c73
b88d76
6a3d29
3e1102
734029
8f513f
97503e
9c4c38
a14d36
a15134
a05735
a4603b
a96242
ac6645
b16b4a
b5714f
b97654
bb7956
bb7b58
b9815c
ba835e
bd8761
c18964
c58d68
ca8f6a
cb916c
cb906b
c98d68
c78b66
c68b63
c78c62
c88d63
c78c60
c58a5e
c48a5c
c68c5e
c88e60
c88e60
ca9062
cd9365
cf9667
c99160
c78e5c
c68d5a
c98f5a
cb8f5a
c98d56
c58851
c98b58
ca8d59
ca8c56
c88a52
c7864b
c38246
c07f42
bf7d40
c07a3e
c07a3c
c07938
c07934
c17931
c1772e
c1762b
c07328
c07126
c26e25
bf6b22
bc6920
b6671d
b3671c
b9671e
b8641b
bb6615
bf6916
bd6915
b96914
ba6e19
b06b17
b26d1d
ba702a
c1773c
d2915f
e8b388
ecc59e
e8cba6
e9d5b3
ead8b7
e8d8b8
e0d3b8
dcd2b8
ddd6bd
e1dbc3
e7dec1
e7dec1
e7dec1
e6ddc0
e6ddc0
e5dcbf
e5dcbf
e7dec1
e7dec1
e6ddc0
e5dcbf
e4dbbe
e1d8bb
dfd6b9
e2d8bb
e5dabc
e5dabc
e4d9bb
e4d9bb
e3d8ba
e3d8ba
e2d7ba
dcd1b8
dad1b9
d7d0bb
d7d0be
d8d1c3
dad4c8
dcd6cc
d6d8d0
d6d8ce
d7dacd
d6dbcd
d6dcd0
d6dcd5
d5ddd8
d9dbd7
dadad6
d9dbd5
d9dbd5
d8dbd4
d8ded4
d8dfd6
dcded8
e0ded9
dfdcd8
dddbd8
dadad9
d9d9d8
d8d9da
d7dada
d5d9d8
d6dad9
d6dad9
d6dad9
d8dcdb
d8dcdb
d9dddc
d5dcdd
d5dcdd
d5dcdd
d5dcdd
d5dcdd
d5dcdd
d5dcdd
d7dcdd
d8dcdd
d8dcdd
d7dbdc
d7dbdc
d6dadb
d6dadb
d5d9db
d3d8db
d4d8db
d4d8db
d2d7da
d1d6d9
d0d5d8
cfd4d7
cdd3d3
cdd3d3
cdd2d2
cdd3d3
cfd5d5
d0d6d6
d1d7d7
d3d9d7
d2d8d7
d2d8d8
d1d6d9
d0d5d8
cfd4d8
cfd4d8
cdd2d6
ccd0d4
ccd1d4
ccd1d4
ccd1d4
ccd1d4
ccd1d5
ccd1d4
cbd0d4
c9ced2
c8cdd1
c8cdd1
c7ccd0
c4c8cc
c1c6ca
c9c5b9
c9c5b9
ccc6ba
ccc5ba
ccc4b9
cbc2b7
cbc1b7
cbbeb5
cbbdb2
cabcb1
cabcaf
c9bbae
c8bbab
c8bbaa
c7b9a9
c8b7a9
c7b7a7
c6b6a6
c5b6a3
c5b6a3
c4b5a0
c4b59f
c3b19d
beac97
b9a690
b9a48e
baa58d
bea78f
bfa78f
c5ab92
c4aa91
c3a990
c2a88f
c1a78e
c1a78e
c1a78e
c1a78e
c1a78e
c1a78e
c1a78e
c1a78e
c1a78e
c1a78e
c1a78d
c2a78c
c2a78c
c2a78c
c2a78c
c2a78c
c2a78c
c2a78c
c3a88d
c3a88d
c3a88d
c2a78c
c2a78c
c1a68b
c1a68b
c3a88d
c1a68b
bea388
bba085
ba9f84
bba085
bca186
c0a58a
c3a88d
c6ab90
c9ae93
c8ad92
c7ac91
c7ac91
c8ad92
c9ae93
c9ae93
c9ae93
cbb095
ccb196
ccb196
cdb297
cbb397
cbb397
cbb397
cbb399
cbb39a
ccb59d
cdb49e
cfb39c
cfb39b
cfb39b
cfb39b
d0b49c
d2b69e
d3b79f
d4b9a1
d5b9a1
d2b69e
cfb39b
cdb29a
ceb29a
cfb39b
d0b49c
d2b8a1
dac0a8
dcc1a8
dbbea5
dcbea4
d3b499
c2a387
b28a70
a37e61
a07b5b
ae8965
bb946c
be9068
c08e65
ae7954
895634
8a5b3d
b2866c
c69a82
976952
54260e
59250f
8b4d3a
985340
984b37
a5543e
a85a3e
9d5434
9f5a37
a65d3e
a96041
ad6646
b26c4c
b67351
b97755
bb7858
bc815c
bd835e
c08661
c38964
c68d68
c88e69
ca906b
c98e69
c68a65
c38762
c0855e
c1865c
c3885e
c3885c
c2875b
bf8458
c08659
c3885c
c58a5e
c88d61
c98e62
ca8f63
ca9261
c68c5a
c28755
c28652
c48853
c78a54
c88a54
c98a55
c88954
c78651
c4834b
c28045
c07e41
c07d3f
bf7a3c
be7839
bf7736
c07733
bf7631
bf752e
bf742b
bf742b
c2762a
c17227
c06d23
bc681f
b9661d
b5661b
b3671b
b96921
b9671d
be6a19
c46d17
c16a12
bb650d
b9660d
b36a16
b06b1c
af6924
b6733b
cc9567
e6bc97
ebcead
e9d4b3
ebdab8
e6d7b6
e2d3b4
ded2b6
e0d5ba
e2dbc1
e5dfc5
e7dec1
e7dec1
e7dec1
e7dec1
e6ddc0
e6ddc0
e5dcbf
e8dfc2
e8dfc2
e8dfc2
e7dec1
e6ddc0
e4dbbe
e2d9bc
e4d9bc
e5dabc
e5dabc
e4d9bb
e4d9bb
e3d8ba
e3d8ba
e3d8ba
e1d7b9
e0d6ba
ddd4ba
dbd3bb
dad4bd
dbd4c1
dcd6c3
d6d1c3
d7d1c2
d8d5c1
d9d8c3
dbd9c8
dcdbce
ddddd2
d9d6d2
dad6d3
dad9d5
dcdbd7
dbdcd7
d9dbd6
d6d9d4
d9dad6
dbdcda
dadcda
d8dbda
d6dadb
d5dbdb
d4d9dc
d4d9db
d3d7d7
d4d8d7
d4d8d8
d6dad9
d7dbda
d8dcdb
d8dcdb
dadcd9
dadcd9
dadcd9
dadcd9
dadcd9
dadcd9
dadcd9
d9dcdc
d8dcdd
d8dcdd
d7dbdc
d7dbdc
d7dbdc
d6dadb
d5dadc
d3dadd
d3dadd
d3dadd
d2d9dc
d0d8db
cfd6d9
ced6d9
cbd4d3
cbd4d3
cbd4d3
ccd4d3
cdd6d5
cfd7d6
d0d8d7
cfd8d7
ced7d6
ced6d8
cdd5d7
ccd4d7
ccd3d7
cbd2d8
cad0d6
c9cfd5
c8cfd5
c9cfd5
c9cfd5
c9cfd5
c8cfd5
c9d0d5
cad1d6
c8ced4
c7cdd3
c7cdd3
c6ccd2
c2c9ce
c0c6cc
c8c4b8
c8c4b8
cac4b8
cac3b8
c9c1b6
c8bfb4
c7bdb3
c9bcb3
cabcb1
c9bbb0
c9bbae
c8baad
c7baaa
c6b9a9
c7b9a8
c8b7a8
c7b7a7
c6b7a4
c5b6a2
c4b59f
c4b59f
c3b49d
c4b29e
beac98
baa691
b9a48e
bba58d
bea78f
bfa78f
c4aa91
c4aa91
c2a88f
c1a78e
c0a68d
c0a68d
c0a68d
c0a68d
c0a68d
c0a68d
c0a68d
c0a68d
c0a68d
c0a68d
c0a68c
c1a68b
c1a68b
c1a68b
c1a68b
c1a68b
c1a68b
c1a68b
c2a78c
c2a78c
c2a78c
c2a78c
c1a68b
c1a68b
c0a58a
c2a78c
c0a58a
bda287
bba085
b99e83
ba9f84
bba085
bfa489
c3a88d
c6ab90
c8ad92
c7ac91
c7ac91
c7ac91
c8ad92
c8ad92
c8ad92
caaf94
cbb095
cbb095
ccb196
ccb196
c9b497
c8b497
c8b396
c8b398
c8b49a
c9b39c
cbb59d
cdb49d
cdb49d
cdb49d
ceb49d
ceb59e
d0b69f
d1b7a0
d4b9a3
d5b9a3
d2b6a0
cfb39d
ccb09b
ccb09b
cdb19b
cdb39d
d3b9a1
d8bda5
d1b59d
c5a88e
c1a287
bb9d80
b29376
b0856c
a67b60
a87d5f
b9916d
c39a73
be966b
bb9468
b2845c
8d5d39
825434
a77b5f
c69a81
c2937b
89583f
5b250d
7a3b28
985440
9c543f
a35741
a0553b
9a5034
a65d3f
a4593c
a75c3f
ab6144
b0684a
b56e50
b97455
bb7758
bd7e5b
be805d
c0835f
c28662
c48a65
c58c66
c48d68
c68b66
c48863
bf835e
bc815a
bd8258
be8359
be8357
bd8256
ba7f54
b97e53
b97e53
bb8055
be8358
be8357
bd8257
c38859
c28654
c08452
c0824f
c1834f
c48550
c78852
c98852
c98650
c6824c
c37f45
c27c41
c17b3d
c27b3d
c17938
bf7734
bf7733
bf7531
bf742f
bf742d
c0732c
bf722a
be7226
bd6e23
bc6920
ba661d
b9661d
b7681e
b76b1f
b5671d
b5661a
bc6918
c36d18
c36b15
bd6710
ba6611
b36b1c
ad6b24
af7032
bc8752
d7ad82
ebcfae
eddbc2
e6d9be
e2d4b3
dfd3b3
e0d3b5
e2d7ba
e6dcbe
e7dfc2
e7dfc2
e8dfc2
e8dfc2
e7dec1
e7dec1
e6ddc0
e6ddc0
e6ddc0
e6ddc0
e7dec1
e7dec1
e7dec1
e6ddc0
e4dbbe
e2d9bc
e4d9bc
e5dabc
e5dabc
e4d9bb
e4d9bb
e3d8ba
e3d8ba
e3d8ba
e3d7b6
e1d7b6
e0d7b8
e0d7b9
dfd9ba
e0d9be
e0dabe
e3d6c0
e3d6bf
e1d8bc
e0d7bb
dfd7bd
ded7c1
ddd6c4
ddd7cc
ddd7d0
ddd7d1
dcd8d2
dbd8d3
dad8d4
dad9d3
d7d9d5
d5dbd9
d6dad9
d5dbda
d4dbdb
d1dadb
d0d9db
cfd8da
d1d5d6
d1d5d6
d3d7d8
d5d9da
d6dadb
d7dbdc
d7dbdc
dbdbd8
dbdbd8
dbdbd8
dbdbd8
dbdbd8
dbdbd8
dbdbd8
d7dcdd
d5dcdf
d5dbde
d5dbde
d4dbde
d4dadd
d4dadd
d3dadd
d1dade
d1dade
d1dade
d0d9dd
cfd8dc
ced6da
cdd6da
c9d2d4
c9d2d4
c9d2d4
cad3d5
cbd4d6
cdd6d8
ced7d9
cbd4d6
cbd4d6
cad3d5
c9d2d5
c9d1d5
c8d0d7
c7cfd6
c9d0d7
c9d1d7
c8d0d6
c8cfd6
c8d0d6
c7cfd6
c7cfd5
c7cfd5
c6ced5
c4ccd2
c3cbd1
c3cbd1
c2cad0
bec6cd
bcc4ca
c8c4b8
c8c4b8
cac4b8
cac3b8
c9c1b6
c8bfb4
c7bdb3
c8bbb2
c7b9ae
c7b9ae
c6b8ab
c5b7aa
c4b7a7
c4b7a7
c4b7a5
c5b6a4
c4b5a2
c4b5a1
c3b49e
c2b39c
c2b39a
c1b39a
c2b09d
bdab96
b8a58f
b8a38d
baa48c
bca58d
bea68e
c3a990
c2a88f
c1a78e
bfa58c
bfa58c
bea48b
bfa58c
bfa58c
bfa58c
bfa58c
bfa58c
bfa58c
bfa58c
bfa58c
bfa58b
c0a58a
c0a58a
c0a58a
c0a58a
c0a58a
c0a58a
c0a58a
c1a68b
c1a68b
c0a58a
c0a58a
bfa489
bfa489
bfa489
c0a58a
bea388
bca186
b99e83
b89d82
b89d82
b99e83
bea388
c3a88d
c5aa8f
c7ac91
c7ac91
c6ab90
c6ab90
c7ac91
c7ac91
c8ad92
c8ad92
caaf94
cbb095
cbb095
cbb095
cab296
cab296
c9b195
c9b197
cab299
cbb49c
ccb39d
ccb39d
ccb39d
ccb39d
ccb39d
cdb49e
cfb6a0
d0b7a1
d0b8a3
cfb8a2
cdb6a0
cab39d
c9b29b
c9b29c
cab49d
ccb69f
d0baa5
ccb5a0
bca28c
aa8f79
a88e75
ad9278
ad9178
b89177
b1876c
ad8163
b38664
bd916b
bf966c
bb9769
b4895f
9c6f48
865a38
976b4e
b4886e
cd9d83
bd896f
7b4229
5a1b07
7b3b25
98553f
9f5943
984f37
9a4f37
a35840
a3563b
a4583d
a75c41
ac6247
b1694d
b56e52
b87255
bd7958
be7c5a
bf7f5c
c0825e
c08561
c18862
c08863
c68c67
c88c67
c28661
bc8159
b77c52
b3784e
ae7347
ad7247
b2774e
ac7147
a96e45
ac7147
b0754b
b3784e
b1764d
b47748
b87b49
ba7d4c
bc7e4b
be7e4a
c07e4a
c2814c
c8834e
c8814c
c57e47
c47c43
c27a3e
c2783a
c27739
c07634
be762e
be752d
bd732c
be712b
bf702b
be6f2a
bd6f28
b76b1f
b8691e
ba661d
bb661d
bb681f
ba6b21
ba6e22
ba6d1f
b7681a
b86716
ba6817
b76616
b16517
b0671c
ac6d2b
b47c3f
c99760
e1b788
f0d1ab
efdbbd
e4d7be
dad0b8
dbd1b1
dfd6b7
e3dbbc
e7debf
e8dfc0
e7dec0
e6ddbe
e9e0c3
e8dfc2
e8dfc2
e8dfc2
e7dec1
e7dec1
e7dec1
e5dcbf
e5dcbf
e5dcbf
e5dcbf
e5dcbf
e4dbbe
e2d9bc
e4d9bc
e5dabc
e5dabc
e4d9bb
e4d9bb
e3d8ba
e3d8ba
e3d7b9
e2d4b7
e2d5b7
e3d7b9
e3d9bb
e3dbbc
e3dcbd
e3dcbd
e7d7bf
e6d8bd
e6d8ba
e4d9b9
e4d9bc
e2d9c0
e1d8c3
dfd8c5
ddd6c5
dbd3c4
d8d3c5
d8d1c6
d7d3ca
d9d5cd
d7d6d0
d4d7d1
d6d8d3
d5dad5
d5dad7
d3d9d7
d1d7d6
cfd5d4
ced2d5
cfd3d6
d0d4d7
d2d6d9
d4d8db
d6dadc
d6dadd
d7d8da
d7d8da
d7d8da
d7d8da
d7d8da
d7d8da
d7d8da
d4d9dc
d2dadd
d1d9dc
d1d9dc
d1d9dc
d0d8db
d0d8db
d0d8dc
cfd8dd
cfd8dd
cfd8dd
ced7dc
ccd5db
cbd4da
cad3d9
c6d0d3
c6d0d2
c6d0d2
c6d0d3
c8d2d4
cad4d6
cbd5d7
ccd7d8
ccd6d7
cbd6d8
cad4d8
cad3da
c9d2da
c8d2da
c8d1d9
c7d0d7
c7d0d7
c6cfd6
c6cfd6
c5ced5
c4cdd5
c4cdd4
c3ccd3
c1cad1
c0c9d0
c0c9d0
bfc8cf
bcc5cc
b9c2c9
c8c4b8
c8c4b8
cac4b8
c9c2b7
c8c0b5
c6bdb3
c5bbb1
c7bab1
c7b9af
c7b9ae
c6b8ab
c5b7aa
c4b7a7
c4b7a6
c4b6a4
c5b6a3
c4b5a1
c4b59f
c3b49e
c2b49a
c2b49a
c1b39a
c1af9b
bcaa94
b6a38d
b7a28c
b9a38b
bba48c
bca48c
c2a88f
c1a78e
c0a68d
bfa58c
bea48b
bea48b
bea48b
bea48b
bea48b
bea48b
bea48b
bea48b
bea48b
bea48b
bea48a
bfa489
bfa489
bfa489
bfa489
bfa489
bfa489
bfa489
c0a58a
c0a58a
c0a58a
bfa489
bfa489
bea388
bea388
c0a58a
bea388
bba085
b89d82
b79c81
b89d82
b99e83
bda287
c2a78c
c5aa8f
c7ac91
c6ab90
c6ab90
c6ab90
c7ac91
c7ac91
c7ac91
c9ae93
caaf94
caaf94
cbb095
cbb095
ccb196
ccb096
cbb095
cbb097
ccb099
cdb19b
ceb19c
cbb49f
cab49f
c9b39f
cab49f
cbb5a0
ccb6a1
ceb7a2
cdbaa4
cbbda5
cabca4
cabca4
cdbea6
d1c2aa
d4c6ae
d8c9b2
dccaba
cebbab
bba795
b49f8c
beaa94
c5ae99
c0a893
b69679
bb9678
b58a6c
aa7b5a
b1815c
c0936a
c1996c
ba9065
b1865d
8d623e
875e3f
a2765b
c4937a
d29c82
a66c52
6c2d18
5c1e07
803f2a
8f4c37
934c37
a25642
9b4f3a
9f5239
a0533a
a3563d
a75b42
ab6147
ae664c
b16a4f
bc7455
be7857
be7b59
bf7f5c
bd825e
bd845f
bb8560
c08761
c28661
bd815d
b87d56
b2774d
ac7146
a4693d
a0653a
9e633b
965b32
91562e
965b33
9e633b
a46941
a66a42
aa6c3c
af703f
b37442
b57542
b77642
bc7945
c17e4a
c37c47
c47b46
c47a43
c47940
c3773c
c07436
bf7233
bd702c
ba7025
ba7026
bb6f26
ba6d26
ba6b26
ba6b26
ba6a24
b5691d
b7681d
bc681e
bc671e
bc681f
b8691e
b66a1e
b86a1a
b46514
b36314
b5671a
b66d25
b77432
bc7f40
c59059
d3a472
e6bf8f
f2d3a8
edd6b1
e1d1b1
dbcdb3
dad1b6
dfdabc
e7e1c3
ebe5c5
e9e1c2
e5dcbd
e5dcbc
e7debd
e9e0c3
e9e0c3
e8dfc2
e8dfc2
e7dec1
e7dec1
e7dec1
e6ddc0
e6ddc0
e7dec1
e7dec1
e7dec1
e6ddc0
e5dcbf
e4dabd
e5dabc
e5dabc
e4d9bb
e4d9bb
e3d8ba
e3d8ba
e3d7ba
e5d5bb
e5d7bd
e5d8bd
e4d9bc
e3dabb
e2d9ba
e2d9ba
e6d8be
e6d8bd
e5d8ba
e4daba
e3dbbd
e2dbc0
e2dbc5
e1d9c0
e1d9be
e0d8bf
dfd8c3
ded7c5
dbd6c7
dbd6c8
d7d4c8
d4d4c9
d7d6cc
d7d8cf
d7dad2
d6d7d1
d3d6d0
d0d4d0
ccd0d4
cdd1d5
cfd3d7
d1d5d9
d3d7db
d5d9dd
d6d9dd
d2d8dd
d2d8dd
d2d8dd
d2d8dd
d2d8dd
d2d8de
d2d8de
d0d8dd
cfd8dd
ced7dc
ced7dc
ced7dc
cdd6db
cdd5da
cdd5db
ccd7dd
ccd7dd
ccd7dd
cbd6dc
cad5db
c9d4da
c8d3d8
c3ced2
c3ced2
c3ced2
c4cfd3
c5d0d4
c7d2d6
c8d3d7
c9d4d6
c8d3d5
c8d3d7
c7d2d7
c6d1d7
c6d0d9
c5cfd8
c4ced7
c4ced7
c3cdd6
c2ccd5
c1cbd4
c0cad3
c0cad3
bfc9d2
bdc7d0
bbc5ce
bac4cd
bac4cd
b9c3cc
b6c0c9
b3bdc6
c6c2b7
c6c2b7
c7c1b5
c7c0b4
c7beb2
c6bdb0
c5bcaf
c5bcac
c6baaa
c5b9a9
c4b7a7
c4b6a6
c5b6a6
c5b5a6
c5b6a4
c5b6a3
c4b5a1
c4b5a0
c3b49d
c2b49c
c1b399
c1b299
c1ae9b
bcaa95
b7a48e
b6a18b
b7a188
b9a189
bca48c
c1a78e
c0a68d
bfa58c
bea48b
bda38a
bda38a
bda38a
bea38a
bea38a
bea38a
bea38a
bea38a
bea38a
bea38a
bea389
bea388
bea388
bea388
bea388
bea388
bea388
bea388
bea388
bea388
bea388
bea388
bda287
bda287
bda287
bea388
bea388
bca186
ba9f84
b79c81
b79c81
b99e83
bda287
c2a78c
c5aa8f
c7ac91
c6ab90
c6ab90
c6ab90
c6ac92
c4ad96
c6ac95
c7ad95
c8ad95
cbae94
ceb094
cfb194
cdaf94
ccae93
cbad92
caae92
caaf93
cbb195
cdb497
cab19a
cbb19d
cdb59f
cdb5a1
cbb5a0
cab5a2
ccb6a4
cfbeaa
d1c7b0
d3c8b3
d5ccb7
d9d0bc
dcd4c1
e0d8c4
e1d9c8
e1d7ca
d8cdbf
cec2b1
d5c3b3
e7d2bf
e9d2bc
d9c1aa
c2a78e
bfa087
b49176
a57d60
a57958
b58664
c79773
c69873
ba8d68
a0714f
906141
9a694c
b58167
cf9880
cc957b
9b6345
59220a
561e07
74391f
874830
934d39
994e3b
9f533b
9c5039
9d523b
a1563f
a65a43
ab6049
b0654e
b56d52
b77053
ba7456
bc7959
bc7c5b
bd7e5a
bc7f5b
c0825c
bb7c56
b57651
b97b55
b87d54
ad724a
a46a41
a0653d
945933
8d512b
8a4f29
905530
975d39
985f3c
965e3b
a0643e
9f623b
a16338
a8683a
b27140
ba7843
bd7b45
c47a44
c67a42
c67940
c4763b
c17134
be6e2f
bd6d2c
bd6c28
bc6b23
bb6a23
b86921
b76720
b66820
b76921
b76921
b7691e
b66a20
b46923
b16721
af641c
b26318
b46316
b26615
b2691a
b57026
bb7d38
c18b4c
c89860
cca16c
e0bb8b
eac99c
e7cba1
e5cea6
e1ceaa
e0d2b1
e4d9bb
e7ddc1
e7dfc2
e9e1c3
eae2c4
e9e0c3
e8dfc2
e9e0c1
eae1c2
e9e0c3
e9e0c3
e9e0c3
e9e0c3
e8dfc2
e6ddc0
e6ddc0
e8dfc2
e9e0c3
e9e0c3
e8dfc2
e8dfc2
e7dec1
e6ddc0
e6ddc0
e4dbbd
e3d9bc
e3dabd
e5dbbe
e4dbbe
e4dabd
e4dabd
e7dabe
e7dbbe
e7dbbe
e5dabc
e3d9bb
e2d7b9
e1d7b9
e2d6bb
e2d6b9
e2d7b9
e2d7b7
e2d8b8
e3dab9
e3daba
e4dabd
e6dbbf
e6dcc1
e8ddc4
e7ddc6
e5dbc5
e4dac5
e2d8c6
ddd7c6
dbd5c5
d9d4c6
d7d1c8
d4d0ca
d3d0cb
d3d0cc
cfd0ce
ced0ce
d0d1d2
d2d4d5
d3d6da
d3d7db
d1d4db
d3d7de
d2d6df
d0d5df
ced4df
cdd3dd
cdd5db
ced7da
ced6dc
cdd5dd
cbd4da
c9d4da
c9d4d9
c8d4da
cad7dc
cad8de
c9d6dd
c8d4dc
c7d4db
c7d4dc
c7d4db
c6d2da
c4d0d8
c3ced4
c1ccd2
c0ccd1
c2cdd3
c4cfd4
c5d0d6
c5d0d5
c4cfd4
c3ced3
c1ccd2
c0cbd1
bfcad0
bfcad0
bec9d0
bdc7d1
bbc5d0
b9c3ce
b8c2cd
b9c3ce
b8c2ce
b7c1cc
b3bec9
aebcc2
afbbc3
b0bcc3
b0bbc2
aeb8bf
abb4bc
a8b1b9
c6c2b6
c6c2b6
c7c1b5
c6bfb3
c6beb0
c6beae
c6bdad
c4bca9
c5baa8
c4b9a6
c3b6a5
c3b6a4
c4b4a4
c4b4a4
c5b5a4
c5b6a3
c4b5a1
c3b49f
c2b39c
c2b39c
c1b399
c1b299
c1ae9b
bcaa96
b8a58f
b6a18b
b6a088
b9a189
bca48c
c1a78e
c0a68d
bfa58c
bda38a
bda38a
bca289
bca289
bda28a
bea28a
bea28a
bea28a
bea28a
bea28a
bea28a
bea289
bea388
bea388
bea388
bea388
bea388
bea388
bea388
bda287
bda287
bda287
bda287
bda287
bda287
bda287
bda287
bda287
bca186
ba9f84
b79c81
b79c81
b99e83
bda287
c2a78c
c5aa8f
c7ac91
c6ab90
c5aa8f
c6ab90
c5ac92
c5ae98
c6ad96
c6ad95
c7ac94
caad93
ccad92
cdae93
cead94
ceae94
ccae94
ccae94
cbb094
cab095
cab094
cbb29a
ceb69f
cfb7a1
cbb5a0
c8b3a0
ccb7a6
d4c1b0
dbccbb
ded2c1
ded4c3
e0d6c7
e1d8c9
e0dacb
e0dacd
e0dbce
e0ded3
dfdbcf
dcd4c7
e2d6c7
f1e0d0
f4e0ce
e6d1bf
ddc4ae
ceb39b
b79980
a48266
9f785a
a97c5c
b78766
c29371
c09370
b58765
a57555
976547
9f6b4f
bc876d
d29d82
c4906f
936040
602e0f
531f02
692f14
7f3e27
87412d
8f4830
975139
a0583f
a35942
a65c44
a85c45
a55943
ab624a
af664b
b26b4f
b67051
b87454
b87654
b97755
bb7a55
b5744e
ae6e48
b2744d
ae744c
a46941
9e643c
9f643d
985c37
8b4f2b
844825
864c2a
8c5533
8e5737
8c5635
864b2a
894e2b
935730
a36539
b27242
b97742
b7763f
c0753c
c3753b
c27337
bf7032
bb6a2a
b86725
b86723
b96421
b8641e
ba6621
ba6924
ba6a24
b76921
b4661f
b3641d
b4651a
b4681e
b26922
b06923
b26921
b96c21
bf6e20
c37d30
c9873d
cd924e
c9985a
c8a069
d1b182
dfc59b
e7d2aa
e7d4af
e6d4b1
e6d6b3
e7d8b6
e8dbbc
e9ddbe
e9dec0
e8dfc2
e8dfc2
e9e0c3
e9e0c3
eae1c4
eae1c4
eae1c4
eae1c4
e9e0c3
e9e0c3
e7dec1
e7dec1
e7dec1
e8dfc2
ebe2c5
eae1c4
eae1c4
e9e0c3
e8dfc2
e7dec1
e5dcbf
e6ddc0
e6ddc0
e3dabd
e4dbbe
e5dcbf
e5dcbf
e4dbbe
e4dabd
e6dbbd
e6dbbd
e6dbbd
e5dabc
e4d9bb
e4d9bb
e4d9bb
e2d7bb
e2d7b9
e2d7b9
e2d7b7
e2d8b7
e3d9b5
e3d9b4
e4d9b8
e5daba
e6dbbc
e7dcbe
e8dcbf
e7dbc0
e7dbc0
e5dbc2
e4ddc5
e1dac5
dfd7c5
dad4c4
d6d2c4
d4d1c5
d2cfc4
cfcec7
cecec7
cfcfcb
d2d2d0
d5d5d6
d4d6d9
d2d4d8
cdd2d8
cdd2db
ced3df
ccd3e0
cbd2de
c9d3da
c7d2d5
c9d2d7
cbd1da
c8d0d7
c6d0d6
c4cfd5
c3cfd4
c2d0d5
c3d1d7
c4d0d8
c1ced5
c0ccd4
c0cdd4
c0ccd4
becad2
bcc8d0
bbc5cb
b8c3c8
b7c2c7
b8c2c8
bac5ca
bac4ca
b9c3c9
b8c2c8
b7c1c7
b5bfc5
b3bdc3
b0bac0
afbabf
afb9be
aeb8bf
acb6bf
a9b2bc
a7b1bb
a7b1ba
a6afb9
a3adb7
a0aab3
9ca9ae
9ca9ae
9da8ae
9ba6ab
98a0a7
959ca3
9299a0
c4c0b4
c4c0b4
c6c0b3
c5bfb1
c5bead
c5bcac
c4bbab
c3bba8
c4b9a7
c3b8a6
c3b6a5
c2b5a4
c4b4a4
c4b4a4
c4b4a3
c3b4a1
c3b4a0
c2b39e
c1b29b
c0b19a
c0b298
bfb198
c0ad9a
bba995
b6a38e
b49f89
b49e87
b8a188
baa28a
bfa58c
bfa58c
bda38a
bca289
bba188
bba188
bba188
bca088
bca088
bca088
bca088
bca088
bca088
bca088
bca087
bca186
bca186
bca186
bca186
bca186
bca186
bca186
bba085
bba085
bba085
bba085
bca186
bca186
bca186
bda287
bda287
bca186
b99e83
b69b80
b69b80
b89d82
bca186
c0a58a
c3a88d
c5aa8f
c5aa8f
c4a98e
c4a98e
c6ab91
c7ad96
c6ac95
c6ab93
c6aa92
c7ab92
c7aa92
c8ac93
c9a691
cba893
ccab95
cdad97
cdaf98
ccb098
ccaf97
c9b29c
c8b39d
c6b19c
c6b39f
ccbaa7
d6c5b4
e1d1c0
e5d7c7
e3d9ca
e3d9cc
e2d9ce
e1d9ce
dfd9ce
dcd7cc
dbd7ce
d7d9d0
dbdbd2
dad9ce
ddd8cb
e5ddd1
e8ddd0
e3d7ca
e8d3bf
dbc5ae
c3a991
ab8c71
9e7a5e
a17a5b
ad8161
be9270
c29773
c19471
b98b69
a37454
986647
a67455
be8b6c
ce9c79
c49572
966746
653616
582407
63290e
692b12
793a1e
8c4b30
96533a
975339
9d583e
a35b43
9f563e
a55c43
a95f44
ac6348
af684a
b26d4d
b36e4d
b3704d
b4734f
b1714a
ab6b45
a96a43
a0653d
975c34
945a32
995e37
965c37
864c28
7a401e
7a4321
804929
824d2d
824c2c
7d4424
7e4523
874c26
94572d
a26334
ad6c39
b06f39
b96f35
bc6f31
bc6e30
b96a29
b66723
b46520
b7661f
b96723
b96725
b66422
b46420
b36420
b46622
b56824
b66a25
b76c20
bc7229
c27a31
c7813a
cd8640
d48c43
d99047
cd8f4a
c9904e
c7965b
cba672
d5b98f
dbcaa6
ddd2b3
dfd8bc
e1dbc1
e5dec3
e8e0c3
ebe1c3
ebdfc0
eadcbc
e8dcbd
e8dfc2
e8dfc2
e9e0c3
e9e0c3
eae1c4
eae1c4
eae1c4
eae1c4
e9e0c3
e6ddc0
e5dcbf
e6ddc0
e8dfc2
ebe2c5
ede4c7
ece3c6
ebe2c5
eae1c4
e8dfc2
e6ddc0
e5dcbf
e7dec1
e8dfc2
e5dcbf
e5dcbf
e6ddc0
e6ddc0
e4dbbe
e3dabd
e5dabc
e5dabc
e4d9bb
e5dabc
e5dabc
e6dbbd
e6dbbd
e6dbbf
e6dbbd
e4d9ba
e4d9b9
e2d8b7
e2d8b5
e1d7b4
e2d9b3
e3dab4
e4dbb5
e5dab7
e5dbb9
e5dbb9
e5dabb
e6dcbd
e7dec1
e6dfc3
e4dec3
e1dbc3
ded9c2
dad7c0
d8d4c0
d1cec3
d0cdc1
d0ccc4
d0cfc8
d2d2cd
d2d2cf
d1d1d0
c9ced2
c7cfd4
c7ced7
c6ced9
c3cbd7
bfc9d1
bbc7cb
c0c8cc
c2c8cd
c1c8cd
bfc8cc
bdc7cb
bbc6c9
b9c5c8
b8c4c9
bac4ca
b7c2c8
b5c0c6
b5bfc5
b4bec4
b1bcc2
afbac0
adb6bb
aab3b8
a9b1b6
a9b1b6
aab3b8
a9b2b7
a7b0b5
a6afb4
a5aeb3
a3acb1
a1aaaf
a0a9ae
9fa8ad
9fa7ac
9ca5ab
98a1a8
959ea5
919aa2
9099a0
8d969e
8a939b
869096
818e91
828d91
808a8f
7c858a
798086
767b82
73797f
c4c1b2
c3c0b1
c5bfaf
c4beac
c3bcaa
c3bca9
c4bca9
c3bba8
c4b9a7
c3b8a6
c2b5a4
c2b5a4
c3b3a3
c3b3a4
c4b4a3
c2b3a0
c2b39f
c1b29d
c0b19a
bfb099
bfb197
bfb097
bfac99
baa894
b6a38d
b49e88
b39d86
b79f87
b9a189
bea48b
bea48b
bca289
bba188
baa087
baa087
baa087
ba9f86
ba9e86
ba9e86
ba9e86
ba9e86
ba9e86
ba9e86
ba9e85
ba9f84
ba9f84
ba9f84
ba9f84
ba9f84
ba9f84
ba9f84
b99e83
b99e83
ba9f84
ba9f84
bba085
bca186
bca186
bca186
bca186
bba085
b89d82
b69b80
b69b80
b79c81
bba085
bfa489
c2a78c
c5aa8f
c4a98e
c3a88d
c3a88d
c5a98f
c7ab92
c5a990
c5a890
c3a890
c4a991
c4aa93
c4ab94
c9a996
c9ab97
cbad9a
cab09a
cab09b
c9af9b
c8af9a
c5b19c
c0af9b
c0af9b
cabaa7
daccb9
e5d7c7
e6d9c9
e3d9c8
e1d8c9
e1d9cb
e1dace
e0dbce
dedacf
dcd9ce
dbd9ce
d5d8cd
dbddd1
dcddd3
dedcd1
e0ddd1
e2ddd2
e3dbd1
e5d5c3
e6d5c0
d9c5ad
bda38c
a3856a
9f7d60
ab8668
bc9371
bf9370
bd926f
c19572
bc8f6c
ae805d
a37450
a4744f
b1825c
c69a74
d1a682
ab825e
6f4321
552406
5d2a0b
5d270a
6e3518
7c4124
86482c
925036
9b573d
9b553c
a45840
a65a40
a95e43
ac6345
ad6547
ad6646
ac6745
b06e4a
b1714b
ac6c46
a66841
9c6038
935830
8e532b
8e542d
894f2d
7c4523
763f1e
7a4424
824c2d
844f30
824e2f
7c4526
7f4726
864c27
90552c
9c5e30
a56634
aa6a36
b26d32
b36d30
b36a2c
ae6625
ac621f
ac611c
ae631c
ad611d
aa5e1e
ac6221
b16827
b76e2d
be7836
c47e3c
c98441
d18f49
d5924c
d8954f
d79550
d29350
ce914f
ca9050
c8985f
caa069
d3af7d
dec499
e5d5b3
e4dcbf
dddac2
dedec7
e0e0cb
e2e0c9
e4dfc5
e5dec3
e8dfc2
e9ddbe
e9debf
e8dfc2
e8dfc2
e9e0c3
e9e0c3
eae1c4
eae1c4
eae1c4
e9e0c3
e7dec1
e5dcbf
e5dcbf
e7dec1
e9e0c3
ece3c6
ede4c7
ece3c6
ebe2c5
eae1c4
e9e0c3
e8dfc2
e6ddc0
e8dfc2
e8dfc2
e6ddc0
e6ddc0
e7dec1
e8dfc2
e6ddc0
e4dcbe
e6dbbd
e5dabc
e4d9bb
e4d9bb
e5dabc
e6dbbd
e7dcbe
e7dcc0
e7dcbe
e6dbbc
e5daba
e4d9b8
e2d8b5
e2d8b4
e3dab2
e3dab1
e3dab3
e3dab4
e4dab6
e4dab7
e5dbb9
e4dbba
e4dabc
e6ddbe
e6dfbf
e6e0c1
e5dfc1
e3debf
e1dcc0
dbd5c2
d7d2bf
d3cebf
d2cdc0
d1cdc2
cfccc3
ccccc3
c7cbc6
c5c8c7
c1c4c7
bcc0c8
b8bec7
b7bec4
b7c0c3
b1b7bb
aeb1b6
aeb3b7
abb2b6
aab2b5
a8b2b4
a6b1b3
a5afb3
a4aeb3
a1aaaf
9fa8ad
9ea7ac
9ca5aa
99a2a7
97a0a5
969ea1
929a9d
8f979a
8e979a
8e979a
8d9598
8b9396
878f92
858d90
828a8d
7e868a
7a8285
788184
777f82
757c81
70787d
6c7479
697176
686f74
666d72
626a6f
5d656a
566163
555f61
535c5f
50575b
4e5458
4c5054
4a4e53
c2bfaf
c2bfae
c3bdad
c3bdaa
c3bba9
c2baa7
c2baa6
c2baa7
c3b8a6
c2b7a5
c2b5a4
c1b4a3
c3b3a3
c3b3a3
c2b3a1
c1b29f
c0b19d
c0b19c
bfb099
beb098
bdaf95
bdaf96
bdab97
b9a792
b4a18c
b29d87
b29c85
b69f86
b9a088
bda38a
bca289
bba188
baa087
b99f86
b99f86
b99f86
b89d85
b89c84
b89c84
b89c84
b89c84
b89c84
b89c84
b89c83
b89d82
b89d82
b89d82
b89d82
b89d82
b89d82
b89d82
b79c81
b79c81
b89d82
b99e83
bba085
bba085
bca186
bca186
bca186
bba085
b89d82
b59a7f
b59a7f
b79c81
bb9f85
bfa389
c1a68c
c3a88e
c3a88d
c2a78c
c2a78c
c4a88d
c6a78c
c6a78c
c3a68e
c2a790
c2aa92
c3ab94
c3ac95
c2aa97
c1aa97
c2ab98
c0ac98
c0ae99
c2af9a
c2af9b
ccbca8
d0c1ae
d2c5b2
dbcdbb
e3d7c6
e7dbca
e4daca
e0d8c6
dfd9c5
e0dac7
dfdcca
e0ddcb
dfddcd
dedcce
dddccd
dad9cb
dddbcd
dfded0
e1ded1
e0ddd1
dfdbcf
e0dacf
e1d6c5
eaddcb
ead8c3
d2bca6
b3997f
a4866a
a8876b
b58f6d
bd9371
bf9471
bf946f
c39771
c29670
b3865e
aa7c54
ab7f57
aa8158
bb966d
c9a67e
ba936f
946b48
764a28
5f2f10
592808
602a0c
703619
7d3f23
88462c
924f36
9e513a
a1543a
a4573e
a85d41
ab6244
ab6444
ab6444
ac6945
ad6d47
ab6a45
a76942
a1673e
9a6038
8f552d
895029
844d2c
784221
703b1a
723d1d
754222
744123
703d20
703a1c
763f1f
7e4622
884e27
915528
995c2a
9e5f2c
a3642b
a5652c
a46429
a46325
a36222
a76421
ab6824
af6d2a
b67435
bf7f3e
ca8b4a
d29452
d79a58
d79b58
d59b58
cf9656
d19655
d09453
cc9250
c79053
c39359
c2955e
caa877
d9ba8b
e8cea4
ebd7b2
e6d8b8
e2dabf
e4e0c8
e4e0c8
e3dfc6
e4dec5
e4dec2
e5dec2
e8dfc2
e8dfc1
e8dfc2
e8dfc2
e8dfc2
e9e0c3
e9e0c3
eae1c4
eae1c4
eae1c4
e6ddc0
e5dcbf
e6ddc0
e7dec1
e9e0c3
ebe2c5
ece3c6
ebe2c5
eae1c4
eae1c4
eae1c4
eae1c4
eae1c4
eae1c4
e8dfc2
e6ddc0
e5dcbf
e7dec1
e9e0c3
eae1c4
e9e0c3
e7dec1
e8ddbf
e6dbbd
e4d9bb
e2d7b9
e3d8ba
e4d9bb
e5dabc
e7dcc0
e7dcbe
e7dcbd
e6dbbb
e5dab9
e4dab6
e4dab5
e5dbb6
e4dab5
e3d9b5
e3d9b6
e3d8b7
e5daba
e7dbbd
e6dbbd
e5d9bd
e5dabe
e5dcbd
e5ddbe
e5dfbf
e6e0c0
e5e0c1
e5ddc5
dfd8c1
dad4be
d7d2be
d6d1c1
d4cfc2
d3cfc1
c8c7b9
c3c1b7
bbb9b5
b2b1b2
a9a9ac
a3a5a6
a1a3a2
9ea0a3
9a9ea2
979b9f
92979b
8e9598
8b9496
8a9496
899295
879094
838c90
818a8e
7e878b
7c8589
798286
777f83
72797b
6e7478
6b7174
686e71
686e71
666c6f
636a6d
5e6568
5c6265
595f62
545a5d
505659
4d5457
4b5154
4b5154
495052
464c4f
454b4e
444b4d
444a4d
41474a
3e4547
3b4647
3a4446
3a4144
393e42
383c3f
373b3f
373a3e
c2beae
c2beae
c3bdac
c2bcaa
c2baa8
c2b9a6
c2b9a5
c1b9a6
c2b7a5
c1b6a4
c2b5a4
c1b4a3
c2b2a2
c2b2a2
c1b2a0
c1b19e
bfb09c
bfaf9b
beae98
bdae98
bdae96
bdad96
bca996
b7a591
b3a08b
b29d87
b19c84
b49d85
b79f87
bda38a
bca28a
bba189
baa088
b99f86
b79d85
b89e86
b79c84
b79b83
b79b83
b79b83
b79b83
b79b83
b79b83
b79b82
b89c82
b89c82
b89c82
b89c82
b89c82
b89c82
b89c82
b69c80
b69c81
b79d82
b89d82
b99f84
bb9f85
bb9f85
bba084
bba084
b99e82
b79c80
b4997d
b49a7e
b69c80
b89f82
bca286
c0a589
c3a78b
c2a68b
c2a58a
c4a68b
c4a68b
c2a385
c3a488
c3a68c
c3a88f
c2a991
c1a891
c0a992
bdab97
bfae9b
c3b3a0
c8b9a5
ccbeab
d0c5b0
d2c7b3
ddd1be
e4d7c5
e7dbc9
e7ddcb
e5dbc9
e3dac9
e3daca
e0d9c6
ddd8c2
dfd9c5
dfdbc7
e0dcc8
dedbc8
dddac7
dcdac9
e1decd
e0ddcc
e2dfce
e4e1d1
e4e0d0
e1dcce
e0dbcd
dfd6c4
e6dbc9
eadcc9
ddccb6
c5b097
b1977c
a88b6e
ae8b6a
bc9572
c19a77
be956f
be936c
c4986f
c5976d
b78960
aa7e56
ae855d
a9835b
b28f67
caa781
cfab85
c19c77
b58965
936543
784524
6b3414
652a0c
6b2a0f
7a371b
8e4228
95482d
9b4e33
a05537
a3583a
a75d3e
ac6342
a96642
a66741
a86843
a86943
a66943
9f633c
92562f
884d29
82492a
753c1e
6e3618
703b1d
784327
784629
754326
774222
774020
78411d
7e451c
894f23
985d2e
a46836
a86f38
ab7138
af753b
b4783c
ba7f40
c18646
c88c4a
cf9453
d49c5a
d49e5a
d49e5b
d29d5a
d19c59
ce9a56
cd9a57
c9995f
c99559
c68f51
c18c4f
bf925a
c39f6d
c7ab7d
dfc9a0
e2cea8
e5d3ae
e7d8b6
e8dbbc
e8dec0
e6dec2
e5ddc0
e6ddc0
e8dfc1
e9e1c3
eae1c4
e8dfc2
e5dec1
e5ddc0
e7dec1
e7dec1
e8dfc2
e9e0c3
ebe2c5
eae1c4
e8dfc2
e4dbbe
e5dcbf
e7dec1
e9e0c3
ebe2c5
ebe2c5
ebe2c5
e9e0c3
e9e0c3
eae1c4
eae1c4
eae1c4
eae1c4
eae1c4
e8dfc2
e6ddc0
e6ddc0
e8dfc2
e9e0c3
eae1c4
ebe2c5
eae1c3
e9dec0
e7dcbe
e4d9bb
e2d7b9
e3d8ba
e4d9bb
e5dabc
e7dcc0
e7ddbe
e7ddbe
e6dcbc
e6dcbb
e6ddba
e6dcb9
e6dcba
e5dbb9
e4daba
e4d9b9
e4dabb
e5dbbd
e7ddc0
e8dcc0
e8dbc0
e6dabe
e4dbbd
e4dbbd
e3dcbc
e4debe
e6dfbf
ebe0c2
e6ddc0
e1d9be
dfd6c0
ded7c2
ded6c4
dcd4c3
d7cfbd
d8cfbf
d0c7bd
c2bbb4
b5afab
a49f9d
918d8b
7b7b7c
777a7b
747778
6b6f71
6b6f71
646a6b
5f6666
616869
5e6566
5b6264
596061
565d5f
545b5d
515859
4f5658
515658
4f5355
4b5052
494d4f
484d4f
464b4d
44494b
424648
414648
404446
3f4345
3e4244
3d4244
3e4244
3d4243
3b4141
3a3f3f
393f3e
3a3f3f
393f3f
383d3d
353b3b
333a3b
333a3b
333839
323739
323638
323638
343638
c2bcb0
c2bcae
c2baac
c1b9ab
c3b7a8
c3b6a6
c2b7a5
c0b7a4
c1b6a4
c0b5a3
c0b3a2
bfb2a1
c1b1a1
c0b0a0
c0b09f
c0ae9c
bead9b
bdac9a
bcab99
bbaa99
bcab99
bcab98
b9a893
b6a58f
b3a08a
b19c86
b09b83
b29c84
b49d85
bba28a
bba189
baa088
b99f87
b89e86
b79d84
b59b84
b49a80
b49a7f
b49a7f
b49a7f
b49a7f
b49a7f
b49a7f
b59980
b79882
b79882
b79882
b79882
b79882
b79882
b79882
b49b80
b59c80
b59c81
b79c81
b89c82
ba9b82
ba9b82
bb9c80
bb9c7f
b99c7f
b6997c
b2997b
b19a7b
b49c7d
b7a080
bba484
c0a787
c3a789
c4a689
c4a387
c4a386
c5a487
c0a686
c0a686
c0a688
bea789
bfa88c
bfa98d
bfa98d
c5b5a3
ccbcad
d5c8b7
dbd0c0
ded5c5
e0d8c9
e1dacb
e3dbcb
e3dac9
e2dac9
e3dac9
e6ddcc
e7decd
e4dbc9
e0d7c6
ded5c4
e0d7c6
e3dac9
e4daca
e3d9c8
e1d8c7
e0d8c7
e0ddca
e0ddca
e1decb
e1decb
e0ddca
dfdcc9
dedbc8
e2d8c6
e1d8c7
e2d9c9
dfd5c3
d1c2ae
bda88e
ab9275
ae8f6e
b5936f
bb9873
c19b75
bf9770
bd9169
c3976c
cb9d76
c29371
b0825f
aa805b
ac8560
ad8b63
b99a72
ccae85
dfb58d
d6aa83
c2936c
a87550
8f5634
7d401e
743412
763210
7c3614
813b19
853f1d
884220
8f4927
995231
995834
995d36
9e613b
a0623c
9c5f39
935630
8a4c26
854723
7f4227
72361b
6c3217
713b1d
784426
794527
744122
78431d
804c25
905c31
a06d3f
ae7c4a
b98752
be8d57
c48e56
c78f54
c99357
cd9658
d19b5a
d49f5c
d7a15d
d3a15d
cea15c
ce9f5b
cc9e59
cb9c58
c99b57
c79955
c59856
c29861
c6965b
c79156
c39157
c19c6a
c7b288
cec7a2
e0d8b9
e1d8ba
e0d7b9
e1d8b9
e3dbbc
e7debf
eae1c2
e8dfc0
e8dfbf
e9e0c0
e9e0c1
e8dfc0
e5dcbd
e1d8b8
e1d8b9
e4dbbe
e3dabd
e6ddc0
eae1c4
ece3c6
e8dfc2
e5dcbf
e5dcbf
e6ddc0
e8dfc2
eae1c4
ebe2c5
ece3c6
ece3c6
e9e0c3
eae1c4
ebe2c5
ebe2c5
e9e0c3
e7dec1
e5dcbf
e5dcbf
e7dec1
eae1c4
ebe2c5
eae1c4
e9e0c3
e9e0c3
ebe1c3
eadfc1
e9dec0
e7dcbe
e5dabc
e5dabc
e5dabc
e5dabc
e7debf
e7debf
e7debf
e7debf
e7debf
e7debf
e7debf
e5dcbd
e5dcbd
e5dcbd
e5dcbd
e5dcbd
e5dcbd
e5dcbd
e5dcbd
e5dcbd
e5dcbd
e5dcbd
e5dcbd
e5dcbd
e5dcbd
e5dcbc
e6ddb5
e5dbb8
e7ddba
e8ddbe
e4d8be
e1d4bc
e2d5bf
e0d0be
e8dac8
e8dbc7
dfd4c2
ded4c7
d0c6c2
aea4a7
747270
5a5c55
51524d
51524e
555752
4c4e4b
4a4c49
4e514e
484c4b
484c4b
474b4a
454948
444746
434746
424645
434746
434746
424645
414544
414544
3f4342
404342
3e4241
3e4241
3d4140
3d4140
3c403f
3b3f3e
3a3e3d
3b3f3e
3b3f3e
3c403f
3b3f3e
3a3e3d
393d3c
383c3b
373b3a
373b3a
373b3a
353938
353837
343837
333736
333736
c1bbaf
c1bbad
c1b9ac
c1b9aa
c2b7a8
c2b5a5
c1b6a4
bfb6a3
c0b5a3
bfb4a2
c0b3a2
bfb2a1
c0b0a0
bfaf9f
c0af9e
c0af9c
bead9b
bdac9a
bcab99
bcab99
bcab99
bcab98
baa894
b7a490
b49f8a
b09b85
b19a82
b49b83
b59c85
baa183
baa183
b9a082
b89f81
b79e80
b69d7f
b49b7d
b49a7e
b49a7f
b49a7f
b49a7f
b49a7f
b49a7f
b49a7f
b5997f
b6987f
b6987f
b6987f
b6987f
b6987f
b6987f
b6987f
b4997e
b4997e
b6987e
b7987e
b8987f
b9987f
bb9880
ba987e
ba987e
b8987d
b5967b
b29478
b19478
b2977a
b39b7e
b6a081
baa486
bea688
bea688
bea387
bfa487
bea387
b6a388
b8a58a
bca990
c1b198
cabaa2
d2c3ac
d6c8b1
dbcfbc
ded3c1
e2d7c5
e3d8c8
e1d9c9
e2dacb
e3dccc
e2d9c8
e1d8c7
e0d7c6
e2d9c8
e4dbca
e4dbca
e2d9c8
dfd6c5
ded5c4
e0d7c6
e3dac9
e3dac9
e2d9c8
e1d8c7
e0d8c7
e2ddca
e2ddca
e4dfcc
e4dfcc
e2ddca
e0dbc8
dfdac7
e2dbc8
e3dac9
e3dcca
e4dbc8
decfbb
ceb99f
baa284
b19470
b3926b
b9976f
c19c71
bf996d
bc9366
bd9264
c59a6e
c99c78
c0956f
ba926b
b08a63
a5825a
a8875e
b39268
c39f75
cda97e
d9b088
deb089
d7a781
ce9a75
c6916d
b7825b
ad774f
a36e46
a06a42
a06a42
9d673f
966038
935e34
956134
996538
9c693c
9d6a3d
9c683b
976437
986639
9d6d44
9c6b42
a07046
a97a50
b1855a
b5895e
b68b60
c08e5e
c39161
c89765
cd9c66
cd9e64
cd9d61
ca9a5f
cf9f63
d1a164
d2a264
d1a262
d2a260
d2a361
d2a360
d1a25f
ce9e5b
c99957
c79855
c99957
c99957
c69654
c29353
be935c
c2925a
c7945c
cea06a
d6b282
dbc79e
dfd6b0
e1d8b9
e2d9ba
e4dbbc
e5dcbd
e7debf
e9e0c1
e9e0c1
e8dfc0
e8dfc0
eae1c2
e7debf
e2d9ba
ded5b6
ddd4b5
e0d7b9
e3dabd
e4dbbe
e7dec1
eae1c4
eae1c4
e6ddc0
e3dabd
e6ddc0
e7dec1
e9e0c3
ebe2c5
ebe2c5
ece3c6
ebe2c5
eae1c4
eae1c4
eae1c4
e9e0c3
e6ddc0
e5dcbf
e3dabd
e3dabd
e6ddc0
eae1c4
ece3c6
eae1c4
e9e0c3
e8dfc2
e9dfc2
ebe0c2
eadfc1
eadfc1
e8ddbf
e7dcbe
e5dabc
e4d9bb
e6ddbe
e6ddbe
e6ddbe
e6ddbe
e6ddbe
e6ddbe
e6ddbe
e5dcbd
e5dcbd
e5dcbd
e5dcbd
e5dcbd
e5dcbd
e5dcbd
e5dcbd
e5dcbd
e5dcbd
e5dcbd
e5dcbd
e5dcbd
e5dcbd
e4dbbc
e0d6b2
e2d8b4
e9debd
ebe0c4
e5d9be
e2d5bc
e8dcc3
e7d9c1
e0d4ba
d7cbb1
d5cab0
d9d0ba
dad0c2
d6ccc3
b4afa8
6d6a62
45453d
4d4c46
454540
434440
494b47
444745
444847
434746
434746
434746
434746
434746
424645
444847
444847
434746
424645
424645
404443
404443
404443
404443
3f4342
3f4342
3e4241
3d4140
3c403f
3b3f3e
3b3f3e
3c403f
3b3f3e
3a3e3d
393d3c
383c3b
373b3a
373b3a
363a39
363a39
343837
333736
333736
333736
c0baae
bfb9ab
c0b8aa
bfb7a8
bfb5a6
c0b4a4
c0b5a3
beb5a2
beb3a1
beb3a1
beb1a0
bdb09f
beae9e
beae9e
bfad9e
c1ad9c
c0ac9b
bea999
bda998
bda898
bda898
bda896
bba592
b8a38e
b49d89
b19984
b09780
b29881
b39982
b79e7f
b79e7f
b69d7e
b59c7d
b49b7c
b39a7b
b2997a
b49a7d
b49a7f
b49a7f
b49a7f
b49a7f
b49a7f
b49a7f
b3997d
b1977c
b1977c
b1977c
b1977c
b1977c
b1977c
b1977c
b3987d
b4977d
b6977d
b7977e
b8977f
ba987f
bb977f
bc9980
bc9a81
ba9980
b6967d
b2947a
b2947a
b3967c
b29b80
b39e85
b6a288
b9a58b
baa78d
beaa90
c3ad93
c4b298
c3b79e
ccbfa7
d5cbb4
ddd3bd
e0d7c3
e0d7c4
ddd6c3
e1dac5
e2dbc8
e3dbc8
e1d9c8
dfd7c6
dfd7c8
e1d9ca
e0d8c7
dfd6c5
dfd6c5
e0d7c6
e2d9c8
e3dac9
e1d8c7
dfd6c5
dfd6c5
e1d8c7
e1d8c7
e2d9c8
e2d9c8
e2d9c8
e2d9c8
e3ddca
e4decc
e5dfcd
e5dfcd
e4decb
e1dac8
ded8c5
e0d9c6
e1dcc9
e2ddca
e5ddca
e6dac4
dccaaf
cab495
b69975
b09169
b4946b
bc9a6e
bf9a6d
bd9768
be9665
c09668
be956d
bf976e
c39b72
c19b71
b69268
ae895f
aa885d
af8f62
b79769
c4a174
d0a87d
d6ac82
daae85
ddb188
d6ad7f
d0a879
cca474
cba373
cda576
cda576
cba374
c69e6d
c59c69
c89e6b
caa06d
cba26f
cda371
cea471
cea571
cfa972
cfa972
cea871
cba56e
caa36c
c7a069
c79f69
cea066
cc9e63
cc9e63
cc9e61
cea063
d1a365
d3a567
d2a766
d1a766
cfa566
cea463
cca261
caa060
c89f5e
ca9d5c
ca9958
c69655
c59554
c89857
ca9a59
c89857
c59657
c39861
c49861
cc9e6a
d7af7e
e0c296
e3d1aa
e1d8b4
dfd6b7
e1d8b9
e4dbbc
e7debf
e8dfc0
e7debf
e6ddbe
e6ddbe
e9e0c1
e9e0c1
e4dbbc
dcd3b4
d9d0b1
dcd3b4
e0d7b9
e3dabd
e6ddc0
e9e0c3
e9e0c3
e7dec1
e4dbbe
e2d9bc
e8dfc2
e8dfc2
eae1c4
ebe2c5
ece3c6
ebe2c5
ebe2c5
ebe2c5
eae1c4
e8dfc2
e6ddc0
e4dbbe
e3dabd
e1d8bb
e2d9bc
e6ddc0
e9e0c3
ece3c6
eae1c4
e7dec1
e6ddc0
e7ddc0
ebdfc1
ebe0c2
ebe0c2
ebe0c2
eadfc1
e7dcbe
e5dabc
e6ddbe
e6ddbe
e6ddbe
e6ddbe
e6ddbe
e6ddbe
e6ddbe
e6ddbe
e6ddbe
e6ddbe
e6ddbe
e6ddbe
e6ddbe
e6ddbe
e6ddbe
e6ddbe
e6ddbe
e6ddbe
e6ddbe
e6ddbe
e6ddbe
e5dcbc
e3d9b7
eee3c2
eadfc1
e2d7ba
e4dabe
e9ddc2
e4d9be
dfd4b7
d5caaa
cfc4a3
d3c8a8
d7cdb0
ddd1ba
e7d9c6
dacfc1
a89e93
686258
4c473e
4d4b45
4e4e49
474944
444645
454948
454948
454948
464a49
464a49
464a49
464a49
444847
444847
434746
424645
424645
404443
404443
3f4342
3e4241
3e4241
3d4140
3c403f
3c403f
3b3f3e
3a3e3d
3b3f3e
3c403f
3b3f3e
3a3e3d
393d3c
383c3b
373b3a
363a39
363a39
343837
333736
333736
323635
323635
bfb9ad
bfb9ab
bfb7a9
beb6a7
bfb4a5
c0b3a3
bfb4a2
bdb4a1
beb3a1
bdb2a0
bdb09f
bcaf9e
beae9e
bdad9d
beac9c
c0aa99
bea998
bca796
bba695
bba695
bba695
bba694
b9a290
b69f8c
b29a86
af9480
ae937d
af937d
b0947e
b49b7d
b49b7d
b39a7d
b39a7d
b2997c
b2997b
b1997b
b1977b
b1977c
b1977c
b1977c
b1977c
b1977c
b1977c
b0977b
af9678
af9678
af9678
af9678
af9678
af9678
af9678
b0987c
b0997d
b2987d
b3997d
b5987e
b6987e
b6987e
b99b82
b99c83
b89a82
b2977e
af957b
ae957a
af977c
ab977e
ac9a82
b7a58d
c2b19a
ccbea4
d5c7ae
dcd0b6
e1d6bc
e2d8c0
e2d8c2
e1d9c3
e1dac4
dfd9c5
ddd7c4
dcd7c4
dedbc4
e0ddc8
e2ddc9
e1dbc8
e0d8c7
e0d7c8
e3d9cb
e1d8c7
dfd6c5
dfd6c5
e1d8c7
e3dac9
e3dac9
e1d8c7
e0d7c6
e0d7c6
e0d7c6
e1d8c7
e1d8c7
e2d9c8
e2d9c8
e2d9c8
e3dcca
e5decc
e7e0ce
e7e0ce
e4ddcb
e0d9c7
ddd6c4
dcd7c3
e1dcc9
e3decb
e1dcc8
e5dbc4
e5d4b8
d8c4a4
c2a885
b49773
b3936d
b89670
bd9972
bf9a6e
c1996e
c59d71
c49e73
bd976c
bb9469
bc976c
bf996e
bd986c
b99469
a98759
ad8c5e
b49164
bc976a
c49e71
cea67a
d6ac81
d5af7e
d6b280
d7b380
d3af7d
ceaa78
cba774
caa674
ceaa75
d1ac75
d0ab73
d0aa73
d0aa73
d0ab73
d1ab74
d0ac74
cfad70
cfad70
d1ad71
d2ac71
d1ab70
d1a96e
cfa76c
d0a465
d1a566
d1a567
d0a466
cfa264
cca062
cb9d60
c89f5e
c89f5d
c79e5e
c79e5e
c59d5e
c59c5e
c49b60
c5995b
c69657
c99959
ca9a5b
ca9a5b
ca9a5a
ca9a5a
ca9a5c
c99f68
cca36e
d5ac7c
ddbb90
e2c8a1
e0d0ac
dbd3af
e0d7b7
e1d8b9
e4dbbc
e6ddbe
e7debf
e6ddbe
e4dbbc
e7debf
e8dfc0
e6ddbe
dfd6b7
dbd2b3
dbd2b3
e0d7b8
e4dbbd
e7dec1
e9e0c3
eae1c4
e8dfc2
e5dcbf
e5dcbf
e5dcbf
e9e0c3
e9e0c3
eae1c4
ece3c6
ece3c6
ebe2c5
ebe2c5
ebe2c5
eae1c4
e8dfc2
e6ddc0
e4dbbe
e3dabd
e3dabd
e5dcbf
e7dec1
eae1c4
e9e0c3
e7dec1
e6ddc0
e6ddc0
e7dec1
e8ddbf
e9dec0
eadfc1
eadfc1
e9dec0
e9dec0
e8ddbf
e7debf
e7debf
e7debf
e7debf
e7debf
e7debf
e7debf
e7debf
e7debf
e7debf
e7debf
e7debf
e7debf
e7debf
e7debf
e7debf
e7debf
e7debf
e7debf
e7debf
e7debf
e7ddbf
e9dec0
f1e6c8
e9dec0
dfd4b5
e4d9bb
e5dabc
d9ceb0
cfc5a7
d4caa9
e0d6b3
ebdfbd
eee0c0
e9dabf
e6d6bf
dfcfbd
d5c7b7
988d7e
52493d
49453c
4d4d46
4a4b46
4a4d4a
434747
444847
444847
444847
444847
444847
444847
444847
444847
434746
424645
424645
404443
404443
3e4241
3e4241
3d4140
3c403f
3b3f3e
3b3f3e
3a3e3d
3b3f3e
3b3f3e
3c403f
3b3f3e
3a3e3d
393d3c
383c3b
363a39
353938
353938
353938
333736
323635
323635
313534
beb8ac
beb8aa
beb6a9
beb6a7
bfb3a5
bfb2a2
beb3a1
bcb3a0
bdb2a0
bcb19f
bdb09f
bcaf9e
bdad9d
bcac9c
bdaa9a
bfa697
bda596
bba394
bba394
baa293
baa293
baa393
b9a08f
b59c8b
b19683
ad917d
ac8f79
ad907b
ae907b
b19780
b19780
b19780
b19780
b1977f
b1977f
b1977f
b0967b
af9479
af9479
ae947a
ae947a
ae947a
ae947a
ae9579
ad9677
ad9677
ad9677
ad9677
ad9677
ad9677
ad9677
aa987a
aa987a
ab987a
ad987b
ae977b
af977b
b0987c
b39a81
b39a82
b19980
ab957c
a79378
a49277
a59377
b09e86
bfaf98
cfbfa8
ded0b9
e5dbc2
e7dfc5
e5dfc4
e5ddc3
e5d9c0
e3d8bf
e0d7be
dfd7c0
ded8c1
dfd9c4
e0dbc6
dadbc3
ddddc8
e0dec9
e2dcc9
e1d9c8
e0d6c8
e1d5c8
e2d8c8
e1d8c7
e0d7c6
e1d8c7
e4dbca
e4dbca
e2d9c8
e1d8c7
e0d7c6
e0d7c6
e0d7c6
e0d7c6
e1d8c7
e2d9c8
e3dac9
e3dac9
e6ddcc
e9dfcf
e8dfce
e5dccb
e1d7c6
dcd3c2
dcd7c3
e2dfcc
e4e0cd
dfdac6
e3dbc3
e7d9bd
e1cfaf
d1b697
c0a283
b49675
b49371
ba9773
be9873
c19b75
c49e76
c4a073
c29d70
bc976a
b99367
bc9569
c39c70
c69e73
c39e70
c19b6d
bc9668
b89264
b89163
bd9467
c2986c
c59e6c
cba470
d0aa76
d6af7c
d7b07d
d6af7c
d4ae7b
d5b078
d5b175
d2ae73
d1ad72
cfab70
ceaa6f
ceaa6f
cfab70
d0ae71
cdaa6e
cda86c
cfa86d
cfa76c
cca168
c89d63
ca9e60
ca9e61
ca9e61
c99c61
c89b5f
c79a5f
c79960
bf9354
bc9250
be9354
bf9557
c0955a
c3975d
c49960
c5985d
cb995b
d1a163
d3a365
ce9e60
c8985a
c79759
c9995c
c99f68
d1a976
dab688
e1c39a
e2cea8
e1d2af
dcd4b0
e3dbbb
e4dbbc
e6ddbe
e7debf
e8dfc0
e8dfc0
e7debf
e9e0c1
e6ddbe
e1d8b9
dcd3b4
dcd3b4
e1d8b8
e5dcbd
e8dfc1
ece3c6
ede4c7
ebe2c5
e7dec1
e4dbbe
e7ddc0
e9e0c3
eae1c3
eae1c4
ebe2c5
ece3c6
ece3c6
ebe2c5
ebe2c5
eae1c4
e9e0c3
e7dec1
e6ddc0
e5dcbf
e6ddc0
e6ddc0
e8dfc2
eae1c4
e9e0c3
e6ddc0
e4dbbe
e4dbbe
e7dec1
e8dfc2
e7dbbd
e6dbbd
e6dbbd
e7dcbe
e9ddbf
ebe0c2
ece1c3
e9e0c1
e9e0c1
e9e0c1
e8dfc0
e8dfc0
e8dfc0
e9e0c1
e7debf
e7debf
e7debf
e7debf
e7debf
e7debf
e7debf
e7debf
e7debf
e7debf
e7debf
e7debf
e7debf
e7debf
e8dfc0
e9dec2
dfd4b9
e4d9bc
ece1c3
e3d8ba
d4c9aa
d0c5a5
d9d0b3
e3dabc
ebe0c1
ecddbd
eadbbd
ead9be
e5d1bb
e7d5c0
e7d6c3
cdbead
8a7f72
50493f
494740
4c4d48
454743
454a48
454948
444847
454947
444847
434746
434747
444847
444847
434746
424645
424645
404443
404443
404443
404443
3f4342
3e4241
3d4140
3d4140
3c403f
3b3f3e
3b3f3e
3c403f
3b3f3e
3a3e3d
393d3c
383c3b
363a39
353938
353938
343837
333736
323635
313534
313534
bdb7a8
bdb7a8
bdb6a5
bcb5a3
beb4a2
beb29f
bdb29e
bcb19b
bbaf9a
bbaf9a
baae99
baae98
b9ad98
b9ad97
b8a996
b8a693
b8a592
b7a490
b7a28e
b7a18b
b7a18b
b6a08a
b8a28b
b49d88
af9683
aa917e
a98e79
ab8f78
ac9275
b1967e
b2977f
b2977f
b1967e
b1957d
af937b
ae927a
ad937a
ac937b
ac9379
ad9478
ad9577
ad9576
ad9675
ae9675
ad9674
ac9574
ac9574
ac9574
ab9473
ab9473
ab9473
a69773
ac9b76
a8916d
ae9372
b39879
ab9177
b0967f
ab9782
a99681
a99682
ad9a86
b6a48e
c0af99
c9b8a2
d6c7b2
e0d2bf
e5d7c4
e9dcc8
e9ddc9
e6dbc6
e2d5c2
e0d4bf
e4d8c2
e4d9c2
e4d9c2
e3d9c2
e3d9c2
e3d8c2
e2d8c2
dedac2
dfdac3
e0dbc3
dfd9c4
dfd8c4
ded6c4
ded6c5
dfd6c5
e0d7c6
e0d7c6
e3dac9
e4dbca
e3dac9
e0d7c6
ded5c4
dfd6c5
e2d9c8
e0d7c6
e1d8c7
e4dbca
e5dccb
e4dbca
e3dcca
e6dfcd
e7e0ce
e6dfcd
e3dbc9
dfd8c6
ded6c4
dcd9c7
e0daca
e2dcca
e4dbc8
e6d9c5
e6d6c0
e5d4bd
dac4ac
c9b197
b79d80
b39675
bb9a77
c09e76
bc976d
b89266
bf9867
c8a071
c8a172
bf996c
b99366
bc976a
c19b6f
bd986b
be986b
bf996b
bf9b6b
c09b6a
c09b69
c09b69
bf9968
c09a68
c29c6a
c5a06c
c8a36e
c9a46e
caa46d
cba670
cba670
cba66e
caa56d
c9a56a
c9a56a
c8a468
c8a467
c6a365
c6a264
c7a264
c8a163
c8a063
c69b60
c49a5e
c4975c
c3965b
c19559
bf9356
bd9052
ba8e4f
b98d4c
bc9050
bf9353
c19556
c49859
c79a5c
ca9e60
cda062
cda164
cea265
d1a364
d1a05f
ca9757
c39154
c6965b
cc9f66
cba573
d2ad7e
dfbf91
e6cca2
e3d1ab
e1d4b3
e3dcbd
e6debe
e6ddbe
e7debf
e7debf
e8dfc0
e7debf
e7debf
e4dbbc
dfd6b7
d9d0b1
dad1b4
e0d6bb
e6ddc2
e9dec5
e7dec4
e9e2c5
e7e0c3
e6dfc2
e5dec1
e6dfc2
e8e1c4
e9e2c5
e8e1c5
e9e2c6
e9e2c6
eae2c6
eae2c6
e9e2c6
eae3c7
e9e2c5
e7e0c3
e5dec1
e4ddc0
e3dcbf
e4dcbf
e4ddc0
eae2c5
ece2c5
e7dec1
e4dbbe
e4dbbe
e6ddc0
e7dec1
e6ddc0
e4dbbc
e4dbbc
e6dcbd
e7debf
e8dfc0
e9dfc1
eae0c2
e9e0c1
e9e0c1
e9e0c1
ebe2c3
ece3c4
ebe2c3
e8dfc0
e9e0c1
e9e0c1
e9e0c1
e9e0c1
e9e0c1
e9e0c1
e9e0c1
e8e0c0
e8e0c0
e8dfc0
e9dec0
e9dec0
ebdec1
ecdfc1
eee2c4
ebe2c5
d9cfb2
e6ddbf
e7ddc0
d2c8ab
d3c9ab
dfd5b8
ede2c2
ece0c1
e9dbbd
e7d8b9
e7d7b8
e8d7ba
ead6ba
e8d9bc
dbd0b3
dacfb5
d2cab6
6a6355
524f45
504e47
4b4946
49474b
4b4b4f
484b50
41484c
404448
424645
464946
424846
424846
414745
404644
3f4442
3e4341
3d4241
3f4543
3e4442
3d4341
3c4240
3c413f
3b403e
393e3c
393e3d
3a3f3e
393f3d
383d3b
373c3a
363b39
353a38
343835
333531
333633
323433
313433
313233
313234
313235
bcb6a6
bbb5a5
bcb5a3
bbb3a1
bbb29f
bcb19e
bcb19d
bbaf9a
bbae9a
baad99
b9ad98
b9ac97
b8ac97
b7ab96
b6a894
b5a592
b5a391
b4a38f
b5a18b
b4a089
b49f87
b49d86
b29f83
ae9a81
a9947d
a68f79
a68d75
a78e71
a8906f
ae9376
af9477
af9477
af9478
ae9377
ae9276
ad9175
ab9075
aa9074
aa9074
aa9172
ab9171
ab926f
aa916d
ab916e
ac9270
ac9270
ac9270
ac9271
ac9170
ac9170
ac9171
ad9474
b29676
b09270
ae8f6f
af9375
b0967d
ab947f
b4a28f
bcaa97
c7b5a2
d4c2af
dfcdba
e8d6c3
eddbc8
e7d9c6
e3d6c3
e5d8c5
e6d9c6
e6d9c6
e5d8c5
e4d6c3
e2d5c2
e3d8c2
e3d8c2
e3d8c2
e3d8c2
e3d8c2
e3d8c2
e3d8c2
e4ddc3
e2dbc1
dfd8c1
ddd7c1
ddd7c2
ded7c4
dfd7c4
e0d7c6
e0d7c6
e1d8c7
e3dac9
e4dbcb
e3dac9
dfd6c6
ddd4c3
dfd6c5
e2d9c8
e0d7c6
e1d8c7
e5dccb
e6ddcc
e4dbca
e3dcca
e6dfcd
e7e0ce
e5decc
e2dbc9
dfd8c7
dfd9c7
dcd9c8
dfdac8
e2dbc9
e5dcc9
e7dac7
e7d8c4
e8d6c2
e3cfb8
d3bea6
c0a88e
b79d7e
bb9e7b
c1a078
bc9a6f
b89367
ba9465
c19b6d
c49e70
c09b6d
ba9568
b99467
bc976a
c29d70
c09a6e
bd9869
bb9667
bc9765
be9a65
bf9b66
c39d6b
c49d6c
c39d69
c29c68
c19b67
c19b65
c09a63
c09a64
bf9a64
c19b64
c29c64
c29d64
c39e62
c49f63
c39f61
c09c5d
c19c5e
c19a5c
c0985a
be9658
bc9256
bc9155
bc8f54
bb8e53
bb8e53
bb8f51
bc9051
bd9151
be9250
c19556
c49859
c89c5d
cb9f60
cea263
cfa364
d0a364
cfa465
caa063
ca9b5c
c99857
c69455
c59357
c7995f
cea36d
d4af80
dab88a
e5c89d
ebd4ab
e6d6b2
e4d8b7
e7e0c0
e4dcbd
e5dcbd
e6ddbe
e6ddbe
e5dcbd
e3dabb
e2d9ba
dfd6b7
dcd3b4
dad1b2
ddd4b7
e4dabf
e9dfc4
e9dec6
e7dec4
e8e1c5
e7e0c4
e7e0c3
e7e0c3
e8e2c5
e9e2c6
eae3c7
eae3c7
e9e2c6
e9e2c6
e9e2c6
e8e2c6
e9e2c6
e8e1c5
e7e0c3
e6dfc2
e4dec1
e4ddc0
e3dcbf
e5dec1
e6dfc2
eae1c4
eae0c3
e7dec1
e4dbbe
e5dcbf
e6ddc0
e6ddc0
e4dbbd
e2dabb
e3dabb
e5dcbd
e5dcbd
e6ddbe
e7debf
e7debf
e9e0c1
e8dfc0
e8dfc0
ebe2c3
ece3c4
ebe2c3
e9e0c1
e9e0c1
e9e0c1
e9e0c1
e9e0c1
e9e0c1
e9e0c1
e9e0c1
e8e0c1
e7e0c0
e9e0c1
eadfc1
ebdfc1
ecdec1
ecdec1
eadcbf
e5dabc
ece1c3
e0d6b8
d0c5a7
d2c8aa
e2d7b9
e9dec1
ede0c0
eaddbd
e6d8b9
e5d6b7
e6d7b8
e7d6b8
e8d6b8
e0d2b2
dbd0b1
e0d5ba
d8ceb8
b2ac9b
6c675b
49453b
4b4741
504c4e
48474b
42454a
3f464a
424749
434645
434442
414544
404443
3f4342
3e4241
3c403f
3b3f3e
3b3f3e
3b3f3e
3a3e3d
393d3c
383c3b
373b3a
363a39
343837
343837
343938
333736
323635
313534
303433
2f3332
2f3230
2e302b
2e302d
2d2f2e
2d2f2e
2c2d2f
2c2d2f
2c2d31
bab4a7
bab4a6
bab2a5
bab2a2
bab09f
bbaf9e
baaf9d
bbae9b
bbae9b
baad9a
b9ac99
b8ab98
b7aa97
b6a996
b6a796
b5a594
b5a493
b3a290
b3a18c
b19f89
b19d87
b19c86
ae9d7e
aa987c
a7937a
a38e76
a38c72
a48d6d
a58e6a
aa916f
aa9270
ab9371
ac9372
ac9372
ac9372
ab9371
ac9170
ac9070
ab8f6f
ab8f6f
ab8e6d
aa8e6c
a98d6b
a98b6a
a8896a
a98a6b
a98a6b
a98a6b
a98a6b
aa8b6c
ab8c6d
b28e74
a58066
b18c71
b39275
ab8e74
baa48d
c8b8a4
ddcebb
e4d5c2
eadbc8
eedfcd
efe0cd
eadbc9
e6d7c5
e4d7c4
e4d9c5
e4d9c5
e3d8c4
e3d8c4
e4d9c5
e4d9c5
e4d9c5
e4d9c3
e4d9c3
e4d9c3
e4d9c3
e4d9c3
e4d9c3
e4d9c3
e6dfc3
e3dcc1
dfd8bf
dcd4bd
dcd4be
dfd7c2
e1d9c4
e1d9c6
e1d9c6
e2dac7
e4dcc9
e5ddca
e3dbc8
dfd7c4
ddd5c2
dfd7c4
e2dac7
e0d8c5
e1d9c6
e5ddca
e6decb
e4dcc9
e3dcc9
e6dfcc
e6dfcc
e4ddca
e2dbc8
e0d9c6
e1dac7
dfdac6
e0dbc7
e3dcc9
e5ddca
e6ddc9
e8dcc8
e7dbc8
e9d8c3
deccb6
ccb79f
bfa88a
bda281
bfa17b
be9e75
bb986f
b89469
ba986b
be9b6e
c19d70
c09a6d
bc9669
b89265
c19b6d
bf996b
bc9667
ba9463
ba9462
bb9661
bc9662
bb9460
bc9461
bd9562
bf9863
c29b65
c59d66
c69f66
c49d64
c19a63
c19a62
c19a61
c0995e
c09a5d
c0995c
bf995b
be985a
bd9659
bc9457
ba9255
b98f53
ba8e52
ba8d52
b88b50
b98c51
ba8d52
bc9052
bf9354
c29656
c49856
c59959
c79b5c
cb9f60
cea263
cfa364
cea263
cca060
c99f60
c4995b
c09151
c19051
c59557
c89a5f
cb9f6a
cfa774
d5b487
dcbf94
e4cda6
e7d6b2
e6d9b8
e6dabb
e9debe
e7debf
e8dfc0
e9e0c1
e9e0c1
e7debf
e3dabb
dfd6b7
ddd4b5
dcd3b4
ded5b5
e2d9bc
e7ddc2
eae0c5
e9dfc6
e8dfc5
e8e2c6
e9e2c6
e9e2c6
eae3c7
ebe4c8
ece5c9
ece5c9
ece5c9
ebe4c8
eae3c7
e9e2c6
e8e1c5
e7e0c4
e6dfc3
e5dec1
e4ddc0
e4ddc0
e4ddc0
e5dec1
e7e0c3
e9e2c5
e9e1c4
e7dec1
e6ddc0
e7dec1
e7dec1
e6ddc0
e3dabe
e1d8bb
e2d9ba
e2d9ba
e3dabb
e3dabb
e4dbbc
e4dbbc
e4dbbc
e7debf
e6ddbe
e6ddbe
e9e0c1
ebe2c3
ebe2c3
e9e0c1
eae1c2
eae1c2
e9e0c1
e9e0c1
e9e0c1
e9e0c1
e8dfc0
e7dfc0
e6dfbf
e9e0c1
ece1c3
ebe0c2
ebddc0
e9dbbe
e6d8bb
e5d8b9
e7dabb
d2c5a6
d3c6a7
e5d8b9
e9ddbd
ede1c1
e8dbbb
e5d8b8
e3d6b6
e3d4b5
e4d5b6
e5d4b6
e6d4b6
e2d1b3
ecddc0
dcceb3
dcd0b8
d3c9b6
a79f8f
5b5547
4c463b
4d4744
454443
404243
404547
424747
434443
41403e
3f413f
3e403e
3d3f3d
3c3e3c
3a3c3a
393b39
393b39
363836
353835
343734
333633
323432
313331
303230
2e312e
2d302d
2d302d
2c2f2c
2b2e2b
2a2d2a
292c29
282b28
272924
272926
272927
262827
262728
252628
25262a
b9b3a7
b9b3a7
bab2a5
b9b0a3
baafa1
baae9f
b9ad9e
b8ab9a
b8ab9a
b7aa99
b5a898
b4a796
b2a595
b1a494
b0a393
b0a393
b0a191
af9f8e
ad9c8b
ac9b88
ab9985
ab9983
a8987b
a6957a
a29078
9e8a73
9b876d
9a8668
9c8664
a08a68
a28b69
a38c6a
a38c6a
a38c6a
a28b6a
a18b69
a28a69
a38969
a28868
a18767
9f8565
9e8367
9d8266
9e8166
9f7f66
9e7f66
9e7f66
9e7f65
9e7f65
9e7f65
9e7e66
9f7a65
a37e67
a8836a
a28268
b49b83
ddcbb7
e8dbca
e8decc
e8ddcc
e6dcca
e5dbc9
e4dac8
e4dac8
e5dac9
e4dbc7
e3dbc6
e2dac5
e1d9c4
e1d9c4
e2dac5
e3dbc6
e3dbc5
e4d9c3
e4d9c3
e4d9c3
e4d9c3
e4d9c3
e4d9c3
e4d9c3
e5dbc0
e4d9be
e0d6bc
dfd4bb
e0d5bd
e3d7c2
e5d9c5
e3dac5
e2dac5
e3dbc6
e4dcc7
e5ddc8
e3dbc6
dfd7c2
ddd5c0
dfd7c2
e2dac5
e0d8c3
e1d9c4
e5ddc8
e6dec9
e4dcc7
e3ddc7
e5dfc9
e6e0ca
e3ddc7
e1dbc5
e1dbc5
e2dcc6
e1dbc5
e2dcc6
e3ddc7
e4ddc9
e4ddca
e5ddcb
e5decb
e8dcca
e5d5c2
d7c6af
cbb79d
c3ab8b
bfa481
c0a17c
bc9d77
b4976e
b5956b
b8966c
bd9b6f
bf9b6e
ba9465
b58d5e
bb9162
bd9365
bf9665
c09764
c09864
be9561
bb935e
bd9460
bd9460
bd945f
be945e
bd945d
bd945b
bd945a
be955c
bf955d
bf965d
bf965b
be9559
bf9659
be9658
bf9659
be975a
bd9558
bc9256
bb9155
bc8f54
be9055
be9055
bf9257
bf9257
bf9257
c09457
c29657
c49858
c69a58
c89c5c
ca9e5f
cca061
cda162
cca061
c99d5e
c69a5b
c4985a
c09355
bc8d4d
c09051
c79a5d
cba168
cea773
d0ac7d
d9b98f
e0c7a0
e4d3b1
e4d9bc
e6dec0
eae0c0
ede0be
e7debf
e7debf
e7debf
e6ddbe
e3dabb
e1d8b9
ded5b6
ddd4b5
e0d7b8
e2d9ba
e6ddc0
e8dec3
eae0c5
e9dfc6
e8dfc6
e7e0c6
e8e1c7
eae3c9
ece5ca
ece5cb
ece5cb
ece5cb
ece5c9
ebe4c8
eae3c7
e9e2c6
e8e1c5
e7e0c4
e6dfc3
e5dec1
e4ddc0
e4ddc0
e4ddc0
e5dec1
e8e1c4
eae3c6
e9e1c4
e7dec1
e7dec1
e8dfc2
e8dfc2
e7dec1
e3dabe
e1d8bb
e2d9ba
e2d9ba
e3dabb
e3dabb
e3dabb
e3dabb
e3dabb
e7debf
e5dcbd
e4dbbc
e7debf
e9e0c1
eae1c2
e9e0c1
eae1c2
eae1c2
eae1c2
e9e0c1
e9e0c1
e8dfc0
e8dfc0
e7dfc0
e8e1c1
eae1c2
ece1c3
eadfc1
eadcbf
e7d9bc
e7d9bb
e6d8b8
cdbf9e
cdbf9f
efe1c1
f4e6c6
e1d3b3
ebddbd
e4d7b7
e2d5b5
e1d4b4
e2d3b4
e4d4b6
e5d4b6
e4d2b4
e6d3b5
e5d2b4
e7d6bb
dfd0b6
dacdb7
d4c9b4
99907c
524a3a
433d33
42413a
40423e
3e4040
3c3e3e
3c3c3a
3d3c38
383936
383936
373835
363734
343532
333431
323330
2f312d
2e302c
2e2f2b
2c2e2a
2b2d29
2a2c28
292b27
282925
262824
262824
262723
252622
252622
242521
222420
1f221d
1f211e
1f211f
1e201f
1e1f21
1e1f21
1d1e22
b5afa4
b5afa4
b6aea3
b6ada2
b6ab9f
b7aa9c
b6aa9c
b7aa9a
b6a999
b5a898
b3a696
b2a594
b0a393
afa292
ada191
ab9f8f
aa9e8e
aa9b8b
a89888
a79684
a69583
a5947f
a2927b
9e8e7a
9a8877
958271
927d69
8f7a61
8e795d
947f61
957f61
958061
957f61
947f61
937d5f
927d5f
917b5c
907a5a
8e785a
8d775b
8b7559
89725a
887159
876f59
866958
866958
856857
836655
826654
826554
816452
826650
91745d
8d6f57
9c8168
d1bba5
efdfcd
e6dbcc
e6decd
e4ddcb
e2dbc9
e1d9c8
e0d9c7
e2dac9
e4dccb
e3dcc8
e2dcc6
e2dcc6
e2dcc6
e2dcc6
e2dcc6
e2dcc6
e3dcc6
e5dac4
e5dac4
e5dac4
e5dac4
e5dac4
e5dac4
e5dac4
e1d6ba
e1d6ba
e1d6ba
e1d5bc
e3d7be
e5d9c2
e7dbc4
e5dcc5
e3dbc5
e4dcc5
e5ddc7
e6dec7
e3dbc4
dfd7c0
ddd5be
dfd7c0
e2dac3
e0d8c1
e1d9c2
e5ddc6
e6dec7
e4dcc5
e3ddc5
e5dfc7
e4dec7
e2dcc5
e1dbc3
e2dcc5
e4dec6
e4dec4
e3ddc5
e3ddc5
e1dcc6
e1dcc8
e1dcca
e1dbcb
e4daca
e5d8c7
e2d3be
d8c6ae
ccb699
c4ab8a
c2a783
c0a580
b79d77
b69972
b7976f
bb9a6d
bd986b
ba9566
b89060
bb9161
bd9363
bf9664
c19864
c19863
bf9660
be945e
bf945f
bf935f
c09560
c1955f
c3985f
c3995f
c59a5f
c2975d
bf955c
c0965c
c1975a
c1985a
c2995b
c39a5a
c1985a
bb9256
ba9155
ba8f53
bb8e53
bd8f54
c09157
c29258
c2955a
c2955a
c2955a
c3975a
c49859
c69a5a
c89c5a
ca9e5e
ca9e5f
ca9e5f
c99d5e
c79b5c
c39758
c19656
c09455
bd9050
bd8e4d
c49656
cb9e63
cea66f
cfab7b
d4b386
e2c59c
e9d4af
e9dcbf
e5dfc4
e8e2c6
ede3c2
eee0bc
e7ddbe
e5dcbd
e3dabb
e0d7b8
dfd6b7
dfd6b7
ded5b6
e1d8b9
e4dbbd
e6ddbe
e7dec1
e7ddc2
e7ddc2
e8dec5
e8dec6
e5ddc6
e7e0c8
e9e2ca
ebe4cc
ece4cd
ece4cc
ebe4cc
e9e3c6
e9e2c6
e9e2c6
e9e2c6
e9e2c6
e9e2c6
e9e2c6
e7e0c3
e6dfc2
e5dec1
e5dec1
e6dfc2
e8e1c4
eae3c6
ebe3c6
eae1c4
e8dfc2
e9e0c3
e9e0c3
e9e0c3
e6ddc1
e4dabd
e4dbbc
e4dbbc
e4dbbc
e4dbbc
e3dabb
e3dabb
e3dabb
e5dcbd
e4dbbc
e2d9ba
e5dcbd
e7debf
eae1c2
eae1c2
ebe2c3
ebe2c3
eae1c2
e9e0c1
e9e0c1
e8dfc0
e7debf
e8e1c1
ebe3c4
eae1c2
eadfc1
e8ddbf
e8dabd
e6d8bc
e5d7b9
d5c6a4
d1c2a1
e3d4b3
f2e3c2
eddebd
e6d7b6
e7d8b6
e1d4b4
e0d3b3
e0d3b3
e2d3b4
e5d5b7
e6d5b7
e5d3b5
e9d3b5
ddc8aa
f0dec0
dfceb2
e8d9bf
ddd0b7
cbc0a7
786f59
423d2d
3f3e32
383831
353733
343533
343231
322f2c
2e2f2a
2e2f29
2c2e28
2b2d27
292a25
282924
282823
272823
262722
262621
242520
23241f
22231e
21221d
1f201b
1f201b
1e1f1a
1e1f1a
1e1f1a
1e1f1a
1d1e19
1d1e19
1b1d1a
1b1d1b
1a1c1b
1a1c1b
191a1c
191a1d
191a1f
b5aca2
b3a9a0
b2a89e
b1a69c
b1a59a
b1a498
b0a397
ada093
ab9d90
a99c8e
a79a8c
a6988b
a49689
a29587
a09284
9e8f81
9b8d7e
998a7a
988777
968574
948272
92816f
8f7e6b
8c7969
867263
806b5d
7c6757
796352
78634e
7c6852
7c6851
7c6851
7b6650
79654e
77634c
77624c
725f48
6f5d45
6d5b44
6b5a44
695742
675541
655341
645140
634f40
624e3f
604b3d
614c3e
5e493b
5a4537
5d493a
655641
584631
715e49
bcab95
ddceba
e1d5c4
e4dac9
e4dbcb
e6ddcd
e6decc
e4dcca
e3dac8
e4dcc9
e5ddca
e4dbc7
e3dcc5
e3dcc6
e4dcc6
e4dcc6
e3dcc6
e3dcc6
e3dbc5
e5dac4
e6dbc5
e6dbc4
e6dac4
e5dac3
e6dbc3
e6dbc3
e0d3b6
e1d4b9
e4d7bb
e5d8be
e7dac1
e7dbc4
e7dbc4
e5ddc5
e4dcc4
e4dcc5
e5ddc6
e6dec8
e4dcc6
e0d8c2
ddd5c0
ded6c1
e2dac4
e2dac4
e3dbc5
e5ddc6
e6dec7
e5ddc6
e3dcc6
e4dec7
e4dec7
e2dcc5
e1dbc3
e2dcc4
e4dec6
e4dec5
e4dec7
e3ddc5
e2dcc6
e1dcc8
e0dcc9
e0dcc9
e4dcca
e7dcca
e6d9c5
e0d0b8
d5c1a5
cbb494
c6ac8b
c5a886
c4a480
bfa17b
bd9d76
be9c74
c09b70
c0996a
c09766
c19665
c09564
bf9563
bd9561
bd9560
bf9661
bf9760
bc935b
bb915a
bb915a
bb9159
bc9359
bd945a
bb9459
bd945b
bf935c
bf945a
be9359
bd9357
bd9357
bc9254
bc9153
b98f53
b98e52
ba8e52
bc8e53
be9055
c19257
c39458
c19459
c19459
c2955a
c3965a
c5985b
c69a5b
c89b5c
c89b5d
c69a5b
c39758
c19556
be9253
bc9051
bc9151
bd8f52
bf9053
c39556
ca9d5f
cea269
d0a974
d4b17e
dabb8b
e6cea4
ebd9b6
eae1c6
e5e1c9
e5e0c6
e8e0c0
eadcb9
e9dec0
e7ddbf
e5dbbd
e3d9ba
e2d8ba
e3d9bb
e4dabc
e6ddbd
e8dfbf
e8dfc0
e8dfc2
e7dec2
e6dcc2
e8ddc3
e6ddc4
e3dbc5
e6dec7
e9e1ca
ebe3cc
ebe3cc
ebe3cc
ebe3cb
e8e0c7
e9e1c8
e9e2c7
e9e2c7
e9e2c7
e9e2c6
eae3c7
e8e1c4
e7e0c3
e6dfc2
e6dfc2
e7e0c3
e8e1c4
eae2c6
ece4c7
ece4c6
e9e1c3
e9e1c3
e8e0c2
e8e0c2
e7dfc1
e5ddbf
e5dcbd
e5dcbd
e4dbbc
e4dbbc
e4dbbc
e4dbbc
e4dbbc
e3dabb
e2d9ba
e1d8b9
e3dabb
e6ddbe
e9e0c1
e9e0c1
e9e0c2
eae1c3
e9e0c2
e9e0c1
e8dfc0
e7debf
e7debe
eae0c2
ece2c4
ede5c6
e5ddbe
e1d8b8
e5d8ba
e8dabb
d3c3a4
cbbb99
e7d7b5
f7e7c5
e9d9b7
e4d4b2
edddbb
e5d5b3
e2d4b3
e2d4b3
e2d4b4
e5d6b6
e6d6b7
e6d6b7
e5d4b5
e7d2b3
e7d0b3
e6d1b5
e4d0b5
e3d2b8
e0d2b7
e0d2b8
b2a890
524f3a
393828
2d2d26
282a28
2d2e2b
282a24
2a2a22
25261f
262621
262521
252320
23221e
21211c
20211b
1e231b
1f221b
1f211a
1f2019
1e1e17
1c1d16
1c1e16
1a1c14
1a1c14
1a1c15
1a1c15
191b14
191b13
181a13
181a13
1b1d15
1b1d16
1a1c17
191b17
191a18
191a19
191a1a
ab9f97
a79c93
a3988f
a2978e
a2978e
a0958c
9d928a
9c8f87
9a8c84
968981
94877f
93867e
90837b
8d8078
8c7d73
8d7c6d
887669
847365
817062
7e6d60
7b6a5d
79675a
786357
735d52
6b564a
644f43
604b3f
5e493d
5d483d
5d4b41
5c4a40
5a483e
58463c
554339
534137
524136
4d3d32
4a3a2f
49392e
46372c
44352a
423327
403125
3b2f23
353021
352e20
2f2618
352b1d
372d20
322619
312518
2b2315
524a3c
a29a8a
e4dccb
dcd4c2
d9d1be
ded6c1
e7dbcb
ebdfd0
eaddcd
e4d9c7
e3d8c5
e7dcc8
e8ddc8
e6dbc5
e6dbc5
e6dbc5
e6dbc5
e6dbc5
e6dbc5
e6dbc5
e6dbc5
e6dac4
e8dcc5
e8dcc4
e7dbc2
e6dac0
e6dbbf
e6dbbf
e4d3b9
e6d5bb
e8d8be
e9dac1
eadbc4
e7dcc5
e7dbc5
e6ddc4
e4ddc3
e3dbc4
e4dcc5
e5ddc8
e5ddca
e2dbc7
ded6c4
ddd5c3
e2dac7
e6dec9
e7dfca
e6dec7
e6dfc6
e6dfc7
e3dcc8
e4dec9
e5dfc9
e3ddc6
e1dbc4
e2dcc4
e3ddc5
e3ddc7
e4dec8
e4dec8
e5dfc9
e5dfc9
e4dec8
e3ddc7
e6e1ca
e7e0c9
e5dbc2
e2d3b9
decaaf
d7bfa2
d1b799
d1b292
d3af8c
caa986
c3a381
bfa07c
c19e78
c39d70
c49b6e
c2986a
c09669
be9565
bc9463
bb9662
bd9763
bf9a65
be955b
bc9258
ba9057
b99057
b99159
b99259
b79059
ba8e5a
bd8f5b
bd905a
bc8f57
bc8f56
bc8f55
bb8e53
bb8e53
bb8f52
bc9053
be9255
c09457
c29659
c19658
c19558
bf9257
bf9257
c09358
c19459
c3965b
c3965b
c4975c
c5985b
c39757
bf9354
bc9051
bb8f50
bc9051
be9253
c19355
c5965a
ca9c61
cca269
cea66e
d3ae79
dcba85
e4c593
e5d4a9
e9dcb7
ece2c7
e9e2cc
e4dec8
e6dec2
eadfbf
e8ddbf
e8ddbf
e7dcbe
e6dbbd
e6dbbd
e8ddbf
e8ddbf
e9dfbf
e9e0c0
e9e0c1
e9e0c3
e9e0c3
e8dec3
e7ddc2
e6ddc3
e5dec7
e6dec7
e9e1ca
ebe3cc
ebe3cc
eae2cb
eae2cb
e8e0cb
e8e0cb
e9e1ca
eae3cb
ebe4ca
eae3c8
eae3c7
e7e0c4
e7e0c3
e7e0c3
e7e0c3
e8e1c4
e9e2c5
eae3c7
ece5c7
ebe5c5
ebe5c5
e9e3c3
e8e2c2
e7e1c0
e6e0bf
e5dfbf
e7debf
e7debf
e6ddbe
e5dcbd
e4dbbc
e4dbbb
e3dabb
e2d9ba
e0d7b8
dfd6b7
e1d8b9
e4dbbc
e6ddbe
e6ddbe
e7ddc1
e8dfc2
e7dec1
e7debf
e5dcbd
e5dcbb
e6debc
e8dcbe
eedfc5
eae0c3
e3ddbd
dbd3b2
e2d5b4
d3c2a2
c8b393
e4d4b2
eedebc
f0e0be
eadab8
e7d7b5
e4d4b2
e0d0ae
e4d3b2
e5d4b3
e5d5b4
e6d6b5
e6d6b5
e4d4b2
e2d3b0
e2cfb0
e5cfb2
e6d3b6
e6d2b7
e2d1b7
e0d0b6
e5d4bb
d9ceb5
8e8e77
40402f
26261c
21221d
20231d
181e14
21281c
1c2216
1f221a
231f1e
241f1f
221f1e
1f2019
1c2115
172219
19211a
1c1f19
1e1d17
1f1d17
1c1d16
1b1d16
1a1e16
1b1e16
1c1f17
1c1f17
1b1e16
1a1d15
191c14
191c13
1c1d12
1c1d12
1d1e14
1d1d15
1d1d17
1d1d18
1d1d18
928887
8e8483
8a807f
897f7d
877d7c
847a79
827877
7b7472
77706d
746d6a
716967
6f6865
6b6461
67605d
635c57
60574f
5b524b
584f48
544b44
524942
4f463f
4d443c
4b3f38
473b34
40342e
3a2e27
362a24
332821
332721
332a24
322923
302721
2c231e
2a211b
281f19
271d18
241c16
231c15
221b14
221a14
201812
1f1811
1e1710
1b150f
1b1a12
1e1b14
141109
1a150d
211b14
1e1710
1e160f
4c4334
ada495
ede4d5
e7ddcc
e1d8c6
d6cebb
d4ccb7
e3d8c6
e6dbca
e5dac8
e3d8c5
e6dbc7
e8ddc8
e4d9c3
e4d9c3
e6dbc5
e6dbc5
e6dbc5
e6dbc5
e6dbc5
e6dbc5
e7dbc5
e8dcc5
e7dbc3
e7dbc1
e6dabf
e5dabe
e5dabd
e4d9bd
e4d4ba
e5d5bb
e7d9be
e8dbc2
e8dcc4
e7dbc5
e6dbc5
e5ddc4
e3dcc2
e2dac3
e3dbc4
e4dcc7
e4dcc9
e1d9c6
ddd5c2
ddd5c1
e2dac5
e5ddc7
e5ddc6
e5dec4
e5dec3
e6dfc5
e5dfc9
e6e0ca
e5dfc9
e3ddc7
e0dbc4
e0d9c4
e1dac5
e3ddc7
e3ddc7
e4dec8
e4dec8
e4dec8
e4dec8
e3ddc7
e4dec8
e5dec7
e6dcc4
e6d9bf
e5d5ba
e4cfb5
e1caaf
e1c9ae
e0c8ab
d5bfa3
cbb69b
c5b093
c5ad8c
c7aa85
c7a981
c4a477
c2a074
be9d70
bb9a6d
bb9a6a
bc9a69
bd9c6a
bd945f
bc915b
bb905a
bc905a
bc905a
bb8e58
b78b55
b98c56
bb8d57
bb8d56
ba8d53
ba8c52
ba8c51
b98c50
ba8d51
bc9053
bc9053
be9255
bf9356
be9255
bf9356
be9255
be9155
be9155
bf9257
bf9257
c09458
c09458
c29559
c19556
be9253
bd9152
bc9051
bc9051
bf9354
c29557
c49958
c89d5c
caa063
cba56c
ceaa78
d5b588
e1c29a
e9cfa9
e9dbb3
ecdfbd
eee3c8
ebe2cc
e7dfc8
e8dec3
eadfc1
e9dec0
e8ddc0
e7dcbf
e7dcbf
e7dcbf
e7dcbf
e9ddc0
e9dfc2
e9e1c3
eae1c4
eae1c5
eae1c5
e9e0c5
e8dec5
e9dfc8
ebe3cc
ebe3cc
ebe3cc
ebe3cc
ebe3cc
eae2cb
eae2cb
e9e1cc
e9e1cc
eae2cb
ebe4cb
ebe4ca
ebe4c9
ebe4c8
e8e1c4
e7e0c3
e7e0c3
e7e0c3
e8e1c4
eae3c6
ebe4c7
ece6c8
ece7c7
ece6c7
eae4c5
e9e3c4
e9e2c3
e8e1c2
e7e1c2
e8dfc1
e8dfc1
e8dfc0
e6ddbf
e5dcbe
e5dcbd
e4dbbd
e4dbbc
e0d7b8
ded5b6
dfd6b7
e2d9ba
e5dcbd
e7debf
e8dec2
e7dec1
e4dbbe
e4dbbc
e4dbbc
e8dfbd
eae1c0
e9debf
eddfc2
e3d7b9
e2d7b7
e6dab9
d0c4a0
c2b18f
e7d4b3
f4e4c2
ebdbb9
e8d8b6
e8d8b6
e2d2b0
deceac
e1d1af
e5d2b2
e5d2b2
e5d2b2
e5d2b2
e4d1b1
e2cfaf
e2cfaf
e3cfaf
e5cfb1
e4d1b2
e6d2b6
e5d4b8
e3d3b8
deceb4
e2d4be
ccc1b2
6b624f
29260f
272812
212212
1c2018
1d221d
1b2017
1e201b
221f1d
241f1f
231f1e
20211c
1d2218
1b2118
1e1f19
211e19
221d19
221c18
211c19
1d1c18
1f1e16
201e16
211f17
211f17
201f16
201f16
1f1e15
1e1d14
201c12
201c13
201c14
1f1b15
1f1b15
1f1a16
1f1a16
6e6769
696263
645d5f
60595b
5e5658
595254
564f51
4f4b4d
4a4848
474545
444142
423f40
3e3b3c
3a3838
383534
383330
322e2b
302b28
2d2926
2c2825
292522
272320
25221f
23201c
201d19
1d1a16
1c1915
1b1815
1b1815
1c1815
1c1815
1b1713
1a1612
191511
181411
181310
161511
161611
161611
161611
161611
161611
161611
171713
191b15
151611
181813
1e1d19
171310
1b1714
3d3834
a19788
e3dacb
e8dfd0
e6ddcc
e4dcca
dfd7c4
cbc3ae
d5cab7
e1d6c4
e7dcc9
e5dac6
e3d8c2
e4d9c2
e5dbc3
e5dbc3
e6dbc5
e6dbc5
e6dbc5
e6dbc5
e6dbc5
e6dbc5
e7dcc5
e8dcc3
e5d9c0
e4d8bd
e4d9bd
e5dabd
e4d9bb
e3d8b9
e5d6bc
e6d7bd
e6dbbf
e7dcc2
e7ddc4
e5ddc5
e4dbc5
e3dcc2
e2dbc1
e1d9c2
e2dac3
e3dbc6
e3dbc8
e0d8c5
ded6c1
ded6c0
e3dbc4
e6dec5
e5dec5
e4ddc2
e4ddc1
e5dec3
e7e1c8
e8e2c8
e6e0c7
e3ddc6
dfd9c4
ded7c4
dfd8c6
e2dcc6
e2dcc6
e3ddc7
e4dec8
e4dec8
e3ddc7
e2dcc6
e3ddc7
e4dec8
e5ddc7
e6dbc5
e7dac3
e7d7c1
e6d6be
e7d6be
e6d7c0
dfd2bd
daceb8
d6cab3
d5c6ab
d2bfa1
d0bc99
ceb88f
ccb48b
c6ae85
c1a77d
bda276
bb9f72
b99c71
bf9767
be9462
bd9260
bd915d
be8f5b
bb8c56
b78852
b88951
ba8b53
b98b52
b98b50
b88a4f
b88a4e
b88a4c
b88a4d
bb8f52
bc9053
bc9053
bd9154
bc9053
bc9053
bb8f52
bd9153
bd9153
bd9153
bd9153
be9254
be9254
bf9354
bd9152
bc9051
bd9152
be9253
bf9354
c39758
c69a5b
c79d5d
c9a260
c9a468
caaa75
cfb286
d8bf99
e2ccae
e9d6ba
e9dfbd
ebe0c2
ece1c7
ecdfc8
e9ddc5
e8dcc3
e9dec1
eadec3
eadec3
e9ddc2
e9ddc2
e9ddc2
e9ddc2
eadec3
e9e1c4
e8e2c5
e9e3c6
e9e3c7
eae3c9
e9e3ca
e8e2c9
eae3cb
efe7d0
eee6cf
ece4cd
eae2cb
e9e1ca
e9e1ca
e8e0c9
e9e1cc
eae2cd
ebe3cc
ece5cc
ece5cb
ece5ca
ebe4c8
e8e1c5
e8e1c4
e8e1c4
e8e1c4
e9e2c5
eae3c6
ebe4c7
ede6c9
ede6ca
ece5c9
ece5c8
ebe4c7
eae3c7
eae3c6
eae3c6
eae1c5
eae0c4
eae0c4
e8dec2
e7ddc1
e7ddc1
e6ddc1
e6ddbe
e2d9ba
ded5b6
ded5b6
e2d9ba
e6ddbe
e8dfc0
e6dcc0
e4dbbe
e3dabd
e5dcbd
e9e0c1
ede4c3
efe6c5
ede3c3
e3d5b7
e7d8b9
decfad
d5c5a3
c4b391
e3d2ae
f6e5c2
f0e0be
e9d9b7
e8d8b6
e6d6b4
deceac
dbcba9
e5d6b3
e8d4b4
e8d4b4
e6d2b3
e6d1b2
e4cfb0
e2cdae
e2cdae
e2ceae
e1cdac
e1cead
e4d1b1
e4d3b6
e1d2b6
dbccaf
decdb7
ead8c9
ac9d86
504527
2d2706
221e02
282711
1d1c0c
211e13
241e17
281d1b
291c1c
291c1b
251e17
231f15
232008
241f08
271d08
281b08
291b0a
271a0b
261a0b
251b09
261c07
271d08
271d09
271d09
271d08
261c08
251b07
261d07
261d08
261c09
271d0a
271c0c
271c0d
271c0e
413d3f
3d393a
383435
343132
322f30
2f2b2c
2b2728
2c292a
292729
272526
262324
252223
232122
201e1f
1f1d1d
1f1f1c
1c1b19
1a1917
191816
191816
171614
151412
151513
151513
141513
151513
161614
171715
171816
151410
151410
151410
161511
161511
161511
171511
151611
151611
151611
151611
151611
151611
151611
171813
171712
11110c
1d1b17
221e1a
17110e
3b3532
86807c
ded5c5
ece3d4
dbd1c1
e7decd
ded5c3
e5ddca
d8d0bc
cbc1ad
d9ceba
e7dcc7
e6dbc5
e1d7be
e3d9bf
e7ddc1
e7ddc4
e6dbc5
e6dbc5
e6dbc5
e6dbc5
e6dbc5
e6dbc5
e7dbc4
e7dbc0
e2d6bb
e0d5b8
e2d7ba
e6dbbb
e5daba
e3d8b8
e5d8bd
e5dabe
e7dcc0
e7ddc3
e6dec4
e4ddc5
e2dcc4
e3ddc3
e3dcc2
e2dac3
e3dbc4
e4dcc7
e4dcc9
e1d9c6
dfd7c2
dfd7c1
e4dcc5
e7e0c6
e6dfc3
e5dec2
e5dec1
e5dec1
e6e1c4
e7e2c5
e6e0c7
e3ddc6
dfd9c5
dfd8c7
e0d9c9
e2dcc6
e2dcc6
e3ddc7
e3ddc7
e3ddc7
e3ddc7
e2dcc6
e3dec8
e5dfc9
e4dec9
e4dcc7
e3dbc7
e4d9c6
e3d8c5
e5d9c6
e6dbc6
e3dbc7
e2dcc9
e3dcc8
e3dac0
e0d2b6
decead
dad0aa
d9cca7
d5c6a1
cfbe98
c9b58e
c2ad84
bfa780
c1a071
be9b6b
bb9665
b9925f
b9905c
b98d56
b88b53
b98951
bb8a51
ba894f
ba894e
ba894d
b9894b
b9894a
b98a4a
b88c50
b98d50
bb8f52
bb8f52
bb8f52
bb8f52
bb8f52
bd9152
bd9152
bd9152
bd9152
bd9152
be9252
be9252
bc9051
bd9152
be9253
c09455
c39758
c79b5c
ca9e5e
c8a063
c7a36a
caa974
d0b484
d6c098
decdab
e5d8bb
e7ddc3
e7e2c6
e8dfc5
ebdec4
edddc4
eddec5
ebdfc5
ebdfc5
ebdfc6
ebdfc6
eadec5
e9ddc4
e9ddc4
ebdfc5
ebdfc6
e9e2c6
e9e4c7
eae5c9
eae5ca
ebe6cd
ebe5ce
eae4ce
ebe5ce
ede5ce
ebe3cc
e9e1ca
e7dfc8
e7dfc8
e7dfc8
e7dfc8
e9e1cc
e9e1cc
eae2cb
ebe4cb
ebe4ca
ebe4c9
ebe4c8
e8e1c5
e8e1c4
e8e1c4
e8e1c4
e9e2c5
ebe4c7
ece5c8
ece5c9
ece5c9
ece5c9
ebe4c9
ebe4c8
eae3c8
eae3c8
eae3c8
ece2c8
ece2c7
ebe1c6
e9dfc5
e9dfc4
e8dec4
e8dec4
e8dfc0
e4dbbc
e2d9ba
e2d9ba
e4dbbc
e7debf
e8dfc0
e3d9bd
e2d8bc
e4dbbe
e9e0c1
efe6c6
efe6c5
ebe2c1
e4dbb9
ded2b1
dacaa9
d9c6a5
bea988
decaa7
f6e4c0
f0e1bb
e9d9b8
e8d8b6
e5d5b3
e0d0ae
dcccaa
deceac
e5d5b3
ebd6b7
ead4b5
e7d2b3
e4cfb0
e3ceaf
e1ccad
e1ccad
e0cbab
e0ccaa
e0cdac
e2cfaf
e2d2b1
e0d1b2
decfb0
decfb2
eedec2
dfcfb3
8f8063
4e401e
483d14
59501d
544b14
5d4c21
5f4b24
624a27
624828
604826
5d4922
5a4a1f
584d11
594b10
5c4a11
5f4712
5f4615
5e4617
5b4617
5c4819
5f4a1c
604b1d
604c1d
614c1e
604c1d
604c1d
5f4b1c
5e4b1d
604d1f
634f23
665227
69552c
6b582f
6d5932
232222
21201f
1e1d1d
1d1d1c
1d1c1b
1c1c1b
191918
1c1919
1b1717
1a1616
1a1616
1b1717
1c1818
191515
1a1615
1a1815
181513
171411
191613
1a1714
191613
171412
141411
141411
141411
141511
151612
161613
161613
191712
191712
181611
181611
171510
171510
17140f
171711
171712
171711
171711
171711
171711
161611
161510
171510
1d1914
1f1a16
1c1512
261c1a
6e6462
cec5c1
f6edde
dfd6c8
ddd4c4
e1d8c7
e7dfcd
eee6d3
e0d8c4
c9bfaa
d3c8b3
e0d5bf
e4d9c1
e5dbc1
e8dec2
e7ddc1
e6dbc3
e6dbc5
e6dbc5
e6dbc5
e6dbc5
e6dbc5
e6dbc5
e6dbc4
e4d9bc
dfd4b8
ddd2b5
e1d6b7
e6dbbb
e7dcba
e5dbb8
e5dabe
e6dbbf
e7ddc1
e8dec4
e5dfc5
e3ddc5
e2dcc4
e5dec5
e4ddc3
e4dcc5
e4dcc5
e6dec9
e5ddca
e2dac8
e1d9c3
e2dac1
e7dfc6
e9e2c6
e8e1c5
e7e0c3
e6dfc2
e7e0c1
e5e0c2
e6e1c3
e5e0c5
e3ddc6
e1dac7
e0d9c9
e1d9cb
e1dbc6
e2dcc6
e2dcc6
e3ddc7
e3ddc7
e2dcc6
e1dbc5
e3dec8
e3decb
e3ddc9
e2dbc8
e2dbc9
e2dac9
e2dacb
e4dbc9
e6ddc7
e3dcc8
e2ddc9
e3dec9
e6ddc3
e8dabd
e6d7b6
e2ddba
e3dcb8
e2d9b5
dfd2af
d8c8a4
d0bd99
cab693
c2a77a
bea171
b99a68
b5945f
b5915b
b79056
b88f55
ba8c52
bc8950
bb8a4f
bb894e
bb894c
ba884a
ba8849
b98849
b5894c
b68a4d
b88c4f
ba8e51
bb8f52
bc9053
bc9053
be9251
be9251
be9251
be9251
be9251
be9251
be9251
be9252
bf9354
c19556
c39758
c69a5b
c99d5e
cca05f
caa168
c7a575
ceaf81
d7be94
dfcea7
e6dbb7
e7e1c2
e7e3c6
e6e5cd
e9e1c9
ecdec6
efdec5
f0dfc7
f0e2c8
eee2ca
ece0c8
ebdfc7
ebdfc7
eadec6
eadec6
ebdfc7
ecdfc8
e9e3c7
e9e5c8
eae6cb
ebe7cd
ebe7ce
ebe6d0
ebe6d0
ebe5ce
eae2ca
e8e0c9
e6dec7
e4dcc5
e4dcc5
e4dcc5
e5ddc6
e7dfca
e8e0cb
e9e1ca
eae2ca
eae3c9
e9e2c7
e9e2c6
e9e2c5
e9e2c5
e9e2c5
e9e2c5
eae3c6
ebe4c7
ede6c8
ece5ca
eae3c9
eae3c9
eae3c9
eae3c9
eae3c9
e9e2c9
eae2c8
ede3ca
ede3ca
ece2c9
ebe1c8
eae0c7
e9dfc6
e9dfc6
e8dfc0
e7debf
e5dcbd
e5dcbd
e7debf
e9e0c1
e8dfc0
e2d8bc
e1d7bb
e6ddc0
ece3c4
f0e7c8
ebe2c1
dfd6b5
d9d1ae
dfd5b2
d7c6a5
c5ae8e
ddc5a4
f8e3be
f4e2bc
e5d6b0
e3d3b1
e1d1af
d7c7a5
d6c6a4
e2d2b0
ebdbb9
e9d9b7
ecd4b5
ebd3b4
e7d0b1
e3ccad
e2cbac
e0c9aa
e0c9aa
e0cba9
e1cdaa
e4d0af
e4d1b0
e1d1b0
e1d2b2
e4d5b7
e2d5b1
dbd2a6
e8dbbc
cebca5
978467
9a8756
a39247
a7973d
b0983d
b2963e
b49342
b39142
b1903e
ac9139
a99035
a49336
a69138
a99039
aa8d3b
ab8c3f
a98c41
a68b42
a88d46
ab8e4a
ac8f4b
ad904c
ad904c
ad904c
ad904c
ac904c
ab914e
ac924f
ad9351
af9455
b19657
b19759
b2975a
181617
181617
181616
171616
181617
181617
181617
181614
181614
171614
171614
181614
181715
181614
181715
181715
181715
181714
181715
181715
181715
181715
171613
171613
171614
161513
151412
151412
151412
171511
171511
171511
161511
161511
161511
161511
171612
171511
161511
161511
161511
171612
191814
151411
161614
1b1a17
1d1a16
1a1710
423d35
bbb7ad
e1dbd0
e9e2d1
dcd5c5
dcd5c3
e2dbc8
e7e0cc
e8e2cc
eae5cf
d4cab6
c3b8a4
ddd3be
e5dac3
e3d8c1
ece2c8
e6dcc2
e6dec3
e7dec2
e6dcc1
e8dcc2
e9dec4
ebdec4
e9dcc2
e6d8bd
e0d2b5
e2d5b8
e4d6b9
e6d8bb
e7d9bc
eadcbe
ecdec1
e6dcc1
e7ddc2
e8dec3
e7ddc2
e6ddc1
e6dcc1
e7dec2
e7dec5
e6dec6
e6dec7
e5ddc8
e5ddc8
e4dcc9
e4dbca
e5ddc7
e6dfc5
e7e0c4
e7e0c4
e7e0c3
e7e1c1
e8e2c2
e8e2c2
e5e0c3
e5dfc3
e4dec5
e2dcc5
e0dac6
dfd8c6
dfd8c9
e2dac5
e3dbc6
e4dcc7
e5ddc8
e5ddc8
e5ddc8
e4dcc7
e4dcc7
e3dbc6
e3dbc6
e2dac5
e2dac5
e3dbc6
e3dbc7
e4dcc7
e5ddc8
e5ddc8
e4ddc8
e5ddc8
e5ddc7
e5ddc7
e5ddc6
e2e0c6
e6e1c5
e7e1c3
e8dfbf
e5d7b6
dfcfac
dacaa5
ccba8e
c2ad80
bda475
bc9f6f
bc9965
b9915c
bb9059
b98c56
b58753
b58751
b6874f
b8894d
bb8b4d
ba8a4a
b98949
b5884a
b5884a
b68a4b
b88c4d
bb8e50
bd9052
be9153
bf9150
bf9152
c09254
be9355
bc9355
ba9054
b89054
ba8e4f
bf9050
c49453
c89859
c99c60
c99f68
c9a36f
caa979
ccb284
d4bd91
dfcba3
e7d8b4
eae1be
e9e3c3
e6e1c4
e6e2cc
e6e1cb
e8e1cb
e8e1ca
eadfcb
ebdfcb
ebe0cb
ecdfc5
ecdfc5
ebdfc5
eae0c5
ebe1c6
eae3c7
ece4c8
eae4ca
e9e3cb
e9e3cb
e9e3cb
e9e3cb
e9e3cb
e9e3cc
e9e3cb
e7e0c9
e2dcc4
dfd9c1
e0dac2
e3ddc5
e5dfc7
e6e0c8
e6e0c8
e6e0c8
e7e1c9
e8e2ca
e8e2ca
eae4cb
eae4cb
ece5c9
eae3c7
e7e0c4
e8e1c5
ece5c9
ede6ca
ede5ca
eae6c9
e6e6c8
e6e3c5
e6e2c5
eae5c8
ece6ca
ece5ca
ede5ca
ece0cb
ebe0c9
ebe1c8
ede3c9
eee5c8
ece3c6
eae1c4
e9e0bf
e8dfbe
e7debe
e8dfc0
e8dfc1
e6ddc0
e4dbbf
e1d7bd
e3d9bf
e7dcc1
f1e5c7
f5e8c8
e5d8b5
dccfac
d7c8a5
dfcdaa
ceb997
cab292
f9e5c5
f6e3c2
efe0c0
dfd2b0
dacca9
d0c29e
cfc09d
dfcdac
efdbbb
f1ddbc
e9d6b5
e4d1b0
e3cfaf
e0cdac
dfcbab
dfccab
dfccab
decbaa
dfcdae
e0cfb0
e0d0af
e1d1af
e3d3b1
e3d3af
e1d2ae
dfcfac
e1cfab
eed7b5
ead7b6
d4c6a1
c9b981
d3b65e
e4b94b
e2b848
e6b748
e9b649
e8b448
e5b147
e2b249
e2b34b
d9b547
dbb549
deb34a
dfaf4b
ddae4a
dcae49
dcb14b
dcb14f
ddb051
deb252
dfb355
dfb355
dfb356
dfb256
dfb157
e1af54
dfb055
deb257
dcb359
dab55a
d9b65c
d9b65c
181617
181617
181617
181617
181617
181617
181617
181715
181715
181715
181715
181715
181715
181715
181715
181715
181715
181715
181715
181715
181715
181715
171614
171614
171514
161513
161513
151412
151412
161511
161511
161511
161511
161511
161511
161511
171612
161511
161511
161511
161511
171612
181713
191815
151512
1a1915
15120e
37342b
959186
e4dfd2
e4ded1
e3dbca
dbd3c1
d9d2bf
ded6c3
e2dbc6
e5dec8
eae3cc
ddd3bf
c8bdaa
cabeaa
eadfc9
e6dcc3
e9dfc4
e6dcc1
e7dfc3
e7dfc1
e6ddc0
e8ddc1
e9dec2
ebddc1
e9dabf
e4d6ba
ded0b3
e3d5b8
e7d9bc
e8dabd
e9dbbe
eadbbf
ebddc0
e6ddc0
e7dec1
e8dfc2
e7dec1
e6ddc0
e6ddc0
e8dfc2
e7dfc4
e6dfc5
e6dfc6
e5ddc7
e5ddc8
e4dcc8
e4dcc9
e5ddc7
e6dfc5
e6dfc4
e7e0c4
e7e0c3
e8e2c2
e8e2c2
e8e2c2
e6e1c4
e5dfc3
e4ddc4
e2ddc6
e1dbc7
e0d9c6
dfd8c8
e3dbc6
e3dbc6
e4dcc7
e5ddc8
e5ddc8
e5ddc8
e5ddc8
e4dcc7
e4dbc6
e3dbc6
e3dbc5
e3dbc5
e3dbc6
e4dcc6
e4dcc7
e5ddc8
e5ddc8
e5ddc8
e5ddc8
e5ddc8
e5ddc8
e5ddc8
e2dfcb
e7e1cb
e8e2ca
eae1c7
eadec2
e8dabc
e6d7ba
ddcda6
d2c096
c8b286
c1a879
bc9d6c
b89361
b8915d
b88d59
b68854
b48650
b5864e
b5874b
b9884a
b78747
b78546
b48648
b48648
b48648
b6884a
b98b4d
bb8d4f
bd8e50
be8f4f
bd8f50
be9052
bd9153
bd9155
bb9156
bb9256
bc9256
bf9457
c4985b
c89c5f
caa067
cda773
cead7d
d1b68b
d8c29a
e0cba5
e8d6b3
eadcbc
e8dfc2
e7e0c5
e6e1c7
e6e1cb
e6e1cb
e7e1cb
e7e1cb
e9dfcb
eadfcb
eadfcb
eadec5
eadec5
e9dec4
e9dfc5
e9e1c6
e9e2c7
eae5c8
eae4cb
eae3cc
eae3cc
e9e3cb
e9e3cb
e9e3cb
e9e3cb
eae4cc
e9e3cb
e6e0c8
e4dec6
e5dfc7
e7e1c9
e7e1c9
e6e0c8
e6e0c8
e6e0c8
e7e1c9
e8e2ca
e8e2ca
eae4cc
eae4cc
ebe5c9
e9e4c7
e8e3c6
eae4c8
ede7cb
eee8cc
ede7cb
e9e7c9
e5e6c7
e6e2c5
e6e2c5
e9e4c7
eae5c8
ebe4c8
ebe3c8
ebdfca
eae0c8
ece2c9
eee4ca
eee5c9
ece3c5
e9e0c2
e7debd
e7debd
e9e0c0
eae1c2
e8dfc1
e5dcbf
e3d9bd
e0d5bc
e9dfc3
ece1c4
ede0c1
eddfbe
e0d1af
d5c7a2
d4c49e
bfac86
cfb996
f3dbbb
f6dfbf
f3dfbf
dccead
d1c4a2
c9ba97
d6c8a5
e6d7b4
eedcbb
ecd9b8
e7d3b2
e4d0af
e3d0af
e2cfae
e3d0af
e3d0af
e1cead
ddcaa9
dac6a5
dac8a7
dccbaa
decdac
e0cfad
e2d1ae
e2d1ad
e1d0aa
dfcfa9
e4d2ad
eed8b0
ebd7b2
dfcea6
dac58b
ebc36c
fcc559
f9c252
fac14e
fcbf4c
fcbe4a
fbbe4c
fabe4f
fabe51
f3c051
f4bf52
f6bd51
f7ba51
f6b84e
f5b84f
f6bc52
f5bd50
f4bb4e
f5bc50
f6bc53
f5bc52
f5bb54
f5bb53
f5ba54
fbbc57
fabd57
f9be58
f7be5a
f4bf5a
f3c05d
f2c05d
181715
181715
181715
181715
181715
181715
181715
181715
181715
181715
181715
181715
181715
181715
181715
171614
171614
171614
171614
171614
171614
171614
161513
161513
161513
161513
161513
161513
161513
161511
161511
161511
161511
161511
161511
161511
171612
161511
161511
161511
161511
171612
181814
171511
1f1c17
23201a
312d24
8e8a7e
e4dfd1
ded8c8
e6dfcf
e0d7c5
dbd2bf
d7cfbb
dcd3be
e2dac4
e6dec7
e8e1c7
e8dec8
d4c8b3
b5aa93
e8dec5
e9dfc4
e6dcc0
e7dec1
e8e0c2
e8e0c0
e7debf
e8ddbf
e8ddc0
e9dbbe
e7d9bc
e3d5b8
dfd1b4
e4d6b9
e9dbbe
eadcbf
e9dbbe
e9dbbe
e9dbbe
e6ddbe
e7debf
e8dfc0
e7debf
e6ddbe
e6ddbe
e8dfc0
e7dfc2
e6dfc3
e6dfc5
e5ddc6
e5ddc6
e4dcc7
e4dcc7
e4ddc6
e5dec4
e6dfc3
e7e0c4
e7e0c3
e8e2c2
e9e3c3
e9e3c3
e6e1c4
e5e0c4
e4dec5
e2ddc6
e1dbc7
e0d9c7
e0d9c9
e3dbc6
e4dcc7
e5ddc8
e5ddc8
e6dec9
e6dec9
e5ddc8
e5ddc8
e4dcc7
e3dbc6
e3dbc6
e3dbc6
e3dbc6
e4dcc7
e5ddc8
e5ddc8
e5ddc8
e5ddc8
e5ddc8
e5ddc8
e5ddc8
e5ddc8
e3ddcd
e3ddcd
e5ddcb
e6decb
e6ddc9
e8dcc7
e8dcc7
e7d9ba
e0d1ae
d8c6a1
cfba92
c9af85
c2a578
be9f71
bd9766
ba915d
b78c57
b68952
b5884f
b6884c
b48649
b38547
b48749
b48749
b48749
b6894b
b88a4c
ba8d4f
bb8e50
bb8f52
bb8f52
bb8f53
ba9155
bc9458
be975c
c19960
bf9c64
c19e66
c6a16a
c9a56d
ceaa78
d2b385
d5bb92
dac4a0
e2d0b0
ead8ba
eddec3
eaddc3
e5ddc6
e6e0ca
e9e3cd
e7e2cc
e7e2cc
e8e2cc
e8e2cc
eae0cc
ebe0cc
ebe0cc
e9dec6
e9dec6
e8dec6
e7dfc6
e7e0c7
e8e2c8
e9e4ca
eae5cc
ebe5cd
ebe5cd
ebe5cd
ebe5cd
ebe5cd
ebe5cd
ebe5cd
ebe5cd
e9e3cb
e9e3cb
e9e3cb
e9e3cb
e6e0c8
e4dec6
e6e0c8
e6e0c8
e7e1c9
e8e2ca
e8e2ca
eae4cc
eae4cc
e9e4c8
eae5c8
ebe6c9
ede8cb
efeacd
eee9cc
ede7cb
e9e7c9
e5e5c7
e6e2c5
e6e2c5
e9e4c7
eae5c8
eae3c7
e9e1c6
e9dec9
eae0c8
ede3ca
efe5cb
eee5c9
ebe2c5
e7dec1
e4dbba
e7debd
eae1c1
ebe2c3
e7dec0
e3dabd
e1d7bc
ded2b5
ede2c4
f4e7c7
ebdcbb
e5d6b4
dacaa5
cdbd95
cab990
bca982
e4cea9
ffeecb
ead4b2
e4d2b0
cebf9d
cbbe9b
d0c29f
e7d9b6
f3e5c2
eddbb9
e1cead
decaa9
e0cbaa
e5d2b1
e5d2b1
e5d2b1
e2cfae
decbaa
dbc8a7
d9c6a5
dbc8a7
decaaa
e1cead
e2d0ac
e1cfaa
dfcda7
decba5
dccca3
e1d2a6
ebd6ab
ead4ac
e3cda5
e4c890
f2c16e
fdbb53
ffbf4d
ffbc46
ffba3f
ffbb3c
ffbc3e
ffbb40
ffb841
ffba4a
ffba4a
ffb947
ffb643
ffb541
ffb642
ffba48
ffbb45
ffba40
ffba42
ffba43
ffb944
ffb743
ffb643
ffb543
ffb342
ffb342
ffb243
fdb343
fbb243
fab143
f8b243
181714
181714
181714
181714
181714
181714
181714
181715
181715
181715
181715
181715
181715
181715
181715
161513
161513
161513
161513
161513
161513
161513
151412
151412
161513
161513
161513
171614
171614
161511
161511
161511
161511
161511
161511
161511
171612
161511
161511
161511
161511
171612
181814
181610
19150c
2d291e
949083
d4cec0
ede6d6
ece5d3
e1d9c6
e4d7c5
e0d4c1
dccfbb
ded2bc
e5dac2
eadfc6
e9dec4
ede3cb
dcd1b9
b9af95
d6ccb1
e8dfc3
e6ddbf
e9dfc2
e9e2c2
e9e1c1
e7debe
e8ddbd
e8ddbd
e7dabb
e5d8b9
e2d4b6
e1d3b6
e6d8bb
eadcbf
ebddc0
e9dbbe
e9dbbe
e9dbbe
e6ddbd
e7debe
e8dfbf
e7debe
e6ddbd
e6ddbd
e8dfbe
e7dfc2
e6dfc2
e6dfc3
e5dec3
e5dec4
e4dcc6
e4dcc6
e4ddc5
e5dec4
e6dfc3
e7e0c4
e8e1c4
e9e3c3
e9e3c3
eae4c4
e7e2c5
e6e0c4
e5dec5
e4dec7
e2dcc8
e1dac8
e0d9c9
e4dcc7
e4dcc7
e5ddc8
e6dec9
e7dfca
e7dfca
e6dec9
e5ddc8
e5ddc8
e4dcc7
e4dcc7
e4dcc7
e4dcc7
e5ddc8
e5ddc8
e5ddc8
e5ddc8
e5ddc8
e5ddc8
e5ddc8
e5ddc8
e5ddc8
e6dfce
e6dfce
e5decd
e5ddcc
e4dccb
e4ddcb
e4dcca
eadfc8
ebdfc4
e7dabd
e0d1b1
dac8a4
d2bd96
c6b089
c2a579
c09c6e
b99667
b59160
b38e59
b28b55
af8951
af884f
b28a50
b28a50
b28b51
b38c52
b58d53
b68f55
b78f55
ba965d
ba965e
bb9761
bd9a64
bf9e68
c2a26d
c5a471
c4a877
c7ac7a
cdb07f
d1b483
d6bb8e
dac39b
decca8
e0d1b2
e3d7bb
e9ddc2
eae1c6
e8dfc6
e5dec7
e8e1cb
eae6ce
e8e3cd
e8e3cd
e9e3cd
e9e3cd
ebe1cd
ece1cd
ece1cd
e8dfc8
e8dfc8
e7dfc8
e7e0c8
e7e2c9
e7e4ca
e7e5cc
eae5ce
ebe5cd
ebe5cd
ebe5cd
ebe5cd
ebe5cd
ebe5cd
ebe5cd
e9e3cb
e7e1c9
e9e3cb
e9e3cb
e8e2ca
e5dfc7
e3ddc5
e6e0c8
e6e0c8
e7e1c9
e8e2ca
e8e2ca
eae4cc
eae4cc
e9e5c8
ebe6c9
ede9cc
ede9cc
ece8cb
ebe7ca
ebe6c9
e9e7c9
e6e5c7
e7e4c7
e8e4c7
ebe6c9
eae5c8
eae3c7
e7dfc5
e7dbc7
eadfc8
ede3ca
f1e7cc
efe6c9
e9e0c3
e4dbbe
e3dab9
e9e0bf
ece3c3
eae1c2
e5dcbe
e1d8bb
e0d6bb
e4d8b8
f6e8c7
f8e9c7
e8dab6
dbcca5
ccbc90
c0af84
c3b287
e1cfa6
fae5bd
f1d9b4
e2caa7
d2c09c
d0c29e
d3c7a2
e5d7b4
ebddba
e6d8b5
deccaa
ddcaa9
e4d0af
e8d4b3
e6d3b2
e6d3b2
e2cfae
decbaa
d9c6a5
dbc8a7
dfccab
e1ceac
e3cfad
e6d2af
e4d0ac
dfcba5
dbc8a0
dac79e
dbcaa0
e3d3a8
edd7ac
ebd5ae
e5d1aa
e6cb98
ebbb6d
ecaa46
f0a938
f3a92f
f8a924
f9a71b
f9a51a
f9a51e
faa423
f5a52f
f9a72f
fca92c
fda926
fda724
fca726
fba82a
fcaa2b
fdab2b
feac2c
feac2d
feab2e
fdaa2e
fda82d
fca72d
fca42c
fba42d
faa12c
f8a02c
f69f2d
f69e2c
f49e2b
181713
181713
181713
181713
181713
181713
181713
181715
181715
181715
181715
181715
181715
181715
171614
161513
161513
161513
161513
161513
161513
161513
151412
151412
151412
161513
171614
171614
171614
161511
161511
161511
161511
161511
161511
161511
171612
161511
161511
161511
161511
171612
181713
1a1912
242015
757064
d8d2c3
dfd8c7
e0d8c5
ece4cf
e1d9c2
e5d8c5
e3d6c2
ddd1bb
dcd0b9
e4d8be
e9ddc3
e6dac0
ebe1c7
dfd5ba
d1c7ac
bbb295
e5dcbe
eae1c2
eae1c1
e9e2c1
e9e1c0
e7debd
e7dcbc
e7dcbc
e7daba
e3d6b5
e1d4b5
e4d6b9
e6d8bb
e9dbbe
e9dbbe
e9dbbe
eadcbf
ebddc0
e6ddbc
e7debd
e8dfbe
e7debd
e6ddbc
e6ddbc
e8dfbd
e7dfc1
e6dfc2
e6dfc2
e5dec2
e5dec2
e4ddc4
e4dcc5
e4dcc4
e4ddc3
e5dec3
e6dfc3
e8e1c4
e9e3c3
eae4c4
eae4c4
e7e2c5
e7e1c5
e5dfc6
e3ddc6
e2dcc8
e1dac8
e1daca
e4dcc7
e5ddc8
e6dec9
e6dec9
e7dfca
e7dfca
e6dec9
e6dec9
e5ddc8
e5ddc8
e4dcc7
e4dcc7
e5ddc8
e5ddc8
e6dec9
e5ddc8
e5ddc8
e5ddc8
e5ddc8
e5ddc8
e5ddc8
e5ddc8
e5decb
e5decb
e6e0cc
e6e1ce
e6e1cd
e4e0cd
e4e0cc
e7e0cc
ebe3cd
eae0c8
e6d9be
e4d5b6
ded0ae
d4c4a1
ceb792
caaf88
c3a77e
bca175
b89b6e
b59969
b49564
b39462
b69663
b79663
b79663
b89764
b89865
ba9966
ba9a67
bea271
bfa473
c2a777
c5aa7c
c6ae7f
c7b083
c7b084
ccb78b
d1bc8f
d9c194
dec69a
e2cda4
e5d4b1
e8dcbc
e7dfc1
e5dec1
e7e0c3
e7e2c4
e8e3c6
e8e3c7
e8e4c9
e8e4ca
e8e3cd
e8e3cd
e9e3cd
e9e3cd
ebe1cd
ece1cd
ece1cd
e9e1cc
e9e1cc
e8e2cc
e8e2cc
e8e4cd
e7e6ce
e8e7d0
ece7cf
ede7cf
ede7cf
ede7cf
ede7cf
ede7cf
ede7cf
ece6ce
e9e3cb
e7e1c9
e7e1c9
e9e3cb
e9e3cb
e8e2ca
e7e1c9
e6e0c8
e6e0c8
e7e1c9
e8e2ca
e8e2ca
eae4cc
eae4cc
eae8cb
ebeacc
eceacc
e9e7c9
e5e3c5
e4e2c4
e6e5c7
e8e7c9
e9e8ca
eae6c9
ebe7ca
ede8cb
ede8cb
ebe4c8
e8e0c5
e5dac4
e9dfc7
eee4cb
f2e8ce
efe6ca
e9e0c3
e2d9bc
e5dcbb
eae1c0
ece3c2
e8dfc0
e2d9bb
e0d7ba
e0d7bc
ecdfbe
f5e7c4
eedeba
ddcea7
cdbd92
bcab7e
bdab7d
d3c296
f6e4ba
f7e2b9
e5cda7
d9c39d
ccba94
d4c6a1
dbd0aa
ecddbb
ebddba
dfd1ae
dac8a6
e3d0af
ecd8b7
ead5b5
e1cead
e2cfae
e3d0af
decbaa
dac7a6
dccaa9
e3d0af
e4cfad
e5cfac
e6d1ac
e2cca7
dbc59e
d8c299
dac59b
decba2
e6d4ad
edd6af
e7d3b2
e4d3b3
e8d4a4
e9c378
e3ab4b
de9929
e69f24
eca116
eb9a07
e79301
e89205
ec960e
e7991d
ed9d1c
f5a21a
faa414
f9a310
f5a011
f09e14
f3a01c
f6a121
f7a223
f8a325
f8a327
f8a327
f7a227
f6a027
f39c26
f39c25
f39a25
f39927
f29826
f39728
f29627
181712
181712
181712
181712
181712
181712
181712
181714
181715
181715
181714
181714
181714
181714
171614
171515
171515
171515
171515
171515
171515
171514
151412
151412
151412
161513
171614
171614
171614
171612
161511
161511
161511
161511
171612
181713
171412
181512
191814
171712
161511
181611
181410
221d17
6d675e
d1cbbf
dbd4c5
e2dbca
e0d8c3
ddd4bc
e5ddc3
e7dac4
e3d6be
ddd1b8
ded1b8
e5d8bf
e7dac0
e2d5bb
e5dcc0
ded5b9
dfd7ba
b3ab8e
ddd5b7
e9e1c3
eae2c3
e9e1c1
e9e0bf
eae0c0
e9debe
e6dbbb
e4d8b8
e1d5b4
e0d4b4
e6d9bb
e8dbbd
e7dabc
e5d8ba
e8dbbd
eaddbf
e9ddbe
e6ddbc
e7debd
e8dfbe
e7debd
e7debd
e6ddbc
e7debd
e7dfc0
e6dfc2
e6dfc2
e5dec2
e5dec1
e4ddc2
e4ddc2
e3dcc1
e2dbc0
e2dbbf
e5dec1
e8e1c3
e8e2c1
e9e3c2
eae5c4
e7e2c5
e7e1c5
e6e0c7
e4dec7
e2dcc8
e1dac8
e0d9c9
e3dbc7
e4dcc8
e5ddc9
e6deca
e6deca
e6deca
e5deca
e6deca
e5ddc9
e5ddc8
e4dcc6
e4dcc7
e5ddc6
e5ddc6
e6dec7
e6ddc8
e6ddc8
e6ddc8
e6ddc8
e6ddc8
e6ddc8
e6ddc8
e3ddc4
e4ddc6
e6dfc9
e7e1cd
e7e1cf
e6e0d1
e6e0d1
e4dcce
e6decf
e6decd
e5dcc6
e5dbc2
e4dabe
dfd5b6
dacbab
d6c3a2
d1bc9a
ccb791
c7b089
c4ab83
c3a77d
c2a679
c2a877
c1a776
c0a676
c1a777
c2a878
c4aa7a
c6ac7b
c8b084
cab186
cbb48a
ceb88e
cfbc93
d0bf96
d1bf97
d5c89e
dbcda4
e3d3ab
e8d7b2
ebdcbb
ebdfc1
ece1c8
ebe3c9
e9e2c7
e7e1c6
e8e2c7
e9e3c8
eae4ca
e9e4c9
e8e2c9
e9e3cc
e9e3cc
e9e3cc
eae3cd
ece2cd
ece2cd
ece2cd
e9e2cd
e9e3cd
e9e4ce
e9e3ce
eae5cf
eae7d0
ebe8d1
ebe7d0
ebe7cf
ebe7cf
ebe7cf
ebe7cf
ebe7cf
eae6cf
eae5ce
e8e2cb
e8e2ca
e7e1ca
e8e2cb
eae4cd
eae4cd
eae4cd
e8e2cb
e7e1ca
e7e1c9
e7e1c9
e8e2c9
eae4ca
eae5cb
eae8ca
ebeacb
eae9ca
e4e3c5
dfdfc1
dfdec2
e4e2c7
eae9cc
ebeacd
e9e7cb
ebe7cb
ede9cc
ede8cc
ebe4c9
e8e0c5
e5dac5
eae0c7
efe5cc
f1e7cd
ece3c7
e5dcc0
e3dabd
e4dcbc
eae3c2
eee4c4
e8ddbe
e2d6b9
e2d6bb
e3d9bf
efe4c2
ede1bb
dfd3ab
cec095
bcaa7d
b6a375
d2bf8e
f2e0b2
f7e2b8
ebd6ac
e2cba4
d4be98
cfbc97
d9c9a5
e6d6b3
edddbc
eadbba
e3d3b2
e1cfae
e5d3b2
e6d4b3
dfcdab
decba9
e0cdab
e2cead
e2ceac
e1ccaa
e1ccaa
e3ceac
e5cbab
e3c9a7
e0c7a4
ddc5a1
d9c19d
d7c09a
dec7a1
e4cea9
e6d2b0
e7d3b2
dfceb0
decfb1
e9d5aa
eccb8d
e4b668
d69832
df9e28
e39e17
e39805
df8f00
de8c02
e3900b
e49419
ea9a1a
f4a31b
f9a616
f9a512
f6a10f
f29f10
f4a118
f4a11d
f5a21e
f6a222
f6a224
f6a224
f6a126
f5a025
f29c25
f39c26
f39d27
f49c27
f49c27
f29a27
f29927
181713
181713
181713
181713
181713
181713
181713
191814
191814
191814
181713
181713
171612
171612
171614
181617
181617
181617
181617
181617
181617
181616
161513
161513
161513
161513
161513
161513
161513
171612
161511
151410
14130f
151410
171612
191814
171311
201b19
181713
13150e
1e1d18
130f07
1f160f
5a504a
bcb5ad
e7e0d5
ddd6c7
e4dcca
d8d0ba
e3d9be
e6ddc1
eadcc2
e1d3b9
ded0b6
e3d5bb
e9dbc1
e8dac0
e1d2b8
e5dcbf
e1d9bb
e0d8bb
c0b89b
cfc7aa
e8e0c3
eae2c5
e8dec0
eadfbf
eee2c3
ebe0c0
e5daba
e0d5b5
dfd4b4
e1d6b6
e6dbbb
e8ddbd
e4d9b9
e0d5b5
e5dbba
eadfbf
e7ddbc
e6ddbc
e7debd
e7debd
e8dfbe
e8dfbe
e7debd
e6ddbc
e6dec1
e6dfc2
e6dfc2
e5dec1
e5dec1
e4ddc0
e4ddc0
e4ddc0
e1dabd
dfd8ba
e4ddbe
e8e2c2
e7e1bf
e7e1bf
eae4c3
e8e3c6
e8e2c6
e6e0c7
e4dfc8
e3dcc8
e0d9c7
e0d9c9
e2dbc8
e2dbc8
e4ddca
e5decb
e6dfcc
e6dfcc
e6dfcc
e6decb
e6decb
e6dec9
e5ddc7
e5ddc6
e4dcc4
e4ddc3
e5ddc4
e7dcc6
e7dcc6
e7dcc6
e7dcc6
e7dcc6
e7dcc6
e7dcc6
e6dfc3
e7e0c7
e8e0ca
e9e1cd
e9e0d0
e9dfd3
e9ded5
e6dcd2
e6dcd1
e7ded0
e7decd
e6dec9
e3dcc4
e1dabf
e1d7bc
e1d6ba
e0d2b6
deceb0
dcc8a7
dac3a1
d8c09c
d6bd96
d0bc90
cfba8e
cdb88d
cdb88c
ceb98e
d1bc91
d3bd92
dbc59e
dbc6a0
ddc9a3
decca7
dfd0ab
e1d3af
e1d4b1
e1dab5
e3ddb9
e7e0bf
eae2c5
ece4c9
ebe2cb
eae0cc
e9e0ca
e9e1ca
e9e1ca
eae2cb
eae2cb
ebe3cc
ebe3cc
ebe3cc
e9e1ca
e9e1ca
e9e1ca
eae2cb
eae3cb
ebe3cc
ebe3cc
e9e3cb
e9e3cb
eae4cc
ebe5cd
ece6ce
ece6cf
ede7cf
eae7d0
e9e7d0
e9e7d0
e8e6cf
e7e5ce
e7e5ce
e6e4cd
e6e3cc
e6e1cb
e7e1cb
e9e3cd
eae4ce
ebe5cf
ece6d0
ede7d1
ebe5cf
eae4cd
e9e3cb
e8e2c9
e8e2c8
eae4c8
ebe6c9
e8e7c8
e9e8c9
e7e6c7
e1e0c2
dcdcc0
dfddc2
e6e4cb
ebeacf
eae9cd
e7e6ca
e9e6cb
ede8cd
ede7cd
e9e3c9
e7dfc6
eadec6
ede2ca
f2e7cd
f0e5ca
e7dcc0
e0d5b8
e1d7b9
e4dfbf
ece6c6
efe4c6
e7dbbc
e4d6b9
e8dabe
ecdec4
f1e8c4
ded7ae
d5caa0
c6b88c
ae9d6f
c4b281
f3ddab
fde7b8
f6dfb4
e8d2a9
d4be96
ccb792
d8c4a1
e8d5b4
efdcbd
ebdabc
e6d5b8
e1d0b2
decead
ddceac
decead
dfcfab
e7d5b1
e5d3ae
e4d0ad
e3cfac
e6cfac
e7cfad
e5ceab
e3c8a7
dfc1a1
dbbe9f
dbc1a0
dbc1a0
d9c19f
e1c8a7
e7cfad
e5d0af
e3d3b4
daccb0
d9caaa
e8d0a9
efcd9f
eac18c
dea655
dc9f40
dc9b27
e09815
dd900b
dc8a0e
de8b17
e79323
f09b25
f7a327
faa622
f8a51b
f7a115
f7a113
f6a216
f6a318
f6a21a
f6a21e
f5a01f
f49f20
f39e21
f19c20
f09a20
f19b22
f29c23
f29c23
f19b21
ef991f
ef991f
181713
181713
181713
181713
181713
181713
181713
191814
191814
181713
181713
181713
181713
171612
171614
171515
171515
171515
171515
171515
171515
171515
151412
151412
151412
151412
151412
151412
151412
171612
171612
171612
171612
171612
181713
191915
15110e
1e1a16
14130f
14150e
22221a
131007
433b34
a9a098
dad2c9
e2d9cf
e7dfd1
e4dac9
ded3be
d9ceb6
e6dbc1
e8dac0
e1d3b9
ded0b6
e3d5bb
eadcc2
eadcc2
e6d7be
e8ddc1
e5dbbe
e2d8bb
cbc1a4
bfb598
e9dfc2
ebe2c5
e7dcbe
e9debe
ebe0c0
e9debe
e3d8b8
dfd4b4
dfd4b4
e2d7b7
e8ddbd
e7dcbc
e2d7b7
ded3b3
e1d6b6
e7dcbc
ece1c1
e6ddbc
e7debd
e7debd
e8dfbe
e8dfbe
e7debd
e6ddbc
e6dec1
e6dfc2
e6dfc2
e5dec1
e5dec1
e4ddc0
e4ddc0
e4ddc0
e1dabd
ded7ba
e3ddbe
e8e2c2
e7e1bf
e7e1bf
e9e3c2
e8e3c6
e7e2c6
e7e1c8
e5dfc8
e3dcc8
e1dac8
e0d9c9
e3dcc9
e3dcc9
e5decb
e6dfcc
e7e0cd
e7e0cd
e7e0cd
e6dfcc
e5decb
e5decb
e4dec9
e4dec8
e3ddc6
e3ddc4
e4ddc3
e6ddc3
e6ddc3
e6ddc3
e6ddc3
e6ddc3
e7dec3
e7dec3
e6dfc4
e7e0c7
e8e0ca
e9e1cd
e9e1ce
e8dfcf
e8ded0
e7ded0
e7dece
e7decc
e6deca
e6dec8
e6dec6
e6dfc5
e7e0c6
e6e1c8
e6dfc4
e4dbc1
e3d8bb
e3d6b8
e1d4b5
e2d3b3
e0d3b4
e0d2b3
ded0b1
ddcfb0
ddd0b1
ded1b2
dfd1b2
e6dbb7
e8ddbb
ebe0be
ece3c1
ece3c3
eae3c3
e8e1c2
e8e3c5
e9e4c7
e9e4c9
e9e4cb
e9e4cd
e8e2ce
e8e2d0
e9e2cd
eae2cb
eae2cb
eae2cb
ebe3cc
ebe3cc
ebe3cc
ebe3cc
e8e0c9
e8e0c9
e9e1ca
e9e1ca
eae2cb
eae2cb
eae2cb
e9e5c9
e9e5c9
e9e5c9
ebe6cb
ebe7cb
ebe7cb
ece8cc
ebe8d0
e9e7d0
e9e7d0
e8e6cf
e7e5ce
e6e4cd
e5e3cc
e6e3cc
e8e3cd
e8e3cd
eae5cf
ebe6d0
ede8d2
eee8d2
efe9d3
ece6d0
ece6cf
ebe5cd
eae4cb
e9e3c9
eae5c9
ebe6c9
e9e8c9
e8e7c8
e6e5c6
e0dfc2
deddc1
e2e0c5
e8e7cd
eae8cc
e9e7c9
ece8cb
eeeacd
f0eacd
efe8cc
ece4c8
ebe2c6
efe2c8
f1e5ca
f4e7cc
eee3c4
e2d6b7
dbcfaf
ddd1b0
eee5c5
efe7c7
e9e1c2
e2dabb
e4d9ba
eddfc1
f2e3c5
ede1bb
d3c89e
c1b389
b4a57a
b6a579
e2cfa0
fbe6b6
f1daab
e9d2a7
dbc49b
c4ae87
c4b08b
dfcba8
f0ddbc
efdcbd
efdec0
e9d8ba
e1d1b1
dbcbaa
dcccaa
e3d3b1
ebdbb7
ecdbb6
ead8b4
e7d4b1
e5d0ae
e5cdab
e1caa8
dcc5a3
dcc2a1
ddc1a1
dcc2a1
dec5a3
ddc5a3
dcc4a2
dfc8a6
e3cdaa
e7d2ae
e6d5b5
dfd0b0
dccbaa
e6cdaa
f1d1a7
f4cfa0
efbd7d
dea959
da9d3b
e19b2a
dd901b
d88718
de8b20
eb962f
f49d31
faa530
fea929
faa61e
f9a318
f9a316
f7a418
f6a319
f6a21a
f6a21e
f5a01f
f39e1f
f19c1f
f09b20
f19b22
f19b22
f19c22
f09b22
ef9a21
ee9920
ee991f
181713
181713
181713
181713
181713
181713
181713
181713
181713
181713
181713
181713
181713
181713
181713
171614
171614
171614
171614
171614
171614
171614
161513
161513
161513
161513
161513
161513
161513
181713
181713
181713
191814
191814
1a1915
1a1915
1a1712
1c1913
201f18
1b1d13
18180e
423f34
9a9288
d9cfc5
dbd1c6
e0d6ca
eae0d1
e3d8c6
eee2cf
e0d3c0
dfd1bb
e7d9be
e1d3b9
ded0b6
e2d4ba
e8dac0
eadcc2
e9dbc1
e6dabf
e5dabe
e0d5b9
d4c9ad
b9ae92
e1d5ba
eee3c7
e8ddbf
e9debd
e9debe
e6dbbb
e0d5b5
ddd2b2
dfd4b4
e4d9b9
eadfbf
e6dbbb
e1d6b6
dcd1b1
dcd1b1
e4d9b9
ece1c1
e6ddbc
e7debd
e7debd
e8dfbe
e8dfbe
e7debd
e6ddbc
e6dec1
e6dfc2
e6dfc2
e5dec1
e5dec1
e4ddc0
e4ddc0
e4ddc1
e2dbbe
dfd8bb
e3dcbd
e7e1c1
e5dfbd
e5dfbd
e7e1c0
e6e1c4
e7e2c6
e8e2c9
e8e2cb
e5deca
e2dbc9
e0d9c9
e3dcc9
e4ddca
e5decb
e7e0cd
e7e0cd
e8e1ce
e8e1cd
e5dfcd
e4dfcd
e4dfcc
e3deca
e3dec9
e2ddc7
e2ddc6
e2ddc5
e3dec1
e3dec1
e4dfc2
e4dfc2
e5dfc3
e5e0c3
e5e0c3
e7e0c6
e8e1c8
e9e1ca
e9e1cb
e9e1cc
e7dfcb
e7dfca
e7dfcb
e7dfcb
e7dfca
e6dec9
e7dfc8
e7e0c8
e9e1c7
e8e3cb
e6e4cd
e6e3cb
e7e3ca
e7e2c9
e6e1c6
e7e1c6
e7e0c7
eae3ca
e9e3ca
e7e1c8
e6e0c7
e6dfc7
e7e0c7
e6e0c7
e7e5c4
e6e5c3
e7e4c4
e6e3c4
e6e2c5
e7e4c7
e7e3c8
e8e3cb
e7e3cc
e7e2cc
e6e1cd
e7e2ce
e8e3d0
e9e5d3
ebe5d0
ece3cc
ebe3cc
ebe3cc
ebe3cc
ebe3cc
ebe3cc
ebe3cc
ebe3cc
ebe3cc
ebe3cc
ece4cd
ece4cd
ede5ce
ede5ce
e8e6c9
e9e7ca
e9e7ca
eae8ca
eae8ca
ebe9cb
ebe9cb
ebe9d0
eae8d2
eae8d1
e9e7d0
e8e6cf
e7e5ce
e6e4cd
e7e5ce
e9e6d0
e9e6d0
eae8d1
ebe9d2
edead3
edead3
eeebd4
ede7d1
ede7d1
ede7cf
ece6cd
eae4ca
e9e4c8
e8e3c6
e7e6c7
e7e6c7
e4e3c4
e2e1c3
e1e0c4
e4e3c8
e8e6ce
ebe9cc
eee9cb
f0ecce
f0eacd
ede6c9
ece4c7
ede3c7
eee4c7
f1e3c7
f2e4c7
f2e4c5
eaddbc
ddd0ad
d9cca9
ded1ae
f5e8c7
eee5c5
e3ddc0
dfd9bc
e6ddbe
efe3c0
f3e3bd
e7d6ac
d4c499
ac9b70
a6956a
d8c69a
f4e0b4
f1dcae
ecd7aa
dbc499
c3ac83
c3ad85
d8c39e
ebd7b4
f1debd
f1debe
e9d8ba
decdaf
d7c6a7
dacaa9
e3d3b1
e8d8b6
eadab6
e5d3af
e0ceaa
dbc7a4
d8c3a0
d9c2a0
d9c2a0
d8c09e
e0c6a5
e5ccab
e5cdab
e2cba8
e0c9a7
dec9a7
dfcba8
e2ceaa
e8d4b0
ebd7b5
e4d1b0
dec9a8
e2c9a8
eccfac
f4d2ad
f4cf8d
deb366
d5a041
d8992c
d68d1a
d48611
db8a17
e7922a
f09a2d
f8a32e
fda729
fba720
fba51c
fca61c
faa61b
f8a51b
f8a41c
f7a31f
f5a01f
f49f20
f29d20
f19c20
ef9c22
ef9b21
ed991f
ec991f
ec981e
eb971d
ea971d
181713
181713
181713
181713
181713
181713
181713
171612
171612
181713
181713
181713
181713
191814
191814
181713
181713
181713
181713
181713
181713
181713
181715
181715
181715
181715
181715
181715
181715
171612
171612
191814
1a1915
1a1915
1a1915
181713
201c17
1e1a14
1d1d15
17190d
2d2d21
8d8a7e
dad3c8
e5dbcf
e0d5c7
e3d8c9
e3d7c7
ded2c1
f0e0d0
e8d8c8
e2d3c0
e6d8bd
e1d3b9
ddcfb5
e0d2b8
e4d6bc
e8dac0
e8dac0
e7d9be
eadcc1
e3d5ba
dcceb3
c2b499
cdbfa4
ebddc3
ebdec1
e7dcbc
e7dcbc
e3d8b8
ddd2b2
dcd1b1
e0d5b5
e5daba
ebe0c0
e7dcbc
e4d9b9
ddd2b2
d8cdad
ded3b3
e8ddbd
e6ddbc
e7debd
e7debd
e8dfbe
e8dfbe
e7debd
e6ddbc
e6dec1
e6dfc2
e6dfc2
e5dec1
e5dec1
e4ddc0
e4ddc0
e4ddc1
e2dbbe
dfd8bb
e3dcbd
e6e0c0
e5dfbd
e4debc
e6e0bf
e5e0c3
e7e1c5
e9e3ca
e9e3cc
e6dfcb
e3dcca
e1daca
e3dcc9
e3dcc9
e5decb
e6dfcc
e7e0cd
e7e0cd
e7e0cd
e4dfce
e3dece
e3dece
e2decb
e2deca
e1ddc9
e1ddc8
e1ddc6
e2dcc3
e2dcc3
e4dec5
e4dec5
e5dfc6
e6e0c7
e6e0c7
e8e0c9
e8e0c9
e9e1ca
e9e1c9
e9e1c9
e7dfc7
e6dec6
e6dfc7
e7dfc7
e7dfc7
e7e0c8
e7e0c8
e7dfc8
e6dec7
e5e0c7
e4e2c8
e4e2c8
e5e2c9
e5e3c9
e5e4ca
e5e3ca
e6e3ca
e7e5cb
e7e5cb
e8e5cb
e7e5cb
e7e5cb
e7e4ca
e7e4ca
e6e8c5
e5e6c4
e3e3c4
e3e1c3
e4e0c3
e7e0c5
e9e2c7
e7e1ca
e6e0cb
e7e1cb
e8e1cb
e9e2cc
eae4cd
ebe6ce
ece5ce
ece4cd
ece4cd
ece4cd
ebe3cc
ebe3cc
ebe3cc
ebe3cc
ece4cd
ece4cd
ece4cd
ede5ce
ede5ce
eee6cf
eee6cf
e9e8cd
e9e8cd
e9e8cd
eae9ce
eae9ce
eae9ce
eae9ce
ebe9d0
eae8d1
eae8d1
eae8d1
eae8d1
eae8d1
eae8d1
ebe9d2
ebead2
ebe9d2
ebe9d2
eae9d2
eae9d1
eae9d1
eae8d1
ede7d1
ede7d1
ede7cf
ece6cd
eae4ca
e7e2c6
e5e0c3
e4e3c4
e4e3c4
e4e3c4
e5e4c6
e6e5c9
e7e6cb
e8e6ce
ebe7ca
eee9c8
eee8c8
e7e0c1
ded6b7
ddd3b4
e2d8ba
eadebf
efe0c0
efe0bf
ecdebc
e3d5b2
d9cba6
dccea8
e7d9b3
f6e8c6
ebe1c1
dedabd
dddabd
e6e1c0
ede2ba
eddbad
d9c598
c0ac81
ab986d
c9b58a
f7e4b9
f4e1b7
e4d1a6
d9c499
c1aa7f
b8a278
cfb991
ecd8b2
f2debb
eddab9
ebd8b9
decdaf
d8c7aa
d9c8a9
e4d4b3
ecdcba
e9d9b7
e0d0ad
d9c7a3
d4c19e
ceba97
cfba97
d7bf9d
e1c9a7
e9d1af
ead2b0
ebd3b1
e8d0ae
dfc8a6
dac6a3
ddcba7
e0cfab
e1cfaa
e5d0ab
e6d0ac
e4cdab
dfc6a7
dec5a6
e4c9ae
eccfb2
efd69b
e3c17d
d5a854
d09533
d18c1f
d68a18
db8b19
e4911e
ee9922
f6a326
fba623
fba720
fba51e
fca420
faa61d
f9a61c
f9a51d
f8a420
f8a322
f7a223
f5a023
f39f22
f09e24
ef9d23
ed9b21
eb991f
ea981e
ea981e
ea981e
181713
181713
181713
181713
181713
181713
181713
171612
171612
171612
181713
181713
191814
191814
191814
1a1914
1a1914
1a1914
1a1914
1a1914
1a1914
1a1914
1a1917
1a1917
1a1917
1a1917
1a1917
1a1917
1a1917
1c1a16
1d1c18
1e1d19
1f1e1a
1f1e1a
201e1a
1e1d19
1d1a13
232017
1b1a10
25261a
77776b
ccc9bd
e1dace
d7cdbf
ddd0c1
ded2c3
e3d7c6
ecdecf
ecddcd
e5d5c5
e7d6c6
e5d7bc
e0d2b9
dcceb4
ddcfb6
e2d4ba
e5d7bd
e6d8be
e9dbc0
eee0c5
e6d8bd
ded0b5
cbbda2
b9ab90
e4d5bb
ecdfc2
e7dcbc
e7dbbb
e2d6b6
dcd1b1
dbd0b0
e0d5b5
e7dcbc
ece1c1
e8ddbd
e6dbbb
ded3b3
d5caaa
d9ceae
e5daba
e6ddbc
e7debd
e7debd
e8dfbe
e8dfbe
e7debd
e6ddbc
e6dec1
e6dfc2
e6dfc2
e5dec1
e5dec1
e4ddc0
e4ddc0
e4ddc1
e2dbbe
dfd8bb
e2dcbc
e6e0c0
e4debc
e3ddbc
e5dfbf
e4dfc3
e7e1c5
e9e3ca
eae4cd
e7e0cd
e4ddca
e1daca
e1dac8
e2dbc8
e3dcc9
e4ddca
e5decb
e5decb
e5decb
e3dfce
e2dfd0
e2dfce
e1decd
e1decb
e0dec9
e0dec9
e0ddc8
e1dcc5
e1dcc5
e3dec7
e3dec7
e4dfc8
e5e0c9
e5e0c9
e9e1c9
e9e1ca
eae1c9
e9e2c8
e9e2c6
e7e0c4
e6dfc3
e5dec3
e6dfc4
e8e0c5
e9e1c7
e8e0c7
e6ddc6
e3dbc4
e3ddc2
e4dfc1
e5dfc3
e4e0c4
e4e1c5
e3e2c6
e4e2c7
e4e1c6
e3e1c3
e4e1c3
e6e3c5
e7e4c6
e7e4c6
e6e4c6
e6e3c5
e1e4c0
e4e5c1
e6e5c3
e8e5c5
e9e3c5
e8e1c4
e7dfc3
ebe0c9
ebe0cb
ece1cb
ede3cb
eee3cb
eee3ca
ede2c8
ede4cb
ede5ce
ede5ce
ece4cd
ece4cd
ebe3cc
ebe3cc
ebe3cc
eae2cb
eae2cb
ebe3cc
ebe3cc
ece4cd
ece4cd
ece4cd
e9e9d0
e9e9d0
e9e9d1
e9e9d1
e9e9d1
e9e9d1
e9e9d1
eae8d1
ebe9d2
ebe9d2
ecead3
edebd4
edebd4
eeecd5
edebd5
ececd4
ebebd3
eaead2
e8e8d0
e7e7cf
e7e7cf
e6e6ce
ece6d0
ece6d0
ece6ce
eae4cb
e8e2c8
e5e0c5
e3dec1
e2e0c2
e2e1c2
e4e3c4
e8e6c9
eae8cc
e9e8cd
e8e5cd
eae5c8
ece5c5
e6e0c0
dad1b2
cdc4a5
ccc0a2
d6c9ac
e2d5b6
eedebb
ecdcba
e8d9b6
dfd0ac
d9caa4
e0d2ab
efe0b8
f5e6c4
eadfbf
dcd8bc
dcdbbf
e7e2c2
ebdfb6
e6d4a2
d0b98b
a0895d
bba47a
f7e5ba
f8e3b8
e3d0a6
d3c097
beaa7f
c2ab80
d3bd94
e9d3ab
f6e2bd
f8e4c1
edd9b9
dfcdad
d2c1a3
d8c7a9
e2d1b2
ebdab9
ecdbb9
e1d1af
d6c6a3
cfbd99
d3c19d
dcc8a5
e5d0ad
ebd4b2
ebd4b2
e8d0ae
e7cfad
e8d0ae
e1caa8
d6c09e
d3be9b
dac8a4
e2d0ac
e3d1ac
e4cfa9
e5cea8
e5cdaa
e5cbab
e4caae
e8ceb6
ebd3ba
ebd6ae
eacc9b
dcb171
cf9547
d48e34
de922e
e08f2a
e8961a
f09d1b
f8a620
fca920
fba71e
fba41e
fba421
faa51f
f9a61c
faa61e
faa622
faa524
f9a425
f8a326
f6a226
f1a227
f0a125
ee9e23
ec9c21
ec9c20
ec9c20
ec9c21
151711
161812
181a13
181b14
1a1c16
1a1c16
191c15
181b15
181b14
191a14
191a14
1a1914
1d1a15
1e1c17
1f1b16
1e1915
1e1a16
1e1a16
1f1a16
1f1a16
1f1a16
201b17
211c18
211c18
211c18
221d19
221d19
231e1a
231e1a
201c18
26211d
26211d
211d16
211d15
252118
242016
1f1c11
252418
27241a
6d6960
c8c4b9
ddd7c9
e1dcc7
dfd9c3
dad1bf
d6cdba
dacfbb
e4d7c4
eaddc8
eadbc5
e7d7c2
e5d6c1
e2d3be
ddceb7
dccdb5
e2d4b9
e4d6bb
e0d2b7
e4d6bc
eddfc5
eadcc1
ebddc2
d8caad
b7aa8c
d7caab
ecdbbb
ecdbba
e9d9b8
e8d9b8
e4d5b4
ded1af
e2d5b3
ebdebd
eee3c3
eadfbf
e8ddbd
e7dcbc
d6cbab
d1c6a6
e4d9b9
e6dbbb
e8ddbd
e6dbbc
e4d9bb
e6dbbe
eadfc2
e9ddc1
e6ddc1
e6dfc2
e7e0c3
e6dfc2
e4ddc0
e3dcbf
e5dec0
e4ddc1
e2dbc1
e3dcbf
e4debe
e4ddc0
e5dec2
e5ddc8
e6deca
e7e1cb
e8e2cc
e9e3cd
e9e3cd
e7e1cb
e5dfc9
e3ddc7
e2dbca
e2dbc7
e2dcc3
e2ddc0
e3ddc2
e4dec7
e5decd
e6decd
e7decc
e7decc
e7decc
e6decb
e6decb
e6decb
e5ddc9
e4ddc3
e6dfc5
e7e0c6
e7e0c6
e7e0c7
e7e0c6
e6dfc6
ebe1c3
eee4c6
eee4c7
ebe1c3
e7ddbf
e8ddc0
eae0c2
eae1c5
e9e0c4
e7dec2
e7dec2
e8dfc4
e9e0c5
e8dfc3
e8dfc5
e9e0c7
e8dfc6
e8dfc6
e8dfc6
e8e0c6
e9e0c7
e9e0c7
e7e1c6
e8e2c7
eae4c9
eae4c9
eae4c9
eae4ca
e9e3c8
e2dec1
e4e0c2
e8e2c5
e9e2c6
eae2c6
eae0c5
e8dec3
e9dec5
e9dfc6
eae0c7
ebe1c8
ece2c9
eee3ca
eee3ca
eee5cc
ede7cd
ede7cd
ede7cd
ece6cc
ebe5cb
eae4ca
e9e3c9
eae4cc
eae4cc
eae4cc
ebe5cd
ebe5cd
ece6ce
ece6ce
e8e6d1
e8e6d1
e9e7d2
eae8d3
ebe9d4
ebe9d4
eae8d3
ebe9d5
edead7
eeebd7
efecd9
efecd9
efecd9
efecd9
eeebd7
edebd4
edebd4
ebe9d2
eae8d1
eae8d1
e9e7d0
e8e6cf
e9e9d1
e9e9d1
e8e7d0
e9e5cf
e8e3cd
e7e1cb
e6e0ca
e5dec3
e6dfc3
e8e1c5
eae3c7
ebe4c8
ece5c9
ece6ca
ece2c4
efe2c1
ebdfbe
d7caa9
c4b795
c3b694
cfc2a0
dbcca9
e8d7b0
e9dab5
e8d9b4
dfd1ad
dcceab
e3d6b4
eee1bf
ebe1c0
dfd6b7
d7d1b4
e1dabd
f0e6c4
e6d7b1
d9c59c
a89065
a68e62
e8d0a4
f6dfb5
f0dab1
d1bc93
baa880
c3af87
dfc89f
f6e0b9
f7e1ba
ecd6b1
e6d0ab
dfc8a6
d4be9c
cebb9a
dac7a6
e9d6b5
f2dfbe
ecd9b8
ddcaa9
d0bc9c
cbbb97
dacaa6
e5d5b1
e7d4b0
e7d3b0
e9d3b1
e8d1af
e2cba9
dfc8a6
d9c2a1
d4bd9b
d7c09e
e1caa8
e6cead
e5d0ac
e2cfa9
e1cca7
e2caa7
e1caa8
e1cdac
e2d3b1
e3d5b3
e2d1ae
e4cba9
e1bc97
daa975
db9d50
e19c34
e69e23
eaa20d
efa20e
f4a217
faa21f
fda324
fda423
fca520
f9a422
f8a525
f9a627
f9a627
f9a627
f7a525
f6a324
f4a123
f2a023
f3a124
f3a024
f29f23
f19e23
f19d24
f29e27
191a13
191a13
1b1c15
1c1d16
1d1e16
1d1e17
1c1d16
1c1e16
1b1c15
1b1c15
1c1c15
1e1b15
1f1c16
211d17
231d18
221c17
231d18
231d18
241e19
241e19
241e19
241e19
241e18
251e19
251e19
261f1a
261f1a
26201a
27201b
27201c
2a231f
29231d
27211b
29231a
2b251b
282117
272317
1e1d10
59564c
b8b4aa
dbd6ca
e2dccb
e0dac4
dbd4bd
dfd6c4
d9cfbc
d7cbb8
dbcfbb
e4d5bf
e9dac3
ebdcc4
e7d8c3
e4d5c0
dfd0b9
decfb7
e3d5ba
e6d8bd
e1d3b8
dcceb4
e8dac0
e9dbc0
ecdec2
e4d6b9
c4b796
c5b898
e5d5b4
ead8b8
e7d7b6
e6d7b6
e2d3b2
dfd2b0
e5d8b6
ecdfbe
ebe0c1
eadfbf
eadfbf
ebe0c0
dacfaf
d1c6a6
e0d5b5
e6dbbb
e9debe
e7dcbc
e4d9bb
e5dabd
e8ddc1
e7dbc0
e4dcc0
e5dec1
e5dec1
e4ddc0
e2dbbe
e1dabd
e3dcbf
e3dcc1
e2dbc0
e3dcbf
e4debe
e5dec0
e6dfc3
e6dec9
e7dfcc
e7e1cb
e8e2cc
e9e3cd
e9e3cd
e7e1cb
e4dec8
e3ddc7
e0dac5
e0dac3
e1dcc0
e3dec0
e4dfc2
e6e0c6
e7e0cb
e6dfc9
e5dec7
e5dec7
e5dec7
e4dec6
e4dec7
e4dec7
e4ddc5
e3dec2
e5e0c4
e6e1c5
e7e1c5
e8e2c6
e8e2c6
e8e2c6
ece4c8
eae2c5
e8e0c4
e6dfc2
e7dfc3
e7dfc3
e7dfc3
e6e0c2
e7e1c4
e7e2c4
e7e2c4
e8e2c4
e8e2c5
eae4c6
e9e4c7
e8e2c6
e4dfc3
e3ddc1
e3ddc1
e4dfc3
e6e1c5
e8e2c6
e6e1c5
e7e2c6
e9e4c8
e9e4c8
e9e4c8
e9e4c8
e8e3c7
e6e2c6
e6e2c6
e5e0c5
e6dfc4
e8e0c5
eae1c7
ede3c8
ece1ca
ebe1ca
ece2cb
ede3cc
eee3cc
efe4cd
f0e5ce
ede5cd
ebe5cc
ece6cd
ece6ce
ede7ce
ece6cd
ece6cd
ebe5cd
ebe5ce
ebe5ce
ebe5ce
ece6cf
ece6cf
ede7d0
ede7d0
eae8d3
eae8d3
ebe9d4
ecead5
edebd6
edebd6
ecead5
ebe9d5
ebe8d5
ece9d6
edead7
edead7
edead7
edead7
edead6
edebd4
ecead3
ecead3
ebe9d2
eae8d1
eae8d1
eae8d1
e8e8d0
e8e8d0
e8e8d0
e9e6cf
e9e3cd
e7e2cc
e7e0cb
e1dbc1
e3ddc2
e7e0c6
eae4c9
ebe5ca
eae4c9
e8e2c8
e8e0c1
e7deb9
e4d8b5
dbceab
cabe99
c1b38e
ccbe98
dacba6
e2d1aa
e6d6b1
e6d7b3
e0d2ae
ddcfad
e2d5b3
ebdebc
e3d8b8
d6ceae
d7d0b1
e8dfc0
ede1c0
e9d8b3
ae9970
9a8257
d7bf93
ffeabe
efd8ae
c6b087
c1ac83
cfbc94
e2cea5
eedab0
e5d1a9
dac69e
d3be99
d3bf9a
d4bf9c
d6c19f
e7d4b3
f5e2c1
f9e6c5
ead7b6
d6c3a2
cfbc9b
d1be9d
decdaa
e2d2ae
e3d3af
e4d1ad
e6d2af
e8d3b0
e6cfad
dcc5a2
d8c29e
d8c19e
d7c09c
dbc5a1
e5ceaa
e7d1ad
e5d0aa
e1cfa7
dfcba3
dcc4a0
d9c2a0
d8c5a2
d8caa7
dbcdaa
e8d2b3
e9cdad
ecc7a2
eab984
e1a559
e19f37
eca62c
f2a618
f5a317
f7a01f
f89c26
f89a29
f69929
f29828
f29c26
f29e26
f39f27
f4a027
f4a027
f4a027
f39f26
f39e26
f49e2a
f39d29
f29c29
f19b2a
f19a2c
f29b2d
f29b2d
211e16
221f17
232018
242119
242119
242119
232119
212118
202118
212018
221f18
232018
252019
26201a
27211a
29211b
29211b
29211b
2a221c
2a221c
2b231d
2b231d
29211b
29211b
29211b
2a221c
2a221c
2b231d
2b231d
2f2722
2e2620
2d251f
2d251d
2e261c
2d261b
2a2318
262214
3c382b
9e9a8e
dcd5cb
dad3c6
dbd3c1
d7d0b9
e2dac2
e5d9c6
e0d4c0
dbcfb9
dbcdb7
dfcfb8
e4d4bb
e8d7bf
e8d8c4
e6d5c1
e1d1ba
e0d0b8
e6d6bc
e9d9bf
e5d5bb
dccdb2
e5d5ba
e4d6b9
e8d9bb
eddebe
d5c7a5
b7a987
decdac
ebdab9
e9d9b8
e6d7b6
e2d3b2
e2d5b3
e8dbb9
ebdfbd
e9debe
ebe0c0
ede2c2
ede2c2
ded3b3
d1c6a6
d9ceae
e6dbbb
e9debe
e7dcbd
e4d9bb
e5dabd
e7dcc0
e5d9bf
e3dbbf
e4ddc0
e3dcbf
e2dbbe
e0d9bc
e0d9bc
e2dbbe
e3dcc1
e2dbc0
e3dcbf
e4debe
e5dec1
e6dfc3
e7dfca
e8e0cd
e7e1cb
e7e1cb
e8e2cc
e8e2cc
e6e0ca
e4dec8
e3ddc7
dfd9bf
e0dac0
e1dcc0
e4dec2
e6e1c5
e8e2c6
e9e2c9
e3dec4
e2dcc2
e3dec3
e4dfc4
e5e0c5
e6e0c6
e6e1c7
e6e0c5
e4dfc2
e4dfc2
e5e0c3
e6e1c4
e8e3c6
e8e4c7
eae5c9
ebe5ce
e6e0c9
e2dcc5
e3ddc6
e5e0c8
e6e1c9
e4dec7
e4e0c5
e7e3c7
e9e6c9
e8e4c8
e6e2c6
e5e1c5
e7e3c7
e5e2c7
e4e0c6
e4e0c6
e4e0c6
e4e0c6
e4e0c6
e4e1c6
e4e1c6
e5e2c7
e6e3c8
e8e5ca
e8e5ca
e8e5ca
e8e5ca
e7e4c9
e5e3ca
e4e2c9
e5e0c8
e5dfc8
e7e1c9
e9e2cb
ebe3cc
ebe3cc
ebe3cc
eae3cc
ebe3cc
ebe3cc
ebe4cd
ebe4cd
e9e3cc
e8e2ca
eae4cc
ece6ce
ede7cf
ede7d0
ede7d0
ede7d0
ece6d0
ece6d1
ece6d1
ede7d2
ede7d2
ede7d2
eee8d2
ecead5
ecead5
edebd6
eeecd7
eeecd7
edebd6
edebd6
ebe9d4
ecead4
edebd5
edebd6
eeecd6
eeecd6
edebd6
edebd5
edebd4
edebd4
ecead3
ecead3
ebe9d2
ebe9d2
eae8d1
e9e9d1
e9e9d1
e9e8d1
eae6d0
eae4ce
e9e3cd
e9e3cd
e0dac1
e0dbc1
e3dec4
e7e1c8
ebe5cb
ede8ce
f0ead2
ede7c9
e5ddba
e3dab5
e7deb7
ddcfa8
c6b88e
c6b68b
d5c49a
dccba5
e2d3ad
e6d7b2
e3d6b2
e2d5b2
e4d8b6
eaddbb
e7dab9
ddd1b1
ded5b6
eee4c5
ede0bd
c9b791
8d774d
c6ae83
fce4b8
e4cca1
dbc59b
c6b087
dcc69e
ecd9b1
e3d1a8
d7c59a
cbb88f
c8b58d
cebb95
d6c39d
e1ceaa
ebd8b4
f2dfbb
f5e3bf
eddbb6
d4c29d
c3b18d
cbb995
dccaa6
e3d3af
dfcfab
ddcda9
e3d1ad
e9d5b2
e8d2b0
e1c9a8
d9c29e
dac49e
ddc7a2
dfc9a3
e4cea8
e9d3ad
e8d1ac
e1cda6
dbcaa0
dbc69d
d9c29c
dac39e
dbc8a4
ded0ab
e1d4af
e8cfb1
eacdae
f3cea8
f3c692
e4ae65
d99f3d
e0a333
e19a17
e39613
e49318
e38e1d
e38e25
e28d2b
e18f30
de912e
de922c
e0932d
e0932e
e0932e
df932d
de922c
de912c
e19131
de8e30
de8d30
e08e33
e29137
e29138
e29138
29231a
29231b
2a241c
2a241c
2b251d
2a241c
2a241b
27241b
26241b
26231a
26231a
28241b
2a241b
2c241c
2d241d
2d241d
2d241d
2d241d
2e251e
2e251e
2e251e
2f261f
2c231c
2d241d
2d241d
2e251e
2e251e
2e251e
2f261f
342b24
322922
30271f
30271e
2d251b
2c2419
2f261b
353021
817c6e
d6d0c4
ded6cb
e4dacc
ded5c2
d4cbb2
eae0c8
e8dac7
e5d7c2
e2d3bc
e2d1b9
e1d0b7
e2d0b7
e1cfb7
e6d5c1
e4d3bf
e1d0b9
e1d0b8
e8d7be
ecdbc1
e9d8be
e4d3b8
e5d4b7
e1d0b3
e2d2b2
eadbba
e1d1af
bdae8b
d5c4a2
ebd8b9
ebdbba
e8d9b8
e5d6b5
e5d8b6
e9dcba
e9dcbb
e9debe
ebe0c0
eadfbf
eadfbf
ded3b3
d0c5a5
d5caaa
e3d8b8
e6dbbb
e7dcbc
e5dabc
e6dbbe
e8ddc1
e5d9bf
e4dcbf
e4ddc0
e3dcbf
e0d9bc
ded7ba
e0d9bc
e3dcbf
e4ddc1
e2dbc0
e3dbbf
e5debf
e6dfc1
e8e1c5
e9e1cc
e9e2ce
e6e0ca
e6e0ca
e7e1cb
e7e1cb
e6e0ca
e3ddc7
e2dcc6
dfd9bf
e1dbc2
e3ddc6
e6dfcb
e7e0ca
e7e1c9
e7e2c7
e7e3c8
e7e3c9
e7e3c9
e6e2c8
e4e1c7
e4e0c6
e3dfc5
e3dfc6
e4e0c9
e3dec7
e2dec7
e3dec7
e5e0c9
e6e1ca
e6e2cb
e2decb
dfdbc8
dedbc7
dfdbc8
e1ddca
e1ddca
dedac7
dfdec8
e0dec8
e0dfc8
e1dfc9
e0dfc8
dfdec7
dddcc5
dddcc7
e0decb
e3e2ce
e4e3cf
e4e3cf
e3e2ce
e1dfcc
e0deca
e2e0cd
e3e0cd
e5e2cf
e5e3d0
e5e2cf
e5e2cf
e4e2cf
e1e0ca
e2e0cb
e3e1cb
e5e1cc
e7e2cc
e8e0cc
e7e0cc
e8e2ce
e8e1cd
e7e1cd
e7e0cc
e7e0cc
e6e0cb
e5dfcb
e6dfcb
e7e1cd
e9e2ce
ebe4d0
ece5d1
ece6d2
ece6d2
ece6d2
ede6d3
ede6d4
eee7d4
eee7d5
efe8d5
efe8d5
efe8d5
edebd6
edebd6
eeecd7
eeecd7
eeecd7
eeecd7
ebe9d5
ecead3
ebe9d2
edebd3
eeecd4
eeecd5
edebd4
eeecd4
edebd4
edebd4
edebd4
edebd4
edebd4
ecead3
ecead3
ecead3
ebebd3
ebebd3
ebebd3
ede9d3
ede8d2
ece7d1
ece6d0
e8e3cb
e4e1c8
e2dec5
e1ddc4
e3dfc6
e8e4cb
ede9d1
e9e5ca
dcd7b9
dbd5b5
eadfbe
e9dcb7
d4c29b
c9b78d
d1bc93
d9c8a2
dfd0aa
e5d6b1
e6d9b5
e6d9b7
e9dcba
ede0be
eee0bd
e5d8b6
e3d8b7
ede2c0
e2d4b0
9e8a61
9a8357
f1d9ad
f7dfb3
d3bb8e
dcc59b
dcc69c
ddc89f
d6c39b
cab88f
c7b68b
cdbb92
d4c29a
dbc9a3
e2d0aa
ead8b4
f2e0bb
f0deb8
e4d2ac
d5c39c
c8b690
c8b690
d5c39d
e3d1ab
ddcda9
dacaa6
ddcda9
e7d5b1
e9d6b3
e3ceab
dcc5a3
d7c19c
dbc59d
e0caa3
e2cca5
e5cfa8
e7d1aa
e1cba4
dbc69e
d9c89d
d9c59b
dbc39b
dcc69e
ddcaa4
dfd1ab
e2d5af
e2ccae
e7ccad
f0d0a9
f2cc9c
e6b879
ce9d4e
be8a31
bf851c
bf8318
be8019
bf7e1e
bf7f26
bf812f
bf8438
c0873e
c18941
c38a43
c38b43
c18941
be853e
b98139
b77e37
b67936
b37734
b57736
ba7c3c
c08244
c48648
c48649
2e251d
2f261e
2f271e
30271e
30271e
2f261e
2f251d
2b271d
2a281d
2a261b
2b261b
2d261d
2e261d
2f261e
30271f
30261d
30261d
30261d
31271e
31271e
32281f
32281f
30261e
30261e
31271f
31271f
32281f
32281f
32281f
342922
32281f
342a21
33291f
2f251a
32291c
3a3124
6c6556
c5bfb0
e2dbce
ddd3c7
e9e0d1
e1d7c3
ddd3b9
e7dbc1
eadac5
e3d4bd
e0d1b8
e5d3bb
e8d7be
e9d6bc
e5d1b8
e2d0bc
e2cfbb
e0cdb7
e2cfb8
ead7be
efddc3
ecdac0
ebd9bc
e3d2b3
e0cfb0
e2d1b0
e6d5b4
e6d5b2
ccbb97
c6b492
dfceae
e6d6b5
e6d7b6
e5d6b5
e8dbb9
eaddbb
e9dcbb
eadfc0
eadfbf
e4d9b9
e3d8b8
dbd0b0
d0c5a5
d4c9a9
dfd4b4
e4d9b9
e6dbbb
e4d9bb
e7dcbf
e9dfc3
e6dac1
e5ddc0
e5dec1
e3dcbf
e1dabd
dfd8bb
e0d9bc
e4ddc0
e4ddc2
e2dbc0
e3dbbf
e4debf
e7e0c2
e8e1c5
eae2cd
e9e2cf
e6e0ca
e6e0ca
e7e1cb
e7e1cb
e5dfc9
e4dec8
e1dbc5
e0dac3
e2dbc8
e4ddce
e7dfd3
e8e0d2
e7e0ce
e5dfc8
e4e0c9
e3e1ca
e4e1ca
e3e0c9
e2e0c9
e2dfc8
e1dec7
e2dfcb
e4e0d1
e1ddcd
dfdbcb
dedaca
dfdbcb
e1ddcd
e2dece
dedccc
e2e1d1
e5e4d4
e5e3d4
e3e1d1
e1e0d0
e1e0d0
dedfcf
dadbcb
d8d9c9
dedfd0
e5e6d7
e5e6d6
dedfcf
ddddcf
deddd2
dbdccf
dbdbcf
dbdbcf
dbdbcf
ddddd1
dfded2
e0ddd1
e0ddd1
e2dfd3
e3e0d4
e3e0d4
e2dfd4
e2dfd4
e1e0cc
e0dfcb
dfddc9
dfdcc9
e2ddcb
e5dfcd
e7e0ce
e7e2ce
e7e2ce
e6e1cd
e5e0cc
e5e0cc
e4decb
e2ddc9
e5dfcb
e9e1cf
e9e2d0
ebe4d1
ebe4d1
ebe4d1
ebe3d1
ebe4d2
eee7d5
eee7d5
eee7d5
efe8d6
efe8d7
f0e9d7
f0e9d7
edebd6
edebd6
edebd6
edebd6
edebd6
ecead5
ebe9d4
e9e7d0
e9e7cd
eae7cf
ebe8d0
ebe9d0
ebe9d0
ebe8d0
ebe9d1
edebd4
edebd4
edebd4
edebd4
edebd4
edebd4
edebd4
ededd5
edeed6
eeeed6
f0edd6
f1ebd6
f0ead4
efe9d3
eeecd5
ece9d2
e8e5ce
e5e3cc
e4e2cb
e6e4cd
e9e7cf
e9e6cf
ded9c4
d6d0b7
e2d6bc
ecddbe
e3cfae
d5be9a
d0bb95
d5c59e
dbcca6
e1d3ae
e5d7b3
e8dab8
ebdebc
efe2c0
f1e2bf
e6d8b5
ebdfbd
f0e3c1
cbbc97
9c875e
c7ad81
f2d9ad
dec69a
dfc79b
d4bd93
d6c097
cbb58c
c2af87
c5b48a
cdbe92
d8c89f
dacba2
dfd0a8
ecdcb5
f2e2be
edddb9
dfcda6
d2c098
c7b58d
cab890
d6c49c
decca4
dfcda6
e4d3af
e6d6b2
edddb9
f1deba
e7d3b0
dbc6a3
d9c2a0
d7c19a
d9c49b
dfc9a0
e1cba2
e4cea5
e5cfa6
dfc9a0
d9c59b
d9c89c
dbc79c
dec79e
e0c9a0
dfcda4
ded0a7
ded2a8
dfcfac
e5d2af
e9d1ac
efd1a6
eac694
c79f63
996d2c
8b6228
8a6128
8d6027
8e6129
916733
956f41
99754d
9a7851
9c7b52
9f7e56
9f7e56
9b7a51
937249
896840
846138
7d572c
7a562b
7d592f
87623a
926d47
98734e
99734e
32281b
32271b
32261d
32271e
31271e
2f261c
2e2419
2d2618
2d271a
2d261a
2e251b
2f261b
30271a
302819
32271a
33261c
34281e
34291f
33291f
33291f
31291d
31281d
33261b
33261b
34281d
34271d
34281e
35281f
352820
30261d
33291f
30261c
32281d
33291d
362d1e
4b4333
aca393
e6dccd
dfd4c8
e0d4c8
e7dbcd
e6dac6
e8dec4
e8dcc1
e9dac3
e0d1ba
deceb7
e3d3bb
ead8c1
ecd9c2
ebd7c0
e2ceba
dfccb7
dcc8b3
decbb4
e8d5be
efdcc5
ecd9c2
eedcbf
e7d5b7
e2d0b1
e2d1b0
e7d5b4
e7d6b4
d5c4a1
bead89
dccba7
e8d6b3
e4d1af
ebd9b8
e9dbb9
eadebc
e7dcba
e8e0bf
e9dfbe
e0d5b5
ded3b3
dcd0b0
d4c7a8
d6c9a9
e0d4b4
e2d6b6
e3d8b8
e5daba
e7ddbe
e7debf
e4dbbd
e5debe
e7dfc0
e5ddbd
e1d8ba
e0d8ba
e3dbbe
e4dcbf
e3dbbf
e1dbbd
e2dbbe
e3ddc0
e7e0c3
e9e2c7
e9e2ca
e8e0ca
e6ddc9
e8e0ca
e9e2c9
e9e2c8
e6e0c8
e4dec7
e3dcc8
dfd7c4
e3dbca
e7dfd2
e7ded5
e5ded4
e5dfd3
e6e0d3
e2e0d3
dfdfd2
deddd1
dfded2
e1e1d5
e4e2d9
e4e2d9
e3e1d8
e2e1d8
e3e2db
e0deda
e0dfda
e0ded7
dddcd1
e0e0d4
e4e6da
e5e7db
e6e8dc
e3e5d9
e0e2d6
dee0d4
dfe1d5
dcded5
dcdfd4
dcded3
dee2d4
e5e7dc
e6e8df
dee0d9
dcdfd8
e0e4db
dee2da
dbddd6
dbddd5
dfe1d9
e4e4dd
e3e3dc
e3e3de
e7e6e4
e7e6e4
e3e2df
e3e4dc
e6e6db
e7e9da
e3e6d6
e0e2d2
dedfcf
dedfd0
dedecf
e0dfd0
e4e3d6
e7e3d0
e6e1cd
e4dfcb
e0dbc7
dcd7c4
dcd7c3
ded9c6
e2dcc7
e6dfc9
e9e2ce
e9e3ce
e9e3cf
eae6d2
eae6d2
ebe6d2
efe8d7
eee7d6
eee7d5
eee7d5
efe8d5
f1ead5
f1ead6
ececd6
ebebd6
eaead5
ebead3
eae8d1
e9e7cf
eae8cf
e6e5ca
e5e5c8
e6e5cb
e7e6cd
e8e7cf
e8e7d0
e7e6cf
e8e7d1
eae8d3
eae9d3
ebead4
ecead4
ecebd5
edebd5
edecd6
efedd4
efedd5
f0eed6
f2efd7
f3eed7
f2edd6
f1ecd4
eeeed5
edeed5
ececd3
ebebd3
e9e9d2
ebebd4
ecedd6
eff0db
eaead5
dfddc9
e2ddc6
e9e0c3
e5d7b6
d8c49f
cdb690
ceba96
d9c6a2
dbcba8
e0d2af
e6dbb9
e7ddbc
e8dfbe
f1e4c0
ded2ae
f8eac6
ecddb8
bfac85
b8a178
ebd0a5
ebd1a7
d6bd93
d6be94
c6af85
c9b389
cab58b
d0bd93
dbc99f
e0cfa4
dbcda1
d7cb9f
e1d5aa
f0e3b9
f0deb7
dfcea7
cbb98f
c7b58b
cbba90
d7c69c
e1cfa6
e3d2a8
e3d2a8
ead6b2
e9d5b2
e6d2af
e1cdaa
d8c2a0
d0ba97
cfb897
d3bd96
dac499
e2cba1
e7d1a7
ead3aa
e6cfa6
dcc69c
d7c197
d9c499
dcc79b
dfca9e
e0cca2
dfcea9
e0d1b1
e1d3b5
ded5b2
e2d6af
e6d8ad
e3d1a5
e5d0a6
d0ba94
8f7956
5b422c
523724
4b311b
553c25
644e39
6b5847
736354
796c5b
7c6f5e
7c705f
7b6f5e
796c5b
716553
655848
584c3b
483c2b
433524
473929
574839
675748
6f5e50
726054
392b1a
38291c
36281f
352820
372a22
362a1f
33291a
312717
312718
31261c
30261d
30261c
302518
2f2614
322717
35271c
36281d
35291d
33291d
33291d
31291c
32291c
35271a
35271a
36281c
36281d
37291f
372920
372821
362a22
372921
2e2118
2e2216
352a1d
3d3222
7c7163
d9cdbd
e4d5c7
ded0c4
ddcfc4
e0d2c3
e4d8c4
e7dcc1
eaddc2
eadbc4
e3d4bd
decfb8
deceb7
e3d1bb
e9d7c1
edd9c4
e6d4be
e1cfb8
d9c7b0
d7c5ae
e1cfb8
ebd9c3
eddbc6
eddcbf
ecdbbd
e6d6b7
e2d2b1
e5d5b4
e5d5b3
dfcfac
c0b18b
d6c59e
e7d3b0
e0c9a7
ecd8b7
e7d8b6
e9ddbb
e5dcb9
e7debd
e7ddbc
dcd0b0
dccfae
ded0b0
dacaac
dacbac
e2d5b5
e2d5b5
e3d8b8
e5dbbb
e7debd
e5debc
e1dbb9
e5ddbc
e7debd
e3dab9
ded5b6
e0d7b8
e4dbbe
e5dbbf
e2dabe
e1dbbd
e1dabd
e4ddc1
e8e1c5
e9e2c8
e8e0c8
e6ddc6
e7dbc9
eadfca
ebe3c8
eae3c7
e7e1c8
e4dfca
e4dfcc
e4dccf
e6ded3
e8e0d5
e5dfd5
e3ded7
e3dfd9
e5e1dc
e2e2de
e1e2de
e2e3df
e2e2e1
e1e1e0
dfdfe0
dcdcdf
d8d7d8
d6d7d4
dadadb
d6d5da
dad9dd
d9d9d8
d5d6d0
dcded4
e1e4db
e0e3da
dee1d8
dcdfd6
daddd4
d8dbd3
d8dbd3
d9dcd6
dde0d7
dde0d5
dce0d2
e0e3d9
e1e4de
dadcda
d3d7d5
d7ddd9
dde2df
dcdfdd
dcdedc
e0e0df
dfdedd
dadad9
dadcda
e1e3e4
e2e3e6
dddfe0
dde0db
e0e4d7
e0e5d3
dee2d5
dde1d4
e2e6d9
e6eadd
e0e4d7
d8dccf
d8dccf
dadacb
dddbcc
e0decf
e1dfd0
e1dfd0
e1dfd0
e3e1d3
e4e1cf
e7e2ce
eae5d1
e7e3d0
e4e1ce
e9e6d3
ece9d6
ebe9d6
eee7d6
efe8d6
efe8d6
f1ead7
f1ebd6
f2ecd5
f2ecd4
ecebd3
eaead2
eae8cf
e8e6cc
e8e4c9
e7e2c5
e7e1c4
e2e0bf
e0e0bf
e2e1c2
e4e3c5
e5e4c8
e5e3ca
e5e3ca
e6e4cd
e7e5ce
e5e3cc
e4e2cb
e4e2cb
e6e4cd
e8e6cf
e9e7d0
ebe7d0
ece7d0
efead3
f1ecd5
f2eed6
f1edd6
f0ebd4
eaedd2
eaeed4
ebefd6
eaeed6
e8ecd5
e8ecd6
e9edd8
f0f1dc
f0f0db
ebebd7
ecebd3
ede8ca
e6dab7
d7c59a
cab388
c5ae8a
d2bd99
d9c8a4
dbceac
e1d7b5
e2dcba
dbd6b6
e6dcb9
ddd3af
f5e7c1
e3d2ab
bfaa81
ceb68d
f1d7ad
e2c89f
d3ba92
c8af87
cbb48a
d3be93
dcc79c
e3d0a5
e3d0a6
d8c69c
d4c69a
e3d8ab
f2e7ba
ecdfb3
dbca9f
cfbd92
c7b58a
c9b78d
d5c398
e2d1a6
e7d6ab
e8d6ab
ead9ae
e5ceab
e5ceac
e2cba8
dbc4a1
d3bc9a
d2bb99
d5bf9d
dbc49d
e0c99f
e6cfa5
e9d2a8
e7d0a6
dec79d
d5be94
d3bc92
d6bf95
d8c297
dac79b
ddcba3
e1d0af
e5d5bb
e7d8c1
e0d7b5
dbd1aa
e0d3a8
d8ca9f
ddd0ab
ded2b8
ada492
584f4c
2c2523
2a2623
2d2d28
424441
565b5a
616767
646e6d
667372
647271
606d6d
616e6d
5c6968
4f5c5c
3f4c4b
2e3935
252f2c
2b3430
3e4643
505653
595f5c
5f6361
46331f
432f20
3e2b20
3b2820
392920
36281d
332619
342718
34271b
34261e
332520
342621
34261f
34271c
36281c
37291e
35271c
34271b
31271b
32281c
322a1d
332a1d
36281b
36281b
37291c
37291e
382a20
382a21
392a23
31231b
403229
31231a
312519
3d3024
5b4e40
c2b5a7
e6d9c9
e0d3c3
dfd1c4
dccec1
dbcebd
dfd2bd
e5dabe
e9ddc0
eadcc2
e7d9bf
e2d3ba
deceb5
dfcdb5
e5d3bb
ecd8c0
ebd9c1
e6d4bc
dccab2
d5c3ab
dac8b0
e7d5bd
eddbc4
eddcbf
f0dfc1
efdebf
e6d6b5
e1d1af
e0d0af
e6d6b3
caba95
cfbe99
e1ceab
e1caaa
ead6b6
ebdbba
ebdebd
e8ddbd
e5dbb9
e2d8b6
d6c9a9
d7c9a9
decfaf
ddcdad
e0cfb0
e3d4b5
e2d5b5
e5d8b8
e7dcbc
e8ddbd
e6ddbc
e3dab9
e6ddbc
e6ddbc
dfd6b5
d9d0b1
ddd4b5
e4dbbe
e6dbbf
e3dabf
e2dbbf
e3dcbf
e4ddc2
e8e1c6
e9e1ca
e6dec8
e5ddc7
e4dbc6
e9dfc8
ebe4ca
eae3c9
e7e2ca
e4dfcd
e3ded0
ebe5df
e4ded8
dcd6d2
d9d5d0
d7d5d2
d6d3d1
d4d2d0
d5d6d4
dddddd
e4e4e5
e5e5e8
dfdfe2
d8d8dd
d7d7dd
d9d9df
e0e0e4
dfdfe4
d7d7dd
d8d8de
d7d8db
d6d7d6
dfe0dd
dee2dc
dfe3dd
e2e6df
e3e7e0
e3e7e0
e2e6e0
e2e6e0
dfe3dc
dbdfd6
d8dcd1
dbe0d2
e3e7dd
e3e7e1
daddda
d3d7d8
d5dadc
dadfe1
dce0e2
dee0e3
dfdfe2
d9d9dd
d6d6d8
dadcd8
e2e4e0
e3e5e2
e2e3e0
e3e5de
e5e8dc
e3e7d9
daded4
dce1d6
e2e6dc
e4e9de
e0e5da
dde1d7
dde2d7
dde1d8
dde0d8
dfe2da
e3e6de
e9ece4
ebeee6
e9eee6
e8e9df
eae6db
ebe8dc
e6e3d7
e4e1d4
e8e5d8
ece9dc
eee9db
f0e9d6
f1ead8
f2ecd8
f3edd8
f1ecd5
efe9d2
ede7cf
eae4c8
eae5c9
ebe5c7
eae2c4
e7debf
e3dab9
e2d6b6
dfd6b3
dfd7b4
e2dab6
e3dbb9
e5ddbb
e5ddbd
e6ddbd
e5debf
e3ddc3
e2dcc1
e1dbc0
e1dcc1
e3ddc2
e4dfc4
e5dfc5
e5e3c9
e6e4ca
e9e6cc
ebe8ce
ebe8cf
ecead0
edebd1
e8ebd0
e9edd4
ebefd6
ecf0d8
ebeed8
eaedd7
e9edd8
eeedd7
f0ecd4
efebd3
eee9ce
ebe2c2
e2d2ac
d5c092
cab183
bca47b
c3ae85
dbc8a1
d9caa6
d9ceab
e2dab9
d4ceac
e2d8b5
e8deba
eadcb7
e3d3ac
bda880
d7be95
f3d9ae
dec59b
d4bb93
cfb68d
d8c197
e2cda2
e4d0a5
dfcca1
d6c399
d1be95
ddcea2
f1e5b9
f3e8bb
dcd0a3
cfbe93
cebb91
cebb91
d5c298
e2cfa5
ecd9af
eddab0
e8d5ab
e4d1a7
e5cfaa
e6d0ab
e1cba6
d6c09b
cfb994
d5bf9a
e1cba7
e7d0a8
e9d1a7
e9d2a8
e2cba1
dac399
d3bc92
d2bb91
d6bf95
dcc59b
ddc69c
e0cca2
e5d2ac
e6d6b4
e4d5b7
e2d4b8
e0d4b1
d7caa6
dccca6
dccaa4
decdaa
e4d5ba
d6c8b0
838380
1d2225
222a2e
202c34
31414b
4c606a
596f79
59737a
5d797e
5b777c
577378
567277
516d72
466267
365154
233937
1b302e
203533
334746
475757
506060
556565
755a3d
6f543d
664d3b
5d4738
544134
4c3b2c
473727
3e2d1d
3a281a
38261c
36231d
36231f
362420
392620
39281f
372a1e
36281d
35281c
32281c
33291d
332b1e
342b1e
342619
35271a
36281b
37291e
382a20
392b22
392a23
2f2019
42342b
3c2e25
312318
4d3f34
a59789
e6d8cb
dccebe
e3d6c4
e5d7c8
e3d6c6
e0d3c1
ded2ba
e1d6b8
e4d8ba
e7d9be
e9dbc0
e7d8bd
e4d4ba
e2d1b7
e4d3b9
e8d4bb
e9d8be
e8d7bd
e0ceb4
d8c7ad
dac9af
e2d0b6
e5d4ba
ebdabd
f0dfc1
f2e1c3
ecdcbb
e1d1b0
deceac
e6d6b3
d6c6a3
d0bf9c
e1cdac
e6cfaf
ebd6b7
eeddbf
e8dbbd
e7dcbc
e4d7b5
dfd2af
d0c2a1
d4c4a3
ddcdac
dfcdad
e3d0b0
e2d1b3
e4d3b5
e6d7b8
eadcbc
ebdebe
e7dcbc
e3d8b8
e5dcbb
e4dbba
dcd3b2
d7ceaf
ddd4b5
e5dcbf
e6ddc1
e3dabf
e2dbbf
e3dcc1
e6dfc6
e9e1ca
e9e1cb
e6dec9
e3dbc6
e4dbc5
e7e0c8
e9e4c9
e9e4cc
e6e2ce
e4e0d2
e4e0d6
e7e3e3
ddd9d9
d5d4d2
d9d8d6
dbdcd9
d9d9d6
d7d9d4
d8dad8
dee0e1
e5e6e8
e2e3e7
dbdce0
d7d8dd
dadce2
e1e2e9
e7e7ef
e3e4eb
d9dbde
d9dadc
d9dbdc
d9dbdc
e1e4e4
dbe1de
dce2df
dfe5e2
e1e7e4
e2e7e5
e3e8e6
e3e9e6
e1e8e1
dae2d7
d5ddd0
dce4d5
e4ece0
e3eae4
dce1de
d7ddde
d5dddf
d5dadd
d6dbde
d9dde0
d8dcdf
d6d7dc
d6d7d9
dbddd7
dde0d9
dbded6
daddd4
dfe2d8
e5e8de
e5e9df
d8ded6
dde4db
e0e7df
dfe6dd
dde4dc
dfe6dd
e4ebe2
dbe3de
d7e0dd
d9e2de
dde5e2
e1eae6
dfe8e4
d8e1de
d9deda
e3e2dd
e7e6e1
e7e5de
e7e4db
ebe7dd
eee7dd
eee7db
f2ebd8
f2ebd7
f2ecd6
f0ead3
ebe5cc
e7e1c7
e2ddc2
e1d9bc
e3dabc
e3dbbb
e2d7b8
dfd4b3
dccfae
d9cba8
dacda9
dccfac
ddd0ad
ded1ae
ded2ad
ded2ac
ded2ac
dbcfab
d7cdad
dacfaf
ddd2b2
dfd4b4
dfd4b4
ded3b3
ded4b4
e3dcbe
e5dec0
e6dfc2
e5dec1
e3dcbf
e5ddc0
e8e0c3
e4e4c5
e6e7c8
e9e9cd
ebebcf
ebebd1
ebebd2
ebecd4
f0ead0
f1e8cc
ece4c7
e4dabb
dbcea9
d6c196
d5ba89
cfb280
b69d6f
b59e70
d3bf93
d9c9a1
dacca9
e4dab7
d7cead
e6ddb9
eae0bc
e4d5b0
e4d4ad
ae9970
c8b087
f6dcb1
dec59c
dac198
ddc49b
e0c99f
dbc69b
cfbb90
c6b388
c9b68b
decca2
f4e6ba
f1e5b9
d9cea1
cabd91
c9b88d
ccb88e
d6c097
e3cda4
f0dab1
f6e0b7
f1dcb3
e6d1a7
dbc69c
d5bf98
d3bd96
d1bb94
cfb992
d3bd97
dcc69f
e3cea8
ead3ab
ebd4aa
e8d1a7
dec79d
d6bf95
d3bc92
d9c298
ddc69c
dfc89f
e4cda5
e8d3ae
e9d6b4
e4d4b2
dbccab
d6c9a7
ddceac
dccbaa
e6d1af
e8d2b1
e5cfb0
e3d1b3
e3d4b6
bdb6a4
3c392d
1c1c18
292e31
3a424a
48565f
56686f
5f7375
63797a
617677
5c7273
5c7273
596f70
4e6465
3f5355
2d3b41
233036
253137
364248
4a535a
545d64
5a626a
ac8b62
a58662
9d8062
927960
87725a
7a6850
726348
614f36
57442f
4d392a
422d23
3b251f
3a241d
3c261d
3a281e
382a1f
382a1f
372b1f
352b1f
352b1f
342c1f
342c1f
36281b
37291c
382a1e
3a2c21
3b2d23
3c2e25
3c2d26
413029
3c2b23
43322a
3e2d23
7c6b60
e3d3c5
e6d5c9
dfd1bf
e0d3c0
e2d5c4
e4d7c6
e5d8c5
e5d9bf
e4daba
e3d8b8
e2d4b7
e2d4b7
e1d3b6
e2d3b6
e4d3b7
e6d5b9
e9d5ba
ebdabe
e8d7bb
e1d0b3
dccbaf
dfceb2
e3d2b6
e1d0b4
e4d3b5
e6d5b7
ead9bb
eedebc
e9d9b8
e3d3b1
e4d4b1
dbcba8
cdbc9a
dcc8a9
e5ceb0
e6d1b4
ecdbbf
e2d5b9
e3d8b9
e4d6b3
dcceac
cebf9c
d3c2a0
dfccab
dfccab
e2cead
e2d1b3
e4d2b4
e8d7b9
ecdcbd
eddfbf
e9dcbc
e3d7b7
e4dbba
e2d9b8
dbd2b1
d8cfb0
e0d7b9
e8dfc2
e6ddc1
e2d9bf
e2dbc1
e3dcc3
e6dfc8
eae1cd
e8e0cc
e5ddca
e2d9c6
e3ddc4
e6e0c7
e8e4ca
e8e6cf
e6e4d2
e4e2d6
e5e2db
dadad9
d2d1d0
d3d4d0
dfe0dd
e1e6df
dde3da
dfe5db
e0e5df
e2e6e2
e3e8e4
dfe3e2
d7dcdb
d5d9db
dadfe1
dee1e5
dfe2e8
dde1e3
d4d9d6
d6dcd5
d9ded8
dbdfdd
e5e8e9
dee5e6
dde4e5
dbe2e3
dae1e2
dbe2e3
dde4e5
dfe6e7
dee7e0
d7e0d5
d5dfd1
dce6d6
e1eade
dee7e0
dbe3df
dbe4e2
d6e1dd
d0dad7
d2dad8
d6dcda
d5d9d8
d3d8d6
d6d9d7
dcdfd7
dcdfd5
d8dcce
d8dccd
dee1d5
e3e6dd
e3e6e0
d4dcd6
dee6e0
e4ece6
dfe7e1
dae2dc
d9e1db
dae2db
d4dcd9
d7dfdc
e0e8e5
e6eeeb
e7efed
e2eae8
dce4e1
dae1de
dfe4df
e6e9e3
e6e7e0
e8e5db
ece8dc
efe8dc
eee7d9
f2ecd6
f0ead5
eee8d1
eae4cb
e5e0c5
e2ddc0
ded9bc
dbd5b8
dbd5b8
dbd5b7
dbd3b4
dad1b1
dacfaf
d9cdab
dbcead
dccfae
dbceac
dbcdab
d8cba7
d6caa3
d3c89f
d1c59d
cfc19c
d0c29d
d2c49f
d3c5a0
d3c5a0
d3c5a0
d4c5a0
decea9
dfd0ab
decfaa
d9caa4
d4c5a0
d5c5a0
d8c8a3
d7cfab
d9d3ae
ddd6b4
dfd8b6
e1daba
e5ddbe
e8e0c2
eee3c4
eee1c3
e5d9b9
d7c8a5
cab890
c9af81
d5b580
d7b680
baa16c
ae9763
c1ad7d
d6c69a
dccea8
ddd1af
d9cfaf
e5dbb8
e5dbb7
e3d5af
dbcba4
a69168
bea67d
eed3a9
d6bc93
d3ba91
d9c097
d5bf95
cab58a
c3ae83
c4b186
d5c297
efdcb2
f6e8bc
e0d5a8
c4b98c
bfb286
c6b58a
cfbb92
f2dcb3
f3ddb4
edd6ad
e1caa1
d7c198
d0ba91
c8b289
cbb58d
d2bc94
dbc59d
e4cea6
ead4ac
ecd6ae
edd7af
ecd4ab
e9d2a8
e3cca2
dcc59b
d8c197
d9c298
dec79d
dec79d
dcc49c
e4cca8
e7d2b1
e3cfb0
dccbaa
d7caa3
d7cba4
e2d0b0
e9d4b4
ecd3b5
ead0b4
e6cdaf
e0ccab
e2d0af
d4c9a7
81765e
20180c
2f2c2a
414448
4b5457
576464
647373
677878
647475
607171
617272
607171
566766
49585a
39454a
2a353b
263137
353e44
464e54
545961
5b6068
c9a673
c7a476
c1a27a
bb9e7e
b1997a
a59272
9d8c6b
8f7c5c
836e51
715b45
5b4535
4b3427
432c21
402a1e
3d2b1f
392b21
3b2d22
3a2e22
382f22
382e22
362e21
362d20
392c1f
3a2c1f
3c2e22
3d2f24
3f3127
403228
41322a
402f29
402f27
38281f
67564c
c0afa4
e2d2c5
e3d3c6
e1d4c1
dccfbc
dacdbc
ddd0bf
e3d7c1
ebdec4
ede1c2
e8ddbd
e1d4b7
dcceb1
d8caae
dacbae
e0cfb4
e7d6ba
ecd8be
f2e1c5
ebdabe
e0cfb3
ddccb0
e3d2b6
e8d7ba
e4d3b7
ddcdae
d9c9a9
dfcfaf
edddbb
f1e1c0
ead9b8
e4d4b1
ddccaa
cbb998
d9c4a7
e5cdb2
e6d1b5
eeddc0
e2d4b9
e4d9bb
e2d4b0
dbcca9
cebe9b
d4c39f
decba8
decaa8
dfcba9
e3d0b2
e5d3b5
e8d7ba
ebdcbd
ecdebf
e9dcbc
e5d7b7
e3d9b8
e1d8b7
dbd2b1
dbd2b3
e2dabc
e9e0c3
e6dec1
e2d9bf
e1d9c2
e4dcc5
e7dfca
eae2cd
e8e0cd
e3dcc9
e0d9c6
e2dec4
e7e2c7
e9e5cb
e8e6cf
e6e4d4
e5e2da
e4e2de
dad9d7
d3d5d1
d8dad6
e0e5de
dfe5db
d7dfd2
d7e1d2
dae2d6
dce3db
dee5dd
dce3dc
dae0da
d9dfdb
dde3df
dee4e3
dfe4e6
dde3df
d5dcd1
d7ded1
d9e0d6
d9e0da
e3e8e6
e3ebee
dee6e8
d9e1e3
d7dfe1
d7dfe1
d8e0e2
dae2e4
dae4dd
d3ddd2
d2ddd0
dae5d6
dbe6d9
d9e3da
d9e3dd
e0eae4
dbe7de
d3ded6
d8e2da
dde6df
d9e1da
d6dcd6
d8ddd7
dbdfd6
dce1d4
dbdfce
dadfce
e0e4d5
e2e5dd
dfe1dd
dae2df
e2ebe8
e1eae6
d7e0dd
d6dfdb
dde6e2
e3ece8
dee4e0
dee3df
dfe5e1
dee4e0
dee3df
e1e7e3
e8eeea
e8eeea
e5ede7
e8ede6
e6e8de
e6e5d8
eae7d8
efead9
f0ead6
f0ead3
eee8d0
ebe5cc
e7e2c8
e5e0c4
e3dfc2
e3dec1
e2dec2
e1ddc1
e1ddc1
e1dcbe
e3dcbf
e3dcbd
e5ddbe
e5dbbd
e5dabc
e2d8b8
dfd5b3
dcd1ae
d8cea7
d5cba4
d5c9a1
d6c69d
d0c199
ccbd94
cabb92
cbbb92
ccbd94
cdbe95
d6c398
d7c499
d4c196
cbb78c
c3af84
c4af84
c9b489
cbbd93
cdc096
cfc19a
d2c59e
d6c9a4
dbceaa
e1d3af
e6d6b4
e6d5b3
dccdab
ccbb97
bfa97f
bfa273
cdac75
d5b47a
c2aa71
ae9760
b4a06e
d2c193
dbcca6
d4c8a5
d8ccac
e0d6b2
e8ddb8
e8dab4
d4c49c
b29d74
cbb289
e4ca9f
d0b78d
cbb288
cab188
c7b086
c1ac81
c6b387
d4c296
e9d6ac
efddb2
d8ca9e
c6ba8d
bfb487
c8ba8f
dfcea3
efdcb2
edd6ad
e4cda4
d1ba91
c2ab82
c5ae85
d1ba91
d8c198
e5d0a7
ebd5ac
eed8af
ead4ab
e3cea5
e3cda5
e9d3aa
e5cea5
dec89d
d9c398
d5be94
d4bd93
d6bf95
d7c096
dcc59b
e7d0a7
ebd3b0
e6d1b1
dcc9aa
d5c5a4
dbcda6
e1d6ab
e9d6b6
f0d9bb
e8ceb2
e1c7ac
e2c8ab
e0c8a9
e3cfac
d6cba8
bfb89e
3a3529
2a2b2c
3c444c
4a585f
516467
5e7377
61777d
5f757b
5c7278
5e737a
5e737a
556a71
495f64
394f4e
273c3b
203333
2a3c3d
3b4b4d
4a595b
526263
d1aa69
d2ab6f
d2ad79
d1ad80
cdab82
c7a780
c3a57d
b89d77
b0936e
a0835f
866948
694e33
503a27
433024
3c2d23
392d21
392d21
382d21
362e21
362e21
352f21
352e21
372c20
3b2f23
3d3025
3e3025
403026
433127
45342a
3d2d26
41322b
55473e
a5978d
eadcd0
daccbf
e2d4c7
e5d8c9
e4d8c7
dacdbc
d4c5b2
dccdb6
ecdcc3
efdfc5
e9dabf
e8ddc1
ecdfc3
e3d4b9
d5c6ab
d4c3a9
dbcaaf
e2d1b6
ebdbbd
eeddbf
e6d5b7
dbcaac
ddccae
e6d5b7
e8d7ba
e6d8b2
d3c69e
cdbe98
dfcfab
eddcb9
ead7b5
e4d1af
dfccad
c7b495
d1ba9d
e2caad
e7d0b3
eedbbc
e3d5b5
e5d8b7
e3d1ac
ddcba7
d6c4a0
d4c29e
d6c4a0
dac8a4
dccaa6
e2cdae
e4d3b5
e6d8be
e6dbc0
e5dbc0
e6dbbc
e8d9b8
e5d9b9
dfd4b4
dcd1b1
e0d7b8
e2dcbd
e3dcbf
e3dec0
e2dcc0
e0d9bf
e3ddc4
e6e0c8
e6e1cb
e4dfcb
dfddc8
dddac5
e4dec6
eae5cd
ebe6cf
e7e2cf
e5e1d5
e4e0dc
e2dede
d7d3dc
dbd9de
dbdbdb
d5d8d2
d2d9ce
d7ddd4
d8e0d9
dde5db
e1e8de
dee6dc
d8dfd8
d8dfd7
dce3dd
dde3de
dee6e0
dfeae0
d4dfd2
d3ded0
d8e3d7
dce6de
dee7e4
e1e9eb
edf4f9
e1e9ec
dee6e9
e1e9eb
dae3e3
d3dcdb
d7e0de
dde6e1
d2dcd5
cfd9d1
dae3da
dee9de
dbe5d7
dae5d5
e1ede1
dbe9e1
d4e2d9
ddeae1
e2efe7
dbe8e0
d7e4dc
d9e4dc
dbe3d9
dde6d8
dae3d2
dae2d0
e0e9d9
e3ebdf
e0e8de
e1e6e8
e8eeee
e1e7e7
d6dcda
dbe1de
e5ebe7
e3eae4
dae1da
dde4dd
dfe6df
dbe2db
d8dfd8
dee5de
e5ece5
e7ede6
e5ebe2
e7ebe0
e8ebdd
ebebd9
edecd7
efecd5
f0edd3
e9e9cc
e7e6ca
e5e4c8
e3e2c6
e4e3c7
e6e5c9
e8e7cb
f1edd0
f0ebce
eee9cc
eee9cc
f0ebce
f0ebce
efeacd
eeeacf
ede9cd
eae5c8
e7e1c2
e6debe
e6dcbb
e7dbb9
e8dbb8
e4d7b2
ddd0ab
d9cba5
d7c8a1
d3c49a
cbba91
c5b48b
d2bf98
d8c299
d8c197
d0b78b
c7ab7d
c5a879
caab7a
c9b284
c6b184
c7b485
ccb88d
cdbb8f
cdbc90
d1c094
dac69a
dfc89c
dfc7a2
dcc2a0
ceb28c
bda171
bea164
c8ae6c
c9b477
b39f65
b19f68
c5b685
d3c69a
d1c79f
d2c9a3
ddd0a6
ebdcb5
e9d8b2
cfbb95
c3ac84
d2ba8d
dac391
c6ae7d
c3ab7b
ceb787
cab586
c1ac7e
d3c093
e9d6ab
e8d6aa
e0cfa3
dbca9e
d8c79b
d9c79e
ddcba3
e0cea8
dfcca6
d3bd94
cdb78e
c8b289
ccb68d
d6c097
e0caa1
e5cfa6
e9d6b0
e2d0aa
dac8a2
d9c7a1
ddcba5
e1cfa9
e3d1ab
dbc89f
d5c296
d2bd92
d0bb90
d2bb91
d9c097
dfc69d
e6cea4
ead3a9
e3cca8
dbc6a5
d5c2a2
d9c9a7
e4d6b1
ece0b8
e5d6b4
e3d2b3
dfcbb0
ddc8ad
dec8ab
e2cbaa
e5cfa8
dacca8
d4cbac
96907d
31302a
393e40
434c52
576369
5b6c71
607477
627579
607377
5f7277
5e7176
576a6f
4d6165
3c5053
2d3d42
252f36
2c343b
3c454d
4b575d
526066
cba152
cda35b
d1a767
d4ab73
d4ae7a
d1ae7c
d1ae7b
caab7d
c5a47a
b8986f
a1815c
816447
614834
4a362a
3e2f23
382d21
392d21
382d21
362e21
362e21
352f21
352e21
372c21
3c3024
3e3126
3f3126
413127
443228
46352b
3f3128
493b33
8f8178
d6c8be
e9dbcf
e0d2c5
ded0c3
e5d9c9
e9dcca
e2d5c2
d5c7b1
d4c5ad
e1d1b7
ebdbc0
ebdcbf
e9dbbe
e7d9bc
e2d3b6
dfceb2
decdb1
d9c6aa
d2bfa4
e3d1b3
f0ddbf
f0dec0
e1ceb0
d7c5a7
dfccae
ecdabd
efe0ba
dfd0aa
cfc099
cebe98
d9c8a2
e3d0ab
e6d2ad
e8d5b2
c9b494
c7b090
e2c9aa
e4cdad
e9d6b5
e6d8b5
e3d5b1
e0cea8
dbc9a3
d4c29d
d1bf99
d1c09a
d6c49e
d8c6a1
dfccac
e2d1b3
e4d7bc
e3dabe
e2dabd
e3d8ba
e6d8b6
e4d8b8
ded3b3
dcd1b1
e1d8b9
e3ddbd
e2dcbf
e1ddbf
e1dcc0
e2dbc1
e4dec5
e7e1c9
e5e0ca
e2ddc9
dcdac5
dbd8c3
e3ddc7
e7e2cb
e7e4ce
e6e4d1
e7e4d9
e4e1dc
ded9db
d5d3db
dbdadf
dddddc
d8dad4
d5d9d0
d6dcd3
d6dcd5
e0e6e0
e4e9e3
dde2dd
d6dbd7
d8dddb
e0e4e4
e1e5e5
e1e6e5
e0e7e4
d8e0d9
d8e0d8
dde4dd
dde4e0
dee4e6
e0e6ea
e7edf2
e2e8ed
e3e9ec
e1e7ea
d6dcde
d2d9d9
dae1e0
dee5e2
d8dfdd
d8dfdb
dfe7e1
e0e8e0
dce4db
dfe7dd
e0e9e3
dee9e7
dce7e5
d9e3e1
d9e4e2
dee9e6
d8e3e1
d4dddb
dee4df
dce3da
d9e0d6
dce4d8
e3eae1
e3ebe2
dee4e1
dee3e5
e6ecec
e1e7e7
d7dddb
dde3e0
e7ede9
e5ebe5
dde4dd
e1e8e1
e4ebe4
dfe6df
dbe2db
dee5de
e0e7e1
dfe6dd
e0e5d7
e4e7d9
e8ebd9
eeedd9
f0eed7
f1edd4
f0ecd2
e8e5c8
e5e2c5
e4e1c4
e8e5c8
ede9cd
efeccf
eeebce
f5f0d3
f4efd2
f3eed1
f3eed1
f5f0d3
f5f0d3
f4eed1
f1efd5
efeed7
edebd3
ece9cf
ebe7cc
ebe6ca
ebe6c8
ece5c7
e9e3c4
e7e1c2
e7e0c0
e8dfbd
e5dbb8
dcd2ae
d5caa6
c9b995
cab993
d1be97
dec9a0
e1ca9f
d2ba8e
c0a577
bda676
bfa978
c4ae7d
c8b382
c8b282
c6b180
cbb686
d0ba89
cfb787
d9c095
eacfa5
e5c99c
c9ae79
b39a59
b8a05c
cfba7a
bba869
a59459
b8a874
d2c493
d2c598
d3c79b
dbcda2
e9d9b0
e3d1ab
cdb993
c5ae84
d4bc8e
d5bc89
c6af7d
d5be8d
d6be8e
c4ae7e
cab586
e2cda0
eedaae
e9d7ab
e5d4a9
e1d0a4
d1c094
cdbb93
dccaa2
dfcda7
d5c39d
d1bd95
cfbb93
d1bd95
dbc79f
e6d2aa
ecd8af
ecd8b0
e3d1ab
dac8a2
d3c19b
d8c6a0
e2d0aa
e4d2ac
decca6
d9c69d
d5c296
d1bc91
d3be93
dac399
e4cba2
ebd1a9
ebd3aa
e4cda3
d9c29d
d5c09f
dfccac
e8d8b6
e8dab5
e3d6af
dccdaa
ddcdad
e0cdb2
e2ceb3
e2cdb0
e1ccab
e1cba5
d8caa6
e2d7b9
c7bfac
666359
333533
434a4e
576066
58686d
617578
627579
617478
607377
607377
596c70
4f6266
3f5256
304045
263037
2b333a
3a434a
4a555b
515e64
ca9837
cb9a3f
cd9c4a
cf9f55
cea05e
cda061
cca162
c59e66
c19c67
ba9463
a9855a
8e6c4b
6b4f39
4e3829
3e2e23
392e22
3a2e22
392e22
372f22
372f22
363022
362f22
382d21
3c3024
3f3227
403227
423228
453329
47362c
4c3e34
53453c
bdafa4
e4d7cb
dccec0
d9ccbc
dbcebe
dfd4c3
e5d9c6
e2d6c1
d8c9b2
d7c9af
e4d4b9
ecddc0
f0e0c2
f2e3c4
ebdcbd
e3d2b4
e0ceb0
e0cdaf
dac7a9
d2bfa1
d7c3a5
e5d1b3
f0dcbe
e9d5b8
dbc8aa
dac6a8
e4d1b3
efdfbc
edddb8
dfcfa8
cebc95
c9b78f
d4c198
e0cba1
efdbb5
d4be9b
c4ab89
e0c8a6
e4cca9
e5d1ad
e9d9b4
e0d1ab
e1cfa8
ddcba4
d5c39c
d0be97
cfbd96
d3c19a
d7c59f
dccaaa
ded0b1
e1d6ba
e1d9bd
dfd9bc
e0d7b9
e3d7b5
e1d6b5
dcd1b2
dcd1b1
e1d8b9
e4debe
e2dcbe
e0dbbd
e1dbbf
e3dcc2
e5dec6
e7e1c9
e5e0ca
e1dcc8
dbd9c4
d9d7c2
e2dfc9
e5e2cd
e6e5d0
e9e7d5
eae9df
e4e3e1
dad7db
d4d5dd
dbdde1
e0e1df
dbddd7
d9ddd3
daded5
d8dcd6
e0e2df
e2e3e2
dadbdb
d5d5d7
d9d9dc
e2e2e7
e4e4e8
e1e2e5
dcdfe1
d8dbda
dbdfda
e0e3dd
dfe1df
dfe1e2
e1e3e7
dddfe2
dbdddf
dde0e1
e0e3e3
dee1df
dde0de
e2e6e1
dce0dc
dcdfdb
dfe3df
e3e7e3
e1e4e0
dee2df
e4e8e2
e6ebeb
e2eaed
e3eaec
e4ebee
e3eaed
dde4e6
d4dcdf
d5dbde
dde3e4
d7ddda
d5dcd6
dce3dc
e3e9e4
e0e6e4
d9dee0
dbe0e2
e5ebeb
e2e8e7
dae0de
dfe5e2
e8eeea
e6ece6
dde4dd
e1e8e1
e4ebe4
e2e9e2
e0e7e0
e1e8e1
e1e8e2
dee3d9
dee2d3
e4e7d5
e9ebd7
edebd4
eeead0
ece7ca
eae5c7
e8e3c6
e5e0c3
e6e1c4
eae6c9
efebce
f0ebce
ede9cb
efeacd
eee9cc
eee9cc
f1eccf
f3eed1
f3eed1
f1ecce
edecd4
ebedd7
eaecd4
ebebd4
ebebd4
eaead3
eaead3
eaebd3
e9ebd4
e9e9d1
eaead1
ecead0
ebe8cd
e8e4c9
e4e0c4
dad0b1
cec3a2
cabd9b
d9c9a6
e8d7b1
e7d3ac
dbc79f
c0aa7a
b9a271
bba473
c4ad7b
ccb280
cbb17d
ccb17d
cdb47f
cab27d
c9b07c
d4ba88
e8cf9a
e8cf95
c4ad6c
a7914e
beab6a
ccba79
a69458
9d8b54
c1b07c
d4c593
d9c99a
ddcda2
ecdbb0
e1cea5
d0b992
cab287
dcc292
d4ba86
d4bb88
d7bc8b
bda574
b9a271
ddc696
ebd5a6
e4cfa1
e0cc9f
d4c398
c7b68a
c4b387
cebc94
dbc9a1
dac8a2
d1bf99
cfbc95
d3c099
dbc8a1
e6d3ac
ead7b0
e7d4ad
e1cea7
cfbd97
d0be98
d6c49e
e1cfa9
ead8b2
ead8b2
e5d3ae
dfcda3
dcc99d
dcc89d
e0cba0
e5cea4
e7cea5
e3caa1
e0c89f
dec79d
d6be99
d5c09f
e2ceae
ebdbb9
eadcb7
e3d7af
e2d4b1
e3d4b4
e5d5b9
e6d4b9
e6d2b4
e3d0ae
e1cea7
dfd1ad
d9cdac
d9cdb4
a19888
4c4842
4a4d4d
545d62
58676c
627579
63767a
617478
617478
617478
5a6d71
516468
43565a
344449
283239
2a3139
373f46
465157
505d63
cb9121
ca9027
c78f30
c58d39
c28b3e
be8841
bc8740
b58745
b18647
ad8148
a07746
8a6540
6b4d34
503728
3f2f22
3a2f23
3b2f23
3a2f23
383023
383023
373123
373123
3a2f23
3e3226
403328
413328
433328
46342a
49372d
4d3e34
706256
d6c8bb
e5d8c8
e1d4c4
d4c7b6
d8cbba
d6cab7
dcd0bc
dcd0b9
d5c8af
d8caae
e3d4b7
e8d9ba
e8d8b8
ecddbc
f1e1c1
efdebe
ead8b8
e7d2b4
dfcaab
d8c2a4
d1bc9f
d5c0a3
e4cfb2
efdabd
e6d1b4
dcc6a9
ddc7aa
e5d2b1
ead9b5
ead7b1
dbc8a0
ccb78d
c8b388
d0b98d
e4cfa6
dcc6a0
c5ab86
d7bc97
e4caa5
e3cda6
e6d4ad
decea6
e3d1a9
e0cea5
d9c79e
d1bf96
cfbd95
d2c098
d8c69e
dbcbaa
ddd1b1
dfd7ba
dfdabd
dedabc
dfd9b9
e1d9b6
dfd5b4
dacfb0
dcd1b1
e3dabb
e6e0c0
e2dbbe
ded9bb
dfd9bd
e1dac0
e3ddc4
e6e0c8
e4dfc9
e1dcc8
dbd9c4
d9d7c3
dfdcc9
e5e3cf
e8e7d3
e9e9d9
e9e9e0
e3e2e1
d8d7dc
d5d9df
dce0e3
dfe1e0
daddd7
d7dad1
d9dad3
d8d9d3
e0dedb
e5e1df
e1dedd
dad7d7
d9d5d7
ddd9dd
ddd8dd
ddd9de
dedcdf
dbdad9
dfdfd9
e1e1d9
e0e0d9
e2e1de
e5e4e2
e3e3df
e0dfd9
dfdfd8
e4e4db
e6e6dd
e4e5da
e2e2d6
e1e2d8
e4e4dc
e8e8e0
e8e8e1
e4e3de
e1e0dc
e4e3df
e2e4e4
d9dedf
d9dedf
e6ebec
e5eaeb
d3d7d9
cbcfd0
d4d9db
dde3e4
d7ddda
d8dfd9
dfe6dd
e1e7e2
dde3e1
dae0e1
d9dee1
e4eaea
e3e9e9
dce2e0
e1e7e4
e9efeb
e5ebe5
dee5de
e2e9e2
e5ece5
e4ebe4
e5ece5
e8efe8
e7eee8
e6ebe0
e9ebd9
ebedd9
eeeed8
eeecd2
ebe6c8
e7e2c2
e4debd
e5e0c1
e6e1c2
e8e3c3
e9e4c4
e8e3c3
e6e1c2
e5e0c0
e8e3c5
e8e3c6
e9e4c7
ece7ca
f0ebce
efeacd
ede8ca
ebe8ce
ebead1
ebead2
ecedd6
ebedd5
ebedd7
eaedd7
ebeed9
ecf0dd
eaedda
e9ebd6
e9ebd4
ebebd5
ededd5
efedd5
ebe8cc
e3dec3
dcd5b8
ded5b6
e4d9b8
e8dab8
e9dab6
dbc89d
c9b589
baa577
b7a070
bba271
bfa471
c4a774
c6aa75
cdb37d
d1b781
c9af79
d1b880
e5ce93
e0cb8d
c0ac6e
ac995d
d6c387
c5b278
a5925c
b4a16e
d1bd8d
d4c191
dfcda1
f0ddb3
e2cda3
d0b990
cab084
e0c594
d9bc88
d0b47f
c4a976
b69a69
c1a877
d8c190
dac393
dcc696
dbc799
c3b386
b9a87c
cab98e
decda4
dccaa2
d1bf99
cebc96
d1bf99
dbcaa4
e7d5af
ebdab4
e5d3ad
dac8a2
d0be98
d6c49e
dfcda7
e8d6b0
eddbb5
ebd9b3
e7d5af
e5d3ae
dfcda3
dcc99e
deca9f
dec99e
ddc69c
dac198
d6bd94
ceb68d
c8b287
d7bf9a
e4cfae
eedaba
eddcbb
e8dab5
e3d7af
ddd1ae
ded0af
decfb3
e0d0b4
e2d1b2
e4d3b0
e6d4ad
e0d2ae
d6c7a5
e7d7bb
cdbda8
786f63
464644
535b60
5f6e73
627579
64777b
63767a
63767a
63767a
5c6f73
53666a
475a5e
37474c
2a343b
282f37
333c43
434e54
4e5a60
d09019
cb8b1b
c3831e
b87920
ad6f1f
a4671c
9e6219
97641a
92631d
905f1f
885a25
79522b
65442b
513626
422f23
3a2f23
3b2f23
3a2f23
383023
383023
373123
373123
3a2f23
3e3226
413429
423429
44342a
47352b
49372d
47392c
a29487
ddd0c2
e7dbca
e6d9c8
d8cbb9
e1d4c1
dbd0bb
e0d4be
e2d6be
d6c7ad
cdbfa2
d6c7a8
e0d1b0
e2d2b1
e3d4b2
ead9b8
eedbba
f0dcbc
f1dbbc
eed7b7
e5ceae
d6bea2
d0b89c
dec6aa
f1d9bd
edd5b9
e2caae
e5cdb0
e4d1b0
e2cfac
e7d3ad
edd9b0
e2cda1
d0b98b
cab484
ceb88b
d6bf97
c1a67f
c3a680
dfc59e
dec89f
e0cda3
ddcda2
e3d2a7
e1d0a6
dac99e
cfbe94
cdbc91
d1c095
d8c79c
dbccab
ddd2b2
dfd8bb
e0dbbe
dfdbbd
dfd9b9
e1dab6
ded3b2
dacfaf
dcd1b1
e4dbbc
e7e1c0
e3dcbf
ddd8ba
dcd7bb
e0d8bf
e2dcc3
e5dfc7
e4dfc9
e2ddc9
dcdac5
d9d7c3
d8d7c4
e3e2ce
e8e8d5
e6e7d8
e3e4dc
dddddd
d5d6da
d5dae0
dbe0e3
dce0df
d6dad3
d5d7ce
d8d8d2
dad9d6
dedad6
e8e3de
eee9e5
eae5e2
e5e0dd
e5dfdf
e5dedf
e6e0e2
e6e3e3
e3e0db
e3e1d7
e2e1d4
dfddd1
e1dfd5
e6e4da
eae8da
ebeadb
eae9d9
e7e6d5
e5e4d1
e2e1cd
dfdec9
e0dfcd
e4e3d4
e8e6d8
e9e7db
eae7df
ebe8e1
ebe8e1
e3e3e0
dfe1de
e3e5e2
e9eae7
e9eae7
e4e6e3
e2e3e0
e2e4e1
dbe1df
d9e0da
dde4db
e1e9dd
dee5dd
dbe1dc
dce3e0
d9dee1
e5ebeb
e5ebeb
dee4e2
e3e8e5
e9efea
e3e9e3
dce3db
dee5dd
dfe6df
dee5dd
e1e8e1
e4ebe4
e2e9e3
e4e9dd
edefda
edeed9
edecd4
ebe8cb
e7e1c1
e2dcba
e0d8b5
ded8b9
e5dfbf
e8e2c2
e4dfbe
dfd9b9
ddd8b7
dfdaba
e0dbbe
e1dcbf
e4dfc2
e8e3c6
ebe6c9
eae5c8
e8e3c6
e8e3c5
eae5c7
ece7cb
edead1
edecd3
edeed6
eceed7
ebeed9
ebeedc
ebefdc
ebeeda
ececd7
ecebd6
edebd5
eeecd5
e9ebd3
eaecd4
ebe9d0
e8e5c8
e5dec0
e4dbbb
e3d9b9
efe3bd
e7d9b0
d8c89d
c9b68b
baa576
b39b6a
b89e6d
c0a372
c6a776
caae7b
c9b07a
c5af77
cdb77f
dfca94
e7d29c
ccb983
ccb884
dbc693
bea877
ab9466
c6af82
d6bd93
dbc99b
f0ddb1
dec89e
cab288
c2a77a
dec18f
dabc85
c8a975
b99d69
bca06d
c8ad7b
d2b988
dfc896
dfc797
cdb88a
c0af83
c3b286
ccbb90
d4c29a
d5c39b
d6c49e
dac9a3
e2d2ae
e9d9b5
ebdbb7
e4d4b0
ddcda9
dfcfab
e6d6b1
ecdbb5
ead8b2
e7d4ae
e3d1ab
e0cea7
ddcba4
d8c7a2
d8c69c
ddca9f
e4cfa4
e1cca1
d8c096
ceb58c
c7ae85
cbb289
d8c297
e5cea9
edd8b7
ebd7b7
e0cfae
d7c9a4
d4c9a0
d6cca8
d8ccab
dbcdb1
decfb2
e0d1b2
e2d2ae
e1d2aa
dbcea8
ddcdab
eddaba
ddc9b2
b7a99c
5b5855
50565a
5c6c70
627679
64777b
63767a
64777b
64777b
5d7074
55686c
4a5d61
3a4a4f
2b363d
272e37
313940
414c52
4c585e
d29013
cc8a14
c37e16
b36d13
a15d0b
915104
894a02
814901
7d4803
77470a
754512
704016
603b1d
4c3625
3f3125
3c2f22
3d3022
3d3124
3a3124
393025
373024
372e24
3c2f23
3d3125
3f3327
423328
48372d
46342a
503e34
584a3f
c6b8ac
e0d2c4
e7daca
dfd2c0
e0d4bf
e1d4bf
e3d9c0
e5dac0
e7dbc3
ddd0b8
d0c2a8
d1c2a5
dfd1b0
ead9b9
e6d3b4
e3cfb1
e1ccad
e5d1b1
edd8b7
f3debd
f2ddbb
d9c7a9
cfbb9e
d1ba9c
e0c8ab
ebd3b9
e9d4bb
e2cfb9
e6d2b8
ddc9ac
ddc9a8
ecd7b1
eedab1
e2cc9f
d7c190
c5b180
cbb787
c2ac7c
baa373
d9c193
dac798
d4c596
e0d2a3
e5cfa4
deca9f
dac69b
d4c196
cdbb92
cebc93
d6c59c
ddceac
dcd1b0
e4dbbe
e5dcc2
e0d8bd
e0d9bc
e1dbba
dbd2af
d8cdad
ddd2b2
e5dcbf
e5dfc1
e0d9be
dcd7bd
dcd5bc
ded6bf
e3dcc3
e5dec3
e5dec6
e4ddc8
e0d9c7
dad4c2
d7d6be
e3e3cc
e9e8d7
e7e8de
e5e6e3
e0e0e5
d8d9e1
cfd8de
d2dade
d4dddc
d6ded9
dadfd5
dfdfd4
e2ded4
ded9cd
e0dcce
e6e2d5
e8e4d8
e7e3d7
e6e3d7
e5e2d6
e7e2d5
e9e0d0
e6dfcb
e6e1c8
e4e0c6
e0ddc5
e2decb
e5e1d1
e3e2cd
e6e4ce
e6e4cd
e4e2ca
e2e1c7
e1e0c6
e2e1c5
dedcc5
e0deca
e2e0cd
e3e1cf
e6e4d2
e8e6d5
e5e3d2
e0decf
e0dfd1
dfdfd1
d7d8cc
d6d8cd
e0e3d9
e4e9df
e4e9df
e3e8db
dce2d2
e0e7d6
e8eede
e5eae0
e3e7e2
e7ebe8
e0e9e4
e8f1eb
e4ede9
dbe3e0
e0e8e5
e7efed
e4eceb
dde7e4
dce6e4
dbe4e3
d7e0df
d8e0dd
dbe4dd
e0e9df
e6ecdd
ececd9
eae9d4
e5e3ca
e0dcbf
ddd7b6
dbd5b1
dcd4ae
dbd6b1
ded9b5
dfd8b8
ddd6b8
dcd5b8
ddd7b7
e0d9b8
e0dabb
e0dbbc
e2dcbd
e4dec0
e6e0c1
e7e1c2
e7e1c2
e6e0c3
e8e1c5
e9e3c8
eae5ca
ebe7cd
ece8cf
ede9cf
ede9d2
eeead6
efead6
eeead5
ede8d3
ece6d1
ebe5cf
eae4cf
ede6d4
efe9d5
efebd5
ede9d1
eae6cc
e6e3c8
e4e2c6
e9e3c1
f1e8c3
f3e6be
e9d9af
dcc89c
cfb888
bfa573
ba9b6b
b9996a
bc9d6b
c6a974
caaf79
c6b07b
cbb886
dcca99
ead4a3
cdb887
c1ab7a
af9969
937c4d
b39c6d
cab385
dac394
e1ca9c
d8c297
bea87c
bca373
e0c28f
d5b77f
c8ad74
bba168
b89d66
c8ae78
ddc490
e8d19c
d8c18e
bea876
bba879
cdba8e
d5c198
d8c39d
dfcba5
e4d0a9
e7d3ad
f1dfb8
f3e0ba
f0deb9
e9d8b3
e0d0ad
ddceab
ddceab
d9c6a1
d8c5a1
d5c5a2
d9c9a6
e2d0ae
e5d2ae
e0cba5
e4d0a6
e9d5aa
e2cda2
d1bc90
c6af84
c9b186
d1b88b
dcc49a
e7d4ab
e6d2ab
e3d0ac
ddcca8
dacba7
dacca8
dbcfaa
e2d4b3
e5d7b6
e7d8b9
e6d8b8
e3d4b4
e0d1af
decfab
ddd2aa
e2d2ac
e4ceab
dcc4aa
dccdbb
8b8a82
545f60
596a6e
617378
65797c
62787b
5f7779
607679
5f7274
586b70
4e636a
3d5055
2f3d41
283236
2c373b
3b484d
48575e
cb8a07
c7850a
c0790d
b1690a
9f5a03
904f00
874a00
824700
7c4503
72430d
6f3f0f
6e3b10
5f3817
4a3724
3d3327
3d2f22
3f3124
3e3226
3b3125
3a3026
383025
382f25
3e3226
3d3226
413429
43352a
4a3a30
443329
55443a
827469
d9cbbf
e4d6c9
ecdfcf
e1d5c0
e2d6bf
dbcfb6
dad0b4
dad0b4
e1d5bd
e2d3bf
d9c9b2
d2c3a9
dbccad
ecdaba
f3dec1
e9d4b7
dfcaac
dac5a6
dbc8a7
e3cfae
e9d6b3
ebd7b7
e0cbaa
d3ba98
d1b594
dcc2a4
e7d0b6
e9d4bd
e0ccb1
e6d3b5
e5d1b2
dcc8a4
e5d0a7
f1dbaf
ebd5a6
d6c08e
c3ad79
bea671
c5ac76
d0b883
d7c28f
dbca99
e1d0a1
e5cea1
dbc599
dac499
d7c398
cebb91
cdbb92
d5c39b
e1d3af
e0d3b1
e8dbbf
e6dac1
ddd3b9
dfd6ba
ded7b8
dad0ae
d9cead
dfd4b4
e6ddc0
e3dbc0
ddd6bd
dbd6be
ddd6c0
e1d9c3
e5dec5
e6dfc3
e6dfc5
e6dec9
e2d9c8
dad2c2
d3d3bb
dddcc9
e2e1d2
e4e4da
e8e8e4
e9eae9
e4e5e7
e3e6ea
e1e5e7
dee6e2
dee7dd
e0e5d8
e1e0d1
e1dbca
e5decd
e5dfce
e2dccb
e1dbca
e2dccb
e4decd
e7e2d1
eae4d0
ece3cd
eae2c9
e9e3c5
e7e2c5
e6e2c8
e7e2ce
e7e4d2
e1dfcb
e0deca
e0dec9
e3e1ca
e5e3cc
e5e4ca
e3e3c8
e2e1cb
e5e3cf
e4e2cd
e1dfcb
e3e1cd
e6e4d0
e5e3ce
e6e3cd
e9e4d0
e7e3cf
deddca
dcdccc
e0e2d3
e2e4d6
e0e3d4
dfe2ca
d5d8c0
daddc4
e3e6ce
e3e4d3
e3e3d8
e7e7e0
e2e7da
e7ede0
e5eae0
dde2da
e0e5de
e8ede7
e7ece7
e8efec
e9f0ef
eaeff0
e9eeee
e5e9e6
e4e8e0
e8eadd
ebecda
ebe9d3
e4e2cb
ddd9bd
d6d2b1
d5cfaa
d6d1a9
dbd4ab
e0dcb5
dfdab6
ded9bb
ded8bc
e1dabe
e4ddbf
e4dfbd
e5dec1
e5dec1
e5dfc1
e5dfc1
e6e0c2
e7e0c3
e8e1c3
e7e2c6
e7e2c8
e8e2c9
e9e4ca
ebe5cb
ece6cc
ede7cd
eee8cf
efe7d1
eee6d0
ede6d0
ede5d0
ece4cf
ece4cf
ebe3ce
efe4d3
eee5d3
f0e9d4
eee9d3
eae7cf
e6e5ca
e2e2c7
e4e1c3
eee8c7
f2eac6
f1e5be
f4e4b9
f1deb0
e1cb9d
ccb281
b99c69
b2945e
bd9e67
c6ab73
c3ab75
c1ae7a
c4b380
dcc393
edd5a5
d0b989
a28a5a
806938
947d4c
c5ad7d
d6bb8c
d3ba8c
ceb78a
b8a374
bea775
e0c58f
d1b178
c2a66c
b99f64
bba268
cfb67e
ddc58e
d4bd89
c4ad79
bda876
c6b382
d6c196
e0caa4
e6d0ad
f0dab6
f7e1ba
f9e3bb
f3e0b8
e8d5ae
d9c7a1
cdbc97
c8b895
c7b996
c8bb98
d4c19c
dac8a5
dfd0ae
e4d4b4
eadab8
edd9b3
e7cfa7
dec89d
d9c499
cfba8e
c3ad81
c5af82
d3bc90
dfc89b
e3cea1
e2cfa8
e1cea8
e0cea8
decea9
ded1ab
e1d3b0
e3d5b2
e6d7b6
e4d5b4
dfd0af
dacbaa
d9caa9
dccdac
e0d1b1
ddd1aa
ddcda7
e2cca8
e1c9aa
e4d5bf
b1afa4
6b7775
5d6b6e
5f6f73
637679
5e7578
5b7375
5d7577
607377
5d7075
53666e
425257
333f41
293334
293534
374446
47565a
c58501
c38102
bc7503
ae6701
9e5900
915100
8b4e00
864b02
7e4708
72420f
6d3d0e
6b380e
5d3616
4b3725
3f3428
3f3123
403225
3f3327
3d3327
3c3228
3a3227
3a3128
3c3226
3a3024
403529
43362b
46382d
433429
5c4b41
b3a599
e3d5c8
e0d3c3
efe2d0
e8dcc6
e7dbc3
e6dac0
e3d7bc
dfd3b9
e1d4bb
deceba
d6c6ae
d0c0a6
d9c8a9
e6d5b4
efdcbf
f1dec0
eddaba
e2cfaf
d8c5a4
d5c2a1
d7c4a0
e7ceaa
e7cca6
ddc098
d4b58b
d5b890
e2c7a4
edd4b4
e8d4b4
ead6b6
ead6b4
e4cea7
ddc79d
dfc89d
e5cea0
ecd2a2
d1b282
b89863
c6a56d
d1b179
d7ba88
dec596
e0c99d
e2cc9d
d8c295
d7c195
d5c196
cfbb91
ccba8f
d2c197
e4d6b1
e4d6b3
e7d9bc
e0d4ba
d8cdb2
dcd3b5
dcd3b2
d9cfac
dcd1b0
e1d6b6
e3dabd
e0d9bd
dbd5bb
dad5bd
ded8c1
e4dcc6
e8e1c8
e8e1c6
e7e0c6
e8e0cb
e4dbca
dcd4c5
d5d2c1
dad7c8
dedccd
e2e1d3
e6e7d9
e8e9dc
e5e7db
e4e2db
e2e1d8
dfe1d5
dfe3d3
e4e4d3
e7e3d1
eae1cf
e9e1cd
e8e0cd
e9e1ce
e9e1ce
e8e0cd
e8e0cd
e7dfcc
e7dfcc
e7e1ce
e5e0cb
e1ddc8
e0dcc8
e0decc
e1dece
dedecf
dcdbcd
d9daca
d9d9c9
ddddcb
dfdfcd
dedfcb
dadbc5
dcddcc
e1e1d0
e0e0cf
ddddcc
dcdccc
e0e0cf
dfdfcf
e0decb
e5e0cb
e8e3d0
e9e4d1
e9e6d3
e9e7d4
e7e5d3
e5e3cf
e6e3c6
dedcbd
dfddbc
e4e2c3
e4e2c7
e5e1cb
e9e5d3
e2e2d0
e8e9d6
e8e8d7
e5e5d3
e7e7d6
ececdd
ebebdb
e5e5db
e7e6e0
eceae5
f0ece8
f0ece4
eeeade
eee9d8
e9e4cd
e0ddbe
d9d5b5
d2ceab
d0cca8
d6d1a9
dcd7ad
e1dcb2
e6e2bd
e6e1c0
e6e1c4
e6e1c7
e8e2c7
e9e4c7
eae5c6
e9e4c9
e9e4c9
e9e3c8
e9e3c8
e8e3c7
e8e3c7
e7e2c7
e8e4ca
e9e5cc
e9e5cc
eae6cd
ebe7ce
ece8cf
ece8cf
ebe6ce
eae4ce
eae4ce
eae4ce
eae4ce
ebe5cf
ebe5cf
ebe5cf
eae3ce
ebe4cf
ece6cf
ebe6ce
e8e4ca
e4e1c5
e1dec1
e2e1c5
e7e6c8
e9e7c8
ede5c4
f3eac5
f6ebc4
f0e3bc
e3d1a2
ceb781
b79e66
b2975c
baa064
c0a86d
c0aa71
c0ac75
cfb686
dfc695
e9d09f
d0b786
a88f5e
775e2d
b89e6e
ceb283
cfb485
bfa87a
b6a171
c9b17f
dfc28c
ccac72
c3a56a
bca066
c4aa70
d4ba83
d3bb87
c5af7e
c4ae7e
ceba8c
ddca9e
ebd8b0
f5e1bc
f6e2bf
f2deb9
ebd8b0
e3d0a6
d3c098
ccba92
c3b48c
c0b18b
c5b693
cdbf9d
d4c7a4
decba6
e7d6b3
eedfbd
f0e0be
efdeb9
ecd8af
e7cea4
dac195
ccb587
c0a97d
bda67a
cab487
dac599
e2cca1
e3cfa5
e2cea9
e0cda8
dfcda8
ddcdaa
ded0ac
ded0ae
dfd0ae
dfd0af
e1d2b1
e2d3b2
e0d1b0
dfd0af
e1d2b1
e4d5b4
e1d3b0
dccca9
e6d1af
e8d3b3
e6d7be
c9c6b7
858c85
646f6c
677372
657775
607776
5d7576
5e7679
5f7279
5e7076
58676c
485456
373f3e
2b312e
29302e
38403f
495354
c78605
c38205
bb7601
ad6700
9d5900
905000
8a4d00
864a06
7d460c
714010
6b3a0f
69360e
5d3616
4b3824
413629
413326
403225
3f3327
3d3327
3e342a
3d352a
3e352c
3d3528
3a3125
41372b
42372b
44392d
504237
7e7065
d8cbbc
e4d7c7
d8cbba
e5d9c5
e2d6be
e3d7bd
e8ddc2
ecdfc3
e9dbc1
e7d7bf
e2d1bd
d8c7b0
cfbea3
d1be9f
d9c6a7
e4d4b6
eeddbf
f2e1c1
ecdcbb
e3d3b1
ddcdab
dccba7
dcc29a
dfc299
dabb8e
d3b284
d4b586
ddc094
e2c99e
e8d3af
ecd6b2
efd9b3
eed6af
e2cba2
d7be94
d1b98d
e5c799
e6c592
b9975e
ab8749
d0ae70
dbba84
d5b989
e3c99d
dcc695
d4bf8e
d6c193
d7c496
d0be91
c9b88c
cbbb8f
e2d2ac
e1d2b0
e1d2b4
d8c9ad
d2c5a9
dcd0b2
dcd2b0
d9cfac
ded3b3
e3d8b8
e1d8bb
dbd4b8
dad3ba
dad4bc
dfd8c2
e6dec8
eae2c9
e9e2c6
e8e1c6
e9e1cc
e6ddcc
e0d7c8
d9d3c5
dad4c5
dfdcca
e5e3d1
e6e6d1
e3e4cc
e0e2c9
e9e3d2
e6e2d1
e2e1cf
e1e2cf
e4e3d0
e6e2cf
e8dfcf
e5decc
e4decb
e6dfcd
e6e0cd
e6dfcd
e4ddca
e1dac7
e2dcc9
e5e2d2
e4e2d4
e0ddd2
deded3
e2e2d7
e1e2d6
dbddd1
e2e5dd
e0e4da
e0e3d9
e0e4d8
e0e4d7
dce0d2
d7dbcc
d8dcce
dfe3d6
e2e7d9
dfe3d5
dadfd1
d9ddcf
d5d9cc
d7d8c9
dbdac8
dcdbc9
e0dfcd
e4e1cf
e5e2cf
e6e4d1
e8e4cf
e4dfc2
e1dcbe
e2debc
e6e1c0
e8e3c4
eae4c9
ede7d1
ebe6d0
efead4
f1ecd6
eee9d3
ede8d1
eeead1
ede9cf
f0ebd9
f0ebdd
f1ebde
f1e9dd
f0e7d9
ede3d1
e9e0c8
e3daba
d9d4ad
d3cda7
cfcaa4
d3cea9
dcd7b0
e3dfb7
e6e3bb
e7e4c3
e8e4c6
e9e4cc
eae5cf
ebe6d0
ebe7cf
ebe7cc
eee9d0
ede9d0
ede8d0
ece8cf
ece7cf
ebe6ce
eae6cd
eae7cf
e9e7d0
eae7d1
e9e7d0
eae8d1
eae8d1
eae8d1
e9e6cf
e7e2cc
e8e3cd
e8e3cd
e9e4ce
eae5cf
eae5cf
ebe6d0
e7e2cc
e8e3cd
eae6cc
eae5ca
e8e3c7
e5e0c3
e3ddc0
dddcbf
dddec1
e0dfc1
e5e1c2
eae5c4
e9e3c1
e2dbb9
e1d6aa
e2d4a0
d3c089
b49d61
aa9055
baa166
c0a86f
bea770
c8ad7b
c0a573
d8bd8b
ead09d
ddc390
7f6532
967b49
c3a675
c7ab7c
b59b6c
b29969
d6bb88
d8bb82
c8a66a
c7a76a
c0a167
c0a26a
c7ac77
c8b17f
cbb688
dac69a
ead9ae
f0deb5
eedcb6
ead7b6
e3cfae
d8c59f
d0be96
cdbb90
c7b88f
ccbc94
d2c39c
d8caa4
ded1ad
e0d5b1
e2d8b4
e6d6b2
eddfbb
f1e4c1
eee0bc
e9d8b0
e4cda1
dcc192
ceb283
c1a878
bca476
c4ad81
d5c095
e1cea3
e5d2a8
e5d2ab
e3cfac
dccaa6
d9c6a4
d8c7a6
dbccab
decfae
decfb0
e3d4b3
e6d7b6
e9dab9
e7d8b7
e3d4b3
e0d1b0
dfd0af
e1d0b3
dfccad
e4d0ae
e6d2b1
ddcfb2
d4ceb9
a3a396
6f756c
656f66
64726c
647774
63797a
5f777b
5e717c
5e707a
5c6b6f
4d595b
3d4443
2d3331
292f2c
353d3c
454f50
c7840b
c18007
ba7403
ab6500
9b5700
8e4e00
894b01
824506
7a410c
6f3e12
6b3a11
6b3710
5e3616
4c3923
423829
423427
413326
403427
3e3428
40352b
40382d
42392f
423c2e
3e3729
453d30
443a2e
473d31
675b4f
b1a599
e7daca
e5d8c7
dbcebc
e1d5be
d7cbb2
d6cbb0
d9cfb2
dfd0b5
e5d5bc
ead9c2
f0deca
ecd8c2
e0cbb2
d6c1a3
d9c6a7
e5d6b7
e8d9ba
ebdcbc
ebdcbb
e8dab8
e7d9b6
e8d9b4
e9d2ab
e8cea5
dcc093
cdaf80
c9ae7d
d2b988
d9c393
dcc69d
efd9b0
f5deb5
ead1a8
e5cba3
e7cda4
dabf94
d6b98c
e1c18e
c19f63
997733
b2924d
d4b579
dabe8d
dfc69a
d6c08e
d0bb89
d6c191
dac798
d2c092
c7b688
c5b487
d7c69f
d7c6a3
d5c6a6
caba9d
cabb9e
dacdad
dcd0ad
d9cfac
e1d6b6
e5daba
ded5b8
d7d0b4
d8d2b8
dad4bc
ddd7c1
e4dcc7
e8e1c8
e7e0c4
e7e0c5
eae2cd
e8dfce
e3dacb
dbd4c2
d8d2bf
ddd9c3
e6e4cb
e8e8cd
e5e5c9
e5e6c8
e6e0cb
e3e0cb
e1e2cd
e2e5d1
e5e7d6
e7e5d7
e7e2d6
e2dfd1
ddddcd
dbdaca
d8d8c8
d7d7c7
d9d8c9
dcdccc
dcdbcc
dcdccf
e0dfd7
dcdcd8
dedfdd
e4e6e2
dee2db
d5d9d0
dde3df
e1e7e3
e2e8e3
dee4de
d8dfd6
d5dbd2
d3d9d0
d7ded5
e1e7df
e6ede4
e2e8e0
dde4db
dbe2d9
d9e0d7
d6dbd2
d1d7cb
cfd3c8
d3d6c9
d4d7c8
d3d4c4
d8d8c7
dcdaca
ddd8c5
e0dcc5
e2e0c5
e6e3c7
e9e6cb
ebe8d1
ece9d4
eae7d1
ece8d1
ede9d2
ece9cf
e9e7cb
e9e7ca
ebe9ca
ece8d0
ebe6d0
ebe4d0
ebe5d0
ebe3cd
e9e0c6
e5dcbc
dfd6b1
d8cea6
d3c9a5
d3caa6
d9d3b0
e1dbb9
e2debe
e3e0c0
e7e5c7
e8e6cb
ebe7d2
ece8d5
ece8d5
ece8d4
ece9d1
f0ecd6
efecd6
efecd7
eeebd5
eeebd6
eeead5
eeead5
ecead5
ebead5
ebead5
eae9d4
e9e8d3
e9e8d3
e9e8d3
e8e6d1
e7e3cd
e7e4cd
e8e5ce
e8e5cf
e9e6cf
e9e6cf
e9e6cf
e7e6cc
e9e7cd
ebe8cd
ece7cb
eae5c8
e8e1c4
e6dfc2
dddabb
dad8b8
dbd9b9
e2debe
e5e1c0
e3debd
ded8b7
d9d4ad
e3d9aa
e2d3a1
cab480
b69b64
b79a64
bda16b
bea26f
c2a773
cdb17e
d1b682
d3b783
d8bc88
967a46
816632
c2a370
c8ab7a
b99e6d
b39967
e5c994
d6b77e
caa86b
caa86a
c5a56a
c3a46d
c8ac79
d6bf8f
e5d1a6
eddbb2
ead9b3
dfceaa
d5c4a3
d0bf9e
d0be9d
cfbf98
d4c599
dccea1
e0d2a8
dfd1a8
dfd1aa
ded2ab
ddd4ae
ded5b0
ded6b1
eee0bd
efe3c0
eaddba
e1d4af
dccba2
d8be91
ceaf7d
bfa270
bda171
c9ae7f
dac396
e6d1a6
e6d5aa
e6d6ad
e3d1ac
d8c3a2
d5c1a0
d7c3a3
ddcdac
e3d4b5
e6d7b8
e6d7b9
e8d9b8
e5d6b5
dfd0af
d9caa9
d7c8a7
d9caa9
decfad
dfcdb3
e6d2b6
e1cead
e2d2af
dbcdae
dad1b9
ccc6b5
8a8b7d
676d60
646f64
62746f
627778
5f767c
607381
617481
5b6e74
505f64
414c4d
303939
263131
303c3d
3f4d50
c27f0a
bd7a06
b56f01
a75f00
995200
8e4b00
894903
7f4205
783e0b
6f3c11
6b3a11
6a390e
5e3916
4e3a24
443829
443528
433528
413529
40362a
41372d
413a2e
433a31
423c2e
3f382b
453e31
443b2e
473d30
74695c
d1c5b9
e9dccb
e8dbca
e7d9c7
e7dac4
dcd0b6
dacfb3
dacfb1
d3c5a9
d4c4aa
d9c8b1
e1cfbb
e6d1bc
e2cdb4
e0cbae
e0cdae
e1d2b3
e7d8b9
eedebe
f0e0c0
ecddbb
e3d4b2
ded0ac
ead6b1
f0d9b2
ebd1a6
d9bd8f
cab07f
cab282
d2bf8d
ddc69a
e4cca1
edd6ac
f1d8af
e4caa2
dbbf95
e2c79c
dec293
d4b781
c9aa6b
9c7e36
8b6d27
bba061
dec594
d2bc8e
d1bc89
ceba88
d7c391
dccb99
d5c393
c6b585
bfaf80
cbb990
cdbb94
cab996
c1b090
c4b596
d7c9a8
daceaa
d9cfac
e2d7b6
e5daba
ddd4b7
d5ceb2
d7d0b6
d9d3bb
ddd6bf
e2dac3
e6dec5
e6dfc4
e7e0c5
eae2cc
e9e0ce
e7dfcc
e2dcc4
dad4bc
dcd6be
e4e0c6
e8e6ca
e6e6ca
e7e7cb
e8e4ce
e4e3ce
e1e3cf
e0e5d3
dfe3d5
dcded3
dad8d0
d8d9d0
d8dbd0
dadcd2
daddd2
daddd2
d9dcd1
d8dbd0
d7d9ce
d9dbd1
dfe0db
dedfdf
e1e3e6
e9ecec
e1e6e3
d3d8d3
d7dddd
dde3e3
e1e6e5
dde3e0
d5dbd8
d2d9d3
d5dbd6
d6ddd6
dce3dc
e1e8e1
dfe6df
dde3dd
dee5de
e1e7e1
dce5de
d4ddd7
d1dad2
d4dbd2
d5dbd0
d4d8cc
d8dacd
dadccf
d7d6ca
dcdbcc
deddca
dddcc8
dcdbc9
dadac9
d8d7c8
e0dfcc
e0dfcc
e2e2cb
e3e3c9
e3e3c7
e4e5c6
e7e7c8
eae9ca
ebe7cb
eae5cc
ebe5cc
e8e1c7
e2dcba
d9d3ac
d4cba2
d1c49f
d1c6a1
d6ccaa
dfd6b7
e5dfc1
e6e0c5
e6e1c5
e7e7cb
eae8cf
ebe8d4
ece9d7
ece9d7
ebe9d5
ebe9d3
efedd9
f0edd9
efedd9
efecd8
efecd8
efecd8
efedd9
edebd7
ecebd5
ebead4
eae9d3
e9e8d3
e9e8d3
e9e8d3
e9e8d2
e8e7d0
e8e6d0
e8e6cf
e8e6cf
e7e5ce
e7e5ce
e7e5ce
e7e6cb
e9e7cc
ebe9cc
ede8cb
ece5c8
ebe2c5
eae1c2
e3ddbe
dedab8
ddd9b6
e0dbba
e2ddbb
e0dab8
ddd8b6
dbd7b1
dbd3aa
e0d3a7
e3d0a1
d3b988
bb9e6c
ba9b6a
c4a573
bda16b
c9ad78
d6ba86
ccb07c
b39863
896f3a
684e19
b29361
c3a775
b69c6c
ad9361
e5ca94
ceaf75
c6a265
c39f62
c6a469
c8a972
d0b584
e6d0a2
f4e0b6
e4d4ae
cebf9c
c5b694
caba99
d6c6a6
e0d0af
e3d4ae
e8d9af
ecddb2
e2d5ac
d9cca4
d0c49d
cec49d
d6cca7
e0d7b2
e8e0bb
f3e6c3
ede2be
e3d7b3
dbcca6
d3c096
cbb384
c3a673
c4a875
cdb282
dfc495
ecd6a7
ebd6ab
dccba2
d5c59d
d4c49e
d3c09e
d6c4a2
deccaa
e6d6b6
ebdbbd
eadbbd
e6d6b9
d9caa9
d9caa9
d9caa9
d8c9a8
dbccab
e0d1b0
e5d6b5
e7d4b9
f1ddc1
e6d4b3
e5d6b3
ded1b0
dbd1b8
e1d9c6
adab99
777b6b
6b7467
667770
627778
5c7379
617784
607583
5a7078
516369
435156
313d40
253235
2b3a3e
38494f
c17d03
bd7703
b36a02
a65a00
974c00
8c4400
874302
7d4004
753c08
70370a
6a3708
633c09
5a3e13
543c27
4d382d
47362a
49382b
483b2e
463c30
453d32
443e32
453e34
473e35
453c31
4a4036
4d4236
4c3e32
837568
d5c7ba
eadacb
eedecf
eedfcd
e9dac6
e9dac2
e9dbc1
e8dac0
e7d8bb
e4d4b9
e0d0b6
dccab5
dcc7b3
d9c5ad
d7c1a9
d5c2a4
d8c7a9
e4d3b5
efdec0
f4e2c5
efdec0
e8d7b9
e3d2b4
d6c8a5
e2ceaa
efd3af
eac9a2
d1b085
c4a677
cdb481
dac08f
d9be8f
e5ca9e
f2dab1
ebd4a9
d8c293
d2bf8c
dbc68e
d3bc7c
cbb16e
a38843
7a5e1d
90783f
d5c08f
cebe8f
cebf8b
cfbf8c
d8c895
dbcb98
d8c895
c3b380
b7a774
c5b082
cbb487
c5ae83
c8b187
cbb891
d5c8a3
d5cca6
dbd2ae
e0d6b3
e1d6b6
dcd4b4
d3ccb0
d1cab1
d4cfb6
dbd4bb
dfd8bd
e2dcc1
e6dfc5
e6dfc4
e6e0c5
e9e2c8
eae3c9
e4dbc4
ded6bf
ddd7be
e4dfc6
ece8ce
eae8cf
e5e3ca
e9e6d1
e3e2cf
e1dfd0
e1e2d6
e0e1da
dcddd8
dcdcda
d6dad6
d3d9d2
d2d8d1
d1d7d0
d2d8d1
d3d9d2
d5dbd4
d5dcd7
dae1de
dee6e3
dbe3e1
dce3e4
e5ebee
e1e8eb
d7dde0
dbdfe3
d8dcdf
dadee0
dde1e2
dbdfdf
d7dada
d6d9d9
d7dcd7
d4d9d3
d4d9d4
dde2dc
e1e6e3
e0e5e2
e2e6e3
e0e4e6
dbdfe2
d6dada
d1d6d4
d1d6d1
d2d8d1
d3d9d2
d3dad0
d5dbd1
d6dbd2
d6dad2
d6d9d0
d4d6cd
d1d1c9
cfcfc7
d8d8d1
d8d8ce
d8d8ca
dddcc9
e2e0c8
e4e2c5
e5e1c3
e9e4c4
eae3c6
e9e2c7
e7e0c5
e1dbbd
ddd7b1
d8d4a6
d5cfa3
d6cea9
ded6b1
e4ddba
e7e1c1
e9e4c6
ebe6c9
ece8cd
ebe9d4
ebe9d4
ebe9d4
ebe9d4
ebe9d4
ebe9d4
ebe9d4
f0eed8
f0eed7
eeecd5
edebd4
ecead3
eeecd5
efedd6
ecead3
eae8d1
e8e6cf
e8e6cf
e8e6cf
e8e6cf
eae8d1
ebead3
e9e9d4
e9e7d3
e8e6d0
e6e4cd
e6e2ca
e6e1c8
e5e0c7
e7e0c6
e9e1c7
ebe3c7
ede4c9
eee4c6
ede2c4
ece1c3
e7e1c1
e3debe
e4dfbf
e6e1c1
e4dfbf
ded9b9
ded9ba
dfd8b3
dbd3aa
dfd6af
eadeb6
e4d4a9
cdb486
be9f6c
be9c66
c5a46e
ccac77
d9b985
c4a773
967c49
79612e
4b3506
8e7646
c2ac7d
af9a6b
b9a373
e3ca96
d1b57b
c6a567
c2a265
bd9e64
c6aa73
dec795
e6d2a6
d7c79f
cbbd99
cabd9b
d1c4a5
dcd0ae
e8d9b8
ebdebb
eadab8
e5d5b1
e0cfab
cec19f
cabd9b
cbbe9c
d8cba8
e7dab7
ede0bd
eddfbd
e9d9b8
e5d5b3
dfcfab
d5c39c
c7b38b
c2ae84
cbb68b
d6c191
dec898
e4ce9f
e3cea0
dcc99b
d4c196
ccba8e
cdbd92
d7c9a2
e0d0ab
e7d7b3
e8d8b6
e5d5b3
e0d0af
decead
ddcead
dccdac
decfae
e2d3b2
e7d8b7
e9dab9
e8d9b8
eadab6
e8d8b6
e4d5b4
ded1b4
d9cdb3
d6cbb3
d7cdb7
cbc2ae
8b8676
686b60
687571
637779
597177
647f86
587279
5c747a
50646c
42515a
303d44
223035
253639
314346
bf7a04
bb7305
b36704
a65802
984901
8d4103
883e06
7c3e04
743b07
70370a
6b3809
643c0a
5c3f15
563d28
4f3b30
4b3a2e
4c3c2e
4b3e31
483e32
484035
484236
494138
4c433a
4a4237
493f34
483d31
4f4235
9e9083
d3c5b8
e1d1c1
eadbc9
efe0cc
eadbc5
e4d6bd
e1d3b9
ded0b5
e7d8b9
ecddc0
ecdcc3
ecdac4
ead6c0
e1ccb4
d6c1a5
cebb9d
cfbea0
d8c7a9
e3d2b4
ebdabc
efdec0
eeddbf
ecdbbd
e2d2b0
e2d0ab
e7cfaa
e6c9a2
d7b98f
ccb082
cfb583
dac08f
dec394
ddc297
ddc49b
edd6ac
f2dcad
d7c391
c3ae77
cfb87c
d3b878
b19552
7c601f
765e24
cdb886
cdbb8b
cfbe8c
d0bf8d
d8c694
dac896
d8c694
c1af7d
b3a16f
beaa78
c3af7d
c2ac7e
ccb68a
d2c095
d9cca3
d5cca2
dcd3ae
e0d5b5
e0d5b6
dbd2b4
d3cdb1
d2cbb2
d5cfb8
d8d1bb
dcd3bb
e0d8c1
e3dbc4
e4dcc5
e5ddc6
e8e0c9
eae2ca
e6dec7
dfd8c0
dcd6be
e0dbc3
e7e3ca
e9e7ce
e8e6cd
e6e3d2
e1dfd0
e1dfd3
e2e2d9
e0dfdb
d9d9d8
d7d6d8
d3d9d6
d2dcd6
d2dbd6
d3dcd7
d5ded9
d7e0db
d9e2dd
d8e1de
d7e2e1
dbe5e5
d4dee0
cfd9db
d4dde2
d8e2e7
d7e0e5
dfe2e7
d6dadd
d5d9db
dce0e1
dee2e2
dadedd
d6dad9
dde1e2
d4d8d8
cdd1d2
d7dbdc
e2e6e7
e1e5e6
dadedf
d6dbdd
d4dcde
d5dddd
d7e0df
d9e2df
dae3dd
d8e1dc
d6dfda
d5dfda
d3dbd7
cfd7d3
ced4d0
d0d5d1
d4d8d5
d6dad6
deded6
ddddd2
ddddce
e1e0cd
e6e4cc
eae8cb
ece9ca
eee9c9
eee7ca
ebe5c7
e8e2c4
e4debe
e1dbb6
ddd9ae
dfdab0
e6ddb9
ebe4c1
f0e9c9
f0eacc
efeace
edeace
eeead2
eeecd7
eeecd7
eeecd7
eeecd7
eeecd7
eeecd7
eeecd7
ecead3
ecead3
ebe9d2
eae8d1
e9e7d0
eae8d1
eae8d1
e9e7d0
e9e7d0
e8e6cf
e7e5ce
e7e5ce
e8e6cf
e9e7d0
e8e7d0
e7e5d1
e6e5cf
e7e5ce
e8e4cc
e9e3c9
e9e3c9
e9e3c8
e6e0c6
e8e1c7
eae4c7
ece4c7
ece2c4
ebe0c2
eadfc1
ebe4c4
e7e2c2
e6e1c1
e7e2c2
e3ddbd
dcd6b6
dbd5b6
ddd5b3
e5dbb7
e9dfbb
e5d9b3
e6d6ab
e8d2a0
d2b67e
b89960
c4a26d
d0b079
c8a972
d0b27c
ba9c68
846833
523705
7e6636
bba576
ac9768
d7c192
ddc590
ceb178
cdac6e
c8a76d
b79860
bfa46f
e0c899
decca1
c5b891
cec29e
e5d8b8
eddfc1
efe2c3
f0e2c1
eadbba
deceac
cfbe9c
c5b391
bfb290
cdc09f
ded1b0
ebdebc
eee1bf
eaddbc
e6d9b8
e5d5b4
e6d6b4
dbcaa6
cebb95
d0bd95
dbc79d
dac599
dfc99a
e0ca9b
d9c495
d4bf92
d1be93
d2c195
d3c297
d5c49b
dacba4
e0d0ab
e5d5b1
e4d4b1
e0d0af
dbcbaa
dacaa9
e1d2b1
dfd0af
decfae
e0d1b0
e4d5b4
e7d8b7
e7d8b7
e8d9b6
e3d3b1
dbccab
d9caac
daccb0
dbd0b6
ddd0b7
dbd0ba
b6af9d
797a6e
66706b
5e7070
5f757a
5c7479
5e777d
59747d
516870
44565e
32414a
23333a
24373c
2e4348
b47107
b36d08
ad6207
a35405
964603
8c3d03
873a05
7c3d05
743b07
70370a
6b3809
653d0b
5e4117
58402a
523e33
4f3f32
504033
4e4135
4c4236
4c4439
4c463a
4b443a
473e35
4b4237
4a4036
4e4337
6d5f53
c3b5a8
d4c6b9
dacbba
e8d9c5
efe0cb
ebdcc4
e4d6bb
dfd1b4
dacdae
dccdad
e1d2b3
e5d5bb
ecdac2
f1ddc5
eddac0
e9d4b7
ddc9aa
cfbea0
d4c3a5
dccbad
e4d3b5
ebdabc
eeddbf
eeddbf
eddbbb
e5d2b1
e1cda9
e0caa3
dac196
cfb588
c9ae7f
d4ba89
e4c99a
e9cea3
dec49b
dfc89e
ebd5a7
edd9a6
d4be8b
cab17a
bda165
b39757
8e7233
674e16
bca773
c7b585
cbb886
cdba88
d4c290
d8c593
dac896
c4b17f
b29f6d
baa673
bfab78
c4ad7e
d3bd90
d8c59a
d9cca1
d2c99e
ddd3b1
dfd4b5
dbd0b3
d7ceb1
d3ccb2
d3cbb5
d3cdb8
d5ceb9
dad1bb
ddd5bf
e0d8c2
e3dbc4
e4dcc5
e6dec8
e8e0ca
e8e0c9
e0dac3
dbd5bd
ddd8c0
e4e0c7
e8e5cc
e9e7ce
e5e2d2
e1ded1
e1dfd3
e2e2da
e0dedb
d7d7d7
d3d2d5
d4dbd9
d5e0dc
d5e0db
d5e0db
d5e0db
d6e0dc
d6e0dc
d6e1de
d6e2e2
d5e0e1
d0dbdd
d0dbdd
d5e0e4
d9e3e9
d7e0e6
d9dce1
d5d9dc
d6dadc
d9ddde
d8dcdc
d7dbda
dadedd
dcdfe3
d3d7db
ced2d5
d7dadc
dee2e2
dee2e0
dadfdb
dae1de
d7e2e0
d4dedc
d3ded9
d6e0dc
dae5e0
dce7e3
dde7e5
d9e5e4
d5e1e0
d2dcdb
cfd9d8
d1d8d8
d4dada
d5dcdc
e5e5dd
e3e3d8
e2e3d4
e7e5d2
ebead2
efedd0
f1eed0
efe9cc
ece6c8
e7e1c0
e2dcbb
dfd8b5
dcd6b1
dbd5b0
dfd9b5
e7e1c0
ede7c7
f0eccd
f0ecd1
edead2
ebe9d1
eae8d2
edebd6
edebd6
edebd6
edebd6
edebd6
edebd6
edebd6
ebe9d2
ebe9d2
eae8d1
eae8d1
e9e7d0
e9e7d0
e9e7d0
e9e7d0
eae8d1
eae8d1
eae8d1
eae8d1
eae8d1
eae8d1
eae8d1
e8e7d0
e8e6cf
e9e5cc
e9e3ca
e8e1c7
e8e1c5
e7e0c4
e1dbc1
e3dcc2
e4ddc1
e6dec1
e6dcbe
e5dabc
e4d9bb
e3dbbc
e0d9b9
dfd8b8
e1daba
ded6b7
d7d0b0
d5ceae
dad0b0
dfd3b4
ddd2b1
d8cda9
ded0a5
e7d5a2
dfc790
ceb279
c4a66f
c6a972
c8ab75
d4b782
d4b683
b69765
755625
674f1f
bba677
bca778
ebd6a6
cfb682
ccb076
cbaa6b
bb9b63
c1a56f
d0b684
d4be91
dbc9a1
e4d7b4
e7dcbc
e7dcbf
ebddc1
e9dbbf
e1d2b4
d3c4a4
c9b998
c6b695
cbb999
d8cbab
e4d7b7
efe2c2
f0e3c3
eaddbd
e6d9b9
e6d9b9
e5d5b4
e0d0ad
d8c8a4
dac8a1
ddcaa2
deca9f
d9c498
d8c396
d7c395
d4c093
d3c196
d9c79c
dccca1
dbcca2
dccda5
e2d4ac
e3d3ae
e2d2ae
dfcfac
dcccab
dbcbaa
dbcbaa
ddcead
ddcead
e1d2b1
e6d7b6
e9dab9
e9dab9
e9dab9
ddcfad
d8c9a8
d6c7a6
dacbac
e3d3b5
e6d7b9
e4d5ba
e3d4bc
d1c7b3
8d8b7d
687067
5f6d6b
647778
566b6e
63787e
58727a
536970
475961
36444d
25343b
223439
293d41
a4680e
a5630e
a25c0c
9a5008
904402
873d01
823b01
7a3d02
743b07
71380b
6d3a0b
673f0d
614319
5b432d
564237
544337
524235
504336
4e4438
4e463b
4f493d
50493e
4a4137
4e453a
50463b
5c5145
9b8d81
d6c8bb
d2c4b7
d5c6b4
e0d0bc
e9dac3
ebddc3
ecdec2
ebdebf
e8dbba
e1d2b0
ddcead
ddceb1
e1d0b6
e8d4bb
ecd8bd
efdaba
e8d5b5
dac9ab
d9c8aa
dccbad
e3d2b4
e8d7b9
ead9bb
e9d8ba
eddabc
ead7b7
e4d4b0
e1d0a8
dbc69b
d0b68a
c7a97d
ceb282
d7bc8d
e3c89d
e8cfa6
e9d2a7
e6d0a2
e3cf9c
ead5a4
e1c895
bc9f68
af9355
927637
624911
ac9863
cbb988
ceba88
d1bc8a
d5c08f
d6c290
dbc694
c2ae7c
a99563
b7a273
bfaa7d
c8b187
dac29a
d9c69f
d8cba3
d5cca5
e2d8b8
e0d5b9
d9ceb2
d6ccb3
d5cdb6
d7cfb9
d4cdba
d6cfbc
dbd3c0
ded6c3
e1d9c5
e1d9c6
e2dac7
e4dcc9
e7dfcb
e8e0c9
e2dac3
ddd7bf
ddd8bf
e1ddc4
e5e2c9
e7e5cc
e5e2cf
e0dfcb
e0dfd0
e1e2d5
dfdfd7
d8d9d3
d5d5d2
d5d9d5
d6dcd6
d8ddd7
d9ded8
dadfd9
dae0da
dae0da
dce2dd
dce3e1
d7dedc
d7dede
dee4e4
e3e9eb
e1e7ea
dce2e6
dcdfe4
dee2e5
e0e4e7
dde1e2
d3d7d7
d2d6d5
dadedd
d8dcdf
d4d8d9
d3d8d9
d7dbd8
d6dbd5
d6dbd3
d9dfd5
e1e7dd
e1e7dc
d8ded4
d1d8cf
d0d6cf
d3d8d2
d5dad5
d6ddd8
d6e0df
d5dfde
d6dddd
d7dedd
d9dede
dadedf
dbdfe0
e3e3db
e3e3d8
e3e3d4
e7e6d3
eae8d0
ece9cc
ece9ca
e9e3c6
e5dfbf
ded8b6
d9d4ae
d6d1ac
d7d1ae
d9d3b3
e0dabb
e9e4c5
ece7ca
eeeacf
edead3
ebead4
ebe9d6
ebead6
eae8d3
eae8d3
eae8d3
eae8d3
eae8d3
eae8d3
eae8d3
ebe9d2
ebe9d2
ecead3
ecead3
ebe9d2
e9e7d0
e9e7d0
eae8d1
ebe9d2
ecead3
edebd4
edebd4
ecead3
ebe9d2
ece9d1
ece9d0
ebe7ce
e9e4ca
e8e1c6
e6dfc3
e7dec1
e6ddc1
dfd9bf
dfd9bf
e1dabe
e2dabe
e3d8bb
e1d6b8
dfd4b6
dcd2b4
d9cfb1
dad0b1
ddd3b4
dbd1b2
d7ccae
d7ccae
d7cbaa
d3c6a4
d4caa8
ded5b1
e4d9b0
e1d2a6
e3cd9d
e5cf9b
d8c38e
c1ab78
bfa976
b79f6e
bea475
cfb486
9f8356
6a5222
b59f70
ccb788
e6d0a0
c5ac78
c8ac72
c4a364
b69760
c4a875
d9c192
e4cfa5
e6d6b1
e6dab9
ded6b9
dbd0b5
ded0b5
dcceb3
d4c5a9
cbbc9f
cdbc9e
dac9aa
e8d6b7
efe1c3
eee0c2
eddfc1
e9dbbd
e6d8bb
e7d9bb
e9dbbd
e2d3b2
d5c5a2
cfbe9a
d4c29b
d0bd94
cab68c
d2bd91
d2be92
d1bf93
dac79c
e1d1a5
e5d5aa
e3d4aa
dccda5
d7c8a1
d7c8a0
d9caa4
dacaa6
dbcba8
dcccab
dfcfae
e2d2b1
ebdcbb
eadbba
eadbba
ebdcbb
e8d9b8
e3d4b3
decfae
d6c9a7
d6c7a6
d9caa9
e0d0af
e4d4b3
e3d1b1
ddcaaa
dcc9ae
d8cbb4
a9a492
777c72
64706c
627271
596c6b
637577
5d7175
596a6d
505c61
3e494d
2b3638
253233
2a3838
965f15
965d14
965610
914d07
894401
813e00
7d3c00
793d02
753b07
71380b
6d3a0b
69410e
63451a
5d452f
584438
554438
534336
504337
4e4438
4f473c
514b3f
534b41
4d443b
4c4338
4f453a
655a4e
c7b9ac
e1d3c6
dbcdc0
ddceba
e1d1bc
e5d5be
e9dbc0
f1e3c5
f4e7c5
eee1bf
e8dbb8
e4d5b2
ddceb0
dbcab0
dfcab2
e3cfb2
e7d2b2
e8d5b5
e5d5b7
e0d0b1
e0cfb1
e5d4b6
ebdabc
e9d8ba
e6d5b7
e5d0b4
ecdabb
eedfbc
e7d9b3
ddcba0
d3ba8f
ccae82
c9ae7d
d1b687
dcc197
e4cba2
ecd6ab
ebd6a7
dac794
dcc696
e4cb9c
e2c690
bfa266
8b6e32
624a11
a08b57
ccba88
ccb685
d0ba89
d3bd8c
d6c08f
dbc694
c2ac7a
a7915f
b19c73
bea880
ccb48f
dec6a3
dac6a5
d9cbab
ddd3b3
eae0c4
e6dbc0
dcd1b6
d9cfb6
dbd3bd
ddd5c1
d9d2c1
d9d2bf
ddd5c2
e0d8c6
e2dac7
e1d9c6
e1d9c7
e2dac8
e5ddc9
e7dfc7
e2dbc3
ded8c0
ded9c0
e1ddc3
e4e1c8
e5e4cb
e6e5cb
e0e1c7
dfdfca
dfe1cf
dee0d2
d9dbd0
d8dad3
dcddd5
deded5
dfdfd6
dfe0d6
dfe0d7
deded5
dcddd3
dcddd4
dbddd7
d7d9d3
d7d9d4
d8dad6
d9dbd8
dbdcda
dcdddd
d8dbe0
d7dbdf
dbdfe1
dde1e2
d8dcdc
d4d8d7
d8dcda
dde1e1
d8dddb
d5dad5
d5dbd2
d2d8cd
cfd6c7
d1d8c7
dadfcd
e0e2cf
dfe1d0
e0e1d3
e1e3d7
e0e0d7
dcddd4
dadcd4
d8deda
d6dbd7
d6dad6
d7d9d5
d9dad6
dddcda
dededb
e5e5dd
e6e5dc
e8e8d9
ebead8
edebd3
ebe8cc
e9e5c7
e4dec1
e0dab9
dad4af
d6d1a9
d7d2ab
ddd7b5
e3dcc0
e9e3c7
ede9cb
ede9ce
ece9d1
eae8d3
e8e7d3
e9e8d6
eaead8
e8e6d1
e8e6d1
e8e6d1
e8e6d1
e8e6d1
e8e6d1
e8e6d1
e9e7d0
eae8d1
ebe9d2
ebe9d2
ebe9d1
e8e6cf
e7e5ce
e8e6cf
eae8d1
ecead3
ecead3
ecead3
ecead3
eae8d1
e9e7cf
eae5cc
eae4ca
e9e3c7
e8e1c5
e9e0c3
e9e0c2
e9dfc2
e3ddc3
e3dec4
e5dec2
e6dec1
e6dbbe
e4d9bb
e2d7b9
e1d6b8
ded3b5
dfd4b6
e2d7b9
e1d6b8
dcd1b3
dbd0b4
ddd0ab
dacea3
d8cea6
ddd5af
e3dab5
e8d9b3
edd8b0
eddaae
e4d8a6
d2c494
bbac7e
b4a276
b29d74
c4ae86
c5ac85
897141
9f895a
c6b182
d7c191
c5ac78
c2a56b
c4a263
bb9d69
cab080
dfc79a
e1cea5
d7c7a5
d3c7a9
d7ceb4
ded4ba
dfd0b6
d9cbb1
d8c9af
ddcdb1
e5d4b7
ecdbbd
f0dec0
ebddc1
e4d6ba
e2d4b8
e5d7bb
e6d8bc
e0d2b6
d8caaf
d0c1a0
d8c8a6
dacaa6
d5c39c
d0bd93
d1bd92
d6c094
d6c296
dac99d
e3d2a7
e6d7ad
e2d3aa
d9cba3
d0c39c
cdc099
d4c59e
dccda7
e5d6b2
eadab8
ebdbba
eadab9
eadab9
e8d9b8
e4d5b3
e0d1b0
dfd0af
dfd0af
dfd0af
decfae
dacdac
ded0ae
e4d5b4
e9d9b8
ead6b6
e6d2b1
e3ccab
e2ceb0
e0d3b9
cac2b0
8c8d82
6a756e
5a6866
617070
637372
657272
626c6d
5b6161
4a4d4d
353937
2c332f
2f3831
825412
875512
8b530c
8a4c05
854300
813f00
7e3e00
7a3b00
763902
733708
6e3910
673c1b
604127
5a4433
564236
544135
524235
514337
4e4438
4d463a
4c473b
4c473c
4a4235
494034
53493f
786c62
cec1b5
e2d4c5
dacdba
dbcebb
dccfb9
ddd0b8
e1d4b9
e7dbbc
ece1be
ede2bf
efe3c1
eee0c0
e8d9ba
e2d2b5
dfcdb0
dccbad
ddc9ab
e0cdaf
e7d3b6
e3cfb2
e3ceb1
e5d1b3
e8d4b7
eedabc
f0dcbf
e6d0b5
e1d1b2
ded4af
e4dab0
eadbae
e4cb9d
d6b487
c2aa79
cbb485
dabf97
e2c5a1
ebcfaa
eed5a9
e5d19f
d7c192
d1ba8c
d7bb88
d7b981
a08147
5f4108
997e47
d3bb86
c9ae7f
ccb182
d4ba8c
d6bc8f
dbc397
c6ad83
a89166
b29b73
b9a47d
cfba98
e1ccae
e0cdb1
e3d4b8
e9dcbd
eae0c0
e6ddbe
e1d7bb
dfd5bc
e0d6c1
e1d7c4
e0d4c5
ded5c4
dfd7c4
e1d9c6
e2dac7
e3dbc8
e3dbc8
e3dbc8
e5deca
e6e1ca
e4dec8
e1dbc5
ded9c3
ded9c2
e2ddc6
e6e1ca
e5e3cc
e1dfc9
deddc7
e0dfcb
e4e3cf
e4e3d0
e1e0ce
e3e0d0
e7e2d3
eae5d6
e9e4d5
e6e0d1
e1dccd
dfd9ca
e1dcce
e6e4d8
e7e4da
e7e5dc
e5e3dd
e1e0dc
e0e0df
e1e2e1
dbe0e0
d8dcdc
d6dada
d9dddc
dadedd
dadddc
d8dddc
d7d9d7
d7dad7
d3d8d4
cdd3cb
c7cdc1
cbcdbc
d5d7c1
d8d8be
d8d8bd
deddc4
e3e1cb
e3e1cf
e2e0d1
dfdcd0
dfdcd2
e2e0da
dfded8
deddd8
dfdfda
dfe1dc
dee2de
dee1dd
e4eade
e5eadb
e7ebd6
e9ead1
e8e7cc
e6e2c5
e4dec3
e0d6ba
ddd2b2
d9d1ad
d7d0aa
dad4af
e0d9bc
e6dec9
e9e3cf
e9e6d1
e9e6d1
e8e5d1
e8e5d1
e8e6d2
e9e7d4
e8e7d4
e7e6cf
e7e7d0
e7e7d0
e8e8d1
e9e8d1
e9e9d1
eae9d2
e8e7d1
e8e7d1
e9e7d2
eae8d3
eae9d3
e9e8d3
e9e8d3
ebe7d1
ece7d1
ede8d2
ede8d2
ece7d1
eae5cf
e7e2cc
e8e2cb
eae3cb
eae2ca
eae2ca
eae2ca
eae1c9
eae1c9
eae1c8
ebdfc1
ebdfc1
ebe0c1
eae0c1
e8e0bf
e6e0be
e4dfbd
e4dcbc
e4dbbc
e6dbbd
e5d9ba
e1d3b4
decfaf
deceaf
ded2ad
dbd4a9
dbd1a4
dbd0a1
dfd3a5
e4d8ad
e7ddb3
e8ddb6
ece0b8
eee0b9
dccea6
d1c199
cebd95
d3c096
d6c299
9e8c5a
7e6b3a
d0ba8c
d4bc8c
c5a975
bfa067
c4a364
c1a069
ccae7d
d5be91
d3c39d
d2c7a7
d7d1b4
dbd6ba
ddd8bc
ded5b8
dfd1b7
e4d4ba
ecdcc0
f1e0c4
eedfc2
e8dabb
d9cfb6
dbd0b6
ddd1b8
e2d6bb
e4d6bb
dfd1b5
d8caae
dccca9
e4d3af
e7d5b0
e4d2ab
e2cfa8
e3d1a7
e3d1a6
e5d5aa
ebdbb0
efdfb6
eadbb2
e0d1a9
d8caa3
d8c9a4
dfd0aa
ebdab1
eeddb6
efdeb8
ebd9b4
e4d3af
e1cfad
dfcdad
d7c8a9
d8c9aa
dbccad
e1d2b3
e5d6b7
e5d6b6
e1d2b3
dbcead
dfd2b0
e4d5b4
e5d4b3
e4d0b0
e5cfb0
ead2b2
e6d4b3
e0d4b6
d5ceb5
a8a794
73796d
596561
5a6d6b
5d6d6d
686f6e
656967
62615d
504f4b
383935
29302c
2a3531
774d14
7d4e14
824e0f
844909
804202
7c3e00
7b3c00
763900
733702
6f3609
6a3511
64381c
5d3c28
584130
533f32
503d31
4f3f32
4e4035
4b4135
4a4237
494337
484337
494131
4d4438
574d43
a4988f
d3c5ba
d8cbbb
cec2ac
c9bca9
cbbfa9
cec2aa
d4c8ad
dbd0b2
e2d8b7
e9dfbb
eadfbe
eadebe
eaddbd
e9dabb
e7d7b9
e4d2b4
e1cfb1
e0cdaf
dfcaad
ddc9ab
dcc7aa
ddc8ab
e4cfb2
edd9bc
f5e0c3
f3dec2
e3d3b4
d5caa5
d8d0a5
e9daad
eed6a9
e7c699
c6b07f
c0ab7b
caad86
dbbd99
e9cba6
ebd1a6
e6d1a0
dfcb9c
d4be8f
cdb37f
d3b47e
ac8d54
67480f
83662e
cbb179
ceb181
cbae7e
d2b786
d2b788
d9c093
cbb287
b0996e
ad966b
b8a17a
d5c2a0
e8d6b9
e7d7bd
eadcc0
ebdfc2
e8debf
e4dcbd
e1d8bb
e0d6bd
e0d5bf
e0d5c3
e0d3c4
dfd5c3
dfd7c4
e0d8c5
e1d9c6
e2dac7
e3dbc8
e4dcc9
e5deca
e6e1cb
e6e1cb
e5e0ca
e2ddc7
e1dbc5
e3dec8
e7e1cb
e5e1cd
e1deca
dfdcc7
e2deca
e7e3cf
e8e5d0
e5e2cd
e4dfcb
e7e0cd
ebe4d1
e9e2cf
e5decb
e0d9c6
ded7c3
dfd8c5
e2decc
e3e0cf
e4e1d2
e2dfd4
e0ded7
e0dfda
e1e1db
dddfdb
dddfdb
e0e2de
e3e5e1
e2e4e0
dde0dc
d8dbd7
d8d9d4
d9dbd7
d7dcd7
d1d6d0
ced2c7
d3d4c3
dddbc4
dedcc0
dddcbe
dfdec4
e0dec7
dfddc9
e0ddcb
e3e0d0
e5e1d4
e5e1d4
e4e0d5
e4e2d8
e5e6dc
e8e9e0
e8eae2
e6e9e0
e5eade
e6ead9
e6e8d1
e5e6c8
e2e0c2
dfdbbe
ddd7bb
ddd3b6
ded3b4
ded5b2
dfd7b4
e3dbba
e8e0c7
ece5d1
ebe6d4
e8e5d2
e7e4d1
e6e3d0
e6e3d0
e6e3d0
e6e3d0
e6e4d0
e9e9d1
eae9d1
eae9d1
eae9d1
eae9d1
eaead2
eaead2
e8e7d2
e8e7d2
e9e8d3
e9e8d3
eae9d4
eae9d4
eaead5
ece8d2
ede7d0
ede7d0
ece6d0
ebe5ce
e9e3cc
e6e1ca
e7e1c9
eae3cb
eae3cb
ece4cd
eee6ce
eee7cf
f0e8d0
f0e9d0
efe3c6
eee4c6
eee4c6
ece6c7
e9e5c6
e7e3c4
e5e3c3
e8e4c6
e9e4c5
e7e1c1
e2dbb8
ddd3af
dacea9
dbcea7
d7cea5
d5cda3
d8cc9f
d9cd9d
dbcea2
dcd4a8
dcd8b1
e0ddb9
ede5c5
f2e9c8
f1e5c2
efe1bb
f3e2b8
ecd9ad
ddc89b
b6a572
8e7c49
d9c494
cdb384
c0a371
be9f67
be9f62
bc9b65
c7aa78
d4bf93
dcd0ab
e1dab9
e5e0c2
e3e0c3
e0dcbe
e0d9bb
e3d7bb
e7d6bb
e9d7bb
e4d3b7
dbcbae
d1c4a8
cec7ad
d6ccb2
dfd4b9
e6dbbf
e9dcc0
e7d9bc
e4d6b9
e8d6b3
e5d2ae
decca6
d9c7a1
d8c69e
dbc9a0
dfcfa4
e2d2a7
e2d3a8
e0d2a8
d8c9a1
cfc099
cebe98
d6c6a2
dfcfa9
e5d6ac
e2d3ab
dfd0a9
dccba7
d9c9a5
d9c9a7
d9c9a8
e0d1b2
e4d5b6
eadbbc
ecddbe
e9dabb
e1d2b3
dacbad
d8cba8
dccdac
e1d2b1
e2d1b1
e0cdad
e1ccad
e6d0b1
decdae
dacfb0
ddd5b8
c1bda4
8c8b79
73776a
787f74
7b837a
84867d
85857a
838274
727161
535547
3b4135
313b31
69421a
6d4218
714213
733f0e
703a08
6d3606
6a3405
693405
663306
65320b
623311
5d351a
583923
543d2a
4f3d2e
4b3b2e
4a3c2f
493d30
483e32
483f34
484035
484036
4b4434
50473b
746a60
c5b9b0
dccec3
d9ccbc
d9ccb7
d9cdb7
d9cdb7
d9cdb5
daceb5
ddd2b6
e0d5b8
e2d7b8
e6dbbc
eadec0
ece1c2
efe1c3
f0e1c3
eedec1
ecdbbe
e7d5b8
dfcdaf
dcc9ab
d7c4a6
d6c3a5
dac7a9
e4d1b3
ebd7b9
f2dec1
f2e2c2
e9ddb9
dad0a8
d7c89e
e1cda1
ecd2a8
dac495
c3ad7e
bda177
ccaf86
dbbe95
e2c89c
ead5a5
e9d5a7
dac495
d4ba86
cbac76
b4955c
785a21
71551c
c2a76f
d1b581
caaf7b
cdb280
cab07d
d2ba87
c9b27e
b29d6a
a59164
b5a178
d7c5a3
e9d8be
eadac2
ece0c7
ece1c6
e8dfc1
e4dbbf
e0d6bb
ded4bb
ded3bd
ded3bf
ded2c0
ddd3c0
ddd5c1
ded6c2
e0d8c4
e1d9c5
e3dbc6
e4dcc7
e4dcc8
e2dcc6
e4dec8
e5dfc9
e3ddc7
e1dbc5
e1dbc5
e3ddc7
e6e1cc
e4dfc9
e2ddc7
e3dec9
e7e1cc
e8e3cd
e6e1cc
e6e0c9
e9e3c9
eae4cb
eae4cb
e8e2c9
e5dfc6
e3dec3
e2ddc5
e4dfc9
e4dfca
e2dfcb
e0ddcc
e1dfce
e3e2d2
e6e5d7
e6e9df
e3e5db
dfe2d7
dee1d7
dfe2d8
e2e4da
e4e7dd
e3e3d9
dfe1d7
dcded6
d8dbd1
d7d9cb
d6d6c3
d6d3bc
dbd8be
dfdec2
e0dec4
e0dec7
dfddc7
e1deca
e4e1d0
e6e4d1
e4e2cd
e3e2ce
e4e3d0
e7e6d4
eae9d8
e9ead9
e8e9da
eae9dc
e9e9d6
e6e5cd
e2e0c2
dedbba
dbd6b7
d9d3b4
dbd2b3
ddd4b5
e0d7b7
e2dabc
e5dfc2
e9e2ca
eae4cf
e7e2cf
e2e0cb
e3e0cc
e3e1cd
e5e3ce
e6e4d0
e8e6d1
e9e7d2
ebe9d2
ebe9d2
eae8d1
eae8d1
e9e6cf
e9e6cf
e8e6cf
e8e6cf
e8e6cf
e8e6cf
e8e6cf
e8e6cf
e8e6cf
e8e6cf
eae6ce
ebe5cd
ebe5cc
e9e3cb
e9e3ca
e8e2c9
e6e0c8
e8e1c9
ebe4ca
ebe4ca
ebe4c9
ebe4ca
ece5ca
ebe4ca
ebe4ca
ebe6cb
ebe6cb
ebe6cb
ebe6cb
e8e5c9
e5e3c7
e3e2c6
e7e5c9
e6e3c5
e2dfbe
dbd8b4
d6d4ab
d3d1a4
d3d1a1
d5cea1
d7cba1
d8cba2
dbcda5
dbd0aa
dad4b1
d9d8b6
d9dabb
dfdec2
e3e0c1
e9e1be
f0e2bc
f3e0b4
e6ce9f
d2b888
c3ad79
ab9462
d4bc8c
c0a576
bba16e
bea46c
bca166
c5a875
d3b98a
decca2
e3d6b2
e1dcbb
e4e0c2
e3dfc2
e6e1c1
e7e0bd
dfd3b3
d8c8aa
d4c3a6
d2c1a5
cfc0a3
cdc0a4
d7cfb4
dfd5ba
e7ddc1
ebe0c3
e9dcbf
e4d6b8
e0d3b3
d9c7a3
d7c5a0
d5c39d
d4c29c
d5c39b
d5c49a
d6c599
d2c297
cebf94
cbbc92
c5b68e
c4b58e
cabb95
d7c6a2
e0d0aa
e1d2ab
d9cba6
d5c7a2
d8c9a5
dbcdab
decead
dfcfaf
e8d9ba
ebdcbd
ecddbe
e6d7b8
ddceaf
d6c7a8
d2c3a4
dfd0af
e3d4b3
e5d6b5
e4d4b3
e1d0af
e0cfae
e3d1b1
dbcdad
d9ceaf
e3d9bb
d8ccaf
b3a88e
a3987f
a99e87
aca38b
aeab93
b2af93
b2af8f
a3a07f
848565
66684c
55593f
4f331e
503118
502c12
50290a
4f2707
4c2605
492507
4c2808
502a0c
542d12
55321a
553521
513925
4e3b29
4a3c2b
483a2d
473a2c
473b2e
483c30
483d33
4a3f35
4a4137
484131
645b50
b8aea4
d8cdc4
e1d3c8
e4d7c7
e7dbc6
e4d8c1
e3d7c0
e2d6be
e2d6bd
e2d6bc
e2d6bc
e2d6bd
e6dcbf
e8dec0
e9dec1
eadfc1
ebdec1
eddec2
eddec2
eedec2
efdfc0
eadabc
e3d2b4
dcccad
dacaac
ddccae
dfcfb0
e7d7b7
eedfbe
efe2be
e7dab5
e1d3ac
dfcea7
dbc9a1
dcc79a
cab485
c1a777
caae7e
d2b686
d5bc8d
e1cc9e
e6d1a4
dcc597
d9bf8b
cfb17a
bb9c63
83652c
775b22
bda36c
cbaf7e
c8ad7b
cdb280
cbb17e
d3bb87
cbb47f
b7a16b
a29061
b4a379
d4c3a1
e1d2b8
e2d5bf
eadfc9
ebe1cc
e8ddc4
e5dbc1
e0d6bd
ded4bb
ded3bd
ded3bd
ddd1bc
dbd2bc
dbd4bc
ddd5be
ded6c0
e0d8c1
e2dac3
e3dbc4
e3dbc5
e1d8c4
e4dbc7
e6ddc8
e5dcc8
e3dac6
e3dbc6
e4dbc7
e4dec6
e2dcc4
e1dcc4
e1dbc3
e3ddc5
e4dec6
e4dec6
e4dec3
e3dec2
e4dfc2
e6e1c4
e8e2c6
e8e2c6
e6e2c4
e5dfc4
e4dec7
e4dec8
e3dec8
e0dcc6
dedcc6
e0dfc9
e3e2cc
e7e9d7
e2e4d2
dcdfcd
d9dcca
dbddcb
e2e4d2
e8ead8
e8e6d6
e3e4d5
e0e2d4
dee1d4
dddfcf
dcdac6
dad4bd
dcd8be
e1e0c5
e3e2c8
e6e4cb
e5e3cc
e5e3cc
e6e4cc
e8e6ce
e8e9cd
e7e7cd
e7e7cd
e9e8cf
ebe8d2
eae7d2
e9e5d2
ece5d5
e9e4cf
e5dfc5
dfdbbb
dcd7b3
dad5b0
d8d2af
dcd4b2
e0d8b7
e2dbbe
e5dec5
e6e1ca
e6e1cb
e5e1ca
e4e1ca
e3e1ca
e3e1ca
e4e2cb
e5e3cc
e7e5ce
e8e6d0
eae7d1
ede8d2
ece8d2
ece8d1
ebe6d0
ebe6d0
eae6d0
eae5cf
e6e3ca
e6e3ca
e7e3ca
e7e3ca
e6e2c9
e6e2c9
e6e2c9
e8e3c9
e9e3c9
e8e2c8
e7e1c7
e6e0c7
e6e0c6
e6e0c6
e7e0c6
e8e1c5
e8e1c5
e8e1c5
e8e1c5
e8e1c6
e8e1c5
e8e1c5
e7e6ca
e8e7ca
e8e6ca
e9e4ca
e8e3c8
e7e2c7
e6e1c6
e5e1c5
e2dec1
dfdbbd
dad9b7
d9d9b4
d9dab2
d8dab0
dcd8b0
e0d7b3
e3d8b6
e6d9ba
e5dabd
e4debf
e1debf
dfdfbe
e2dfbd
e3ddb9
e2d6af
e0cea3
dcc695
d5bb87
cfb27d
c2a671
c1a472
d3b786
c0a576
bea674
bca770
bda76d
c6ae7d
d6c094
e4d5af
e9dfbc
e6e0c2
e4dfc1
e1dcbf
dad6b3
d2cca5
d1c5a1
cfc09e
d0bfa1
d6c5a8
dbccb0
ded2b6
e5ddc0
ebe2c4
eee4c6
eadfc1
e3d6b7
dbcead
d7caa8
dac8a4
d8c6a2
d6c49e
d8c69f
dbc9a1
dccba1
dcca9f
d4c499
cebf94
cbbc93
cabb92
ccbd96
d3c49e
dbcaa7
e0d1ac
e0d3ad
dacca8
d7caa7
dccfac
e2d4b3
e6d8b7
e8d9ba
e8d9ba
e8d9ba
e3d4b5
dccdae
d7c8a9
d8c9aa
dacbac
e4d4b4
e4d5b4
e2d3b2
e0d1b0
dfd1af
e1d3b2
e3d7b5
e8dbba
e7daba
eadbbb
e8d7b7
d9c5a5
d2bd9d
d7c1a0
d4c19f
d1c7a0
d2caa1
ceca9b
c4c28f
b1af80
9a966c
88845b
37271e
312014
2d1708
2b1201
2b1301
2a1401
281402
2f1a09
372110
42291a
4a3124
4e392b
4b3c2e
473c2f
463d2f
473d2e
463c2d
463b2e
493d31
4b3e35
4e4138
4d4037
544d3d
a59c90
ded4cb
dcd1c8
ddcfc3
e2d4c5
e2d6c0
eadec5
eadec6
eadec5
e8dcc5
e5d9c3
e3d7c1
e1d5bf
e3dac0
e5ddc0
e7dec1
e6ddc0
e6dbbf
e6d8bd
e4d5bb
e6d8bb
eddebf
eddfbf
ecddbe
e8d9ba
e4d5b6
e3d4b5
e3d4b5
e7d8b7
e4d5b4
e3d4b2
e8d8b6
eee0bb
e8dab5
d8cca6
d8c498
cfb98a
c7ad7b
caaf7a
d3b884
d7bf8d
d5c092
deca9d
e2ca9c
d5bb87
d3b47d
b89960
7f6027
80632a
ae935e
c9ac84
c7aa7f
ccb083
c9ae7e
d0b986
cbb482
b8a26e
a19160
b6a77b
d5c5a3
ddd0b6
ddd2be
e5dcca
e4dccb
e8dec8
e7dcc5
e2d7c0
e0d5be
e0d5bd
dfd4bc
ded3bb
dbd2b9
d9d2b9
dbd4bb
dcd5bc
dfd8bf
e1dac1
e3dcc3
e4dcc4
e4d9c6
e7dbc7
e8dcc8
e7dcc8
e5dac6
e7dbc7
e9deca
e8e1c8
e8e1c7
e8e1c8
e7e0c6
e6dfc6
e6e0c6
e8e1c8
e7e1c7
e4dec6
e3ddc5
e5dfc6
e7e1c9
e8e2ca
e6e1c7
e4ddc7
e5dcca
e6decc
e7e0cc
e5dfcb
e3dfca
e3e1cb
e4e2cb
dbddc5
dfe1ca
e2e4cc
e1e3cc
dfe1ca
dfe1ca
e1e2cb
e3e2cc
e3e2cf
e2e4d2
e2e5d5
e2e3d2
e4e0cd
e5dec7
e3dec6
e3e1c8
e5e3ca
e6e5ca
e6e5ca
e7e5ca
e9e7cc
eaeace
e8eace
e8e8cd
e9e8cf
ebe8d1
eee7d3
ede6d3
ede5d2
ece0d0
e8ddc7
e4d9bd
dfd6b5
dcd5af
dcd6af
ddd6b1
e0dab6
e3debc
e6dfc5
e8e2cd
e9e4d1
e8e6d1
e7e6ce
e9e7ce
eae8d0
e8e6ce
e7e5cd
e7e5cd
e7e5cd
e8e6cd
e8e5cd
e8e2cc
e8e2cc
e8e2cc
e8e2cc
e8e2cc
e8e2cc
e8e2cd
e8e3c9
e8e3c9
e7e2c8
e7e2c8
e6e1c7
e6e1c7
e6e0c7
e7e2c7
e7e2c6
e6e0c4
e5dfc3
e4dfc3
e4dfc3
e6e1c5
e4dfc3
e2dabd
e2dbbe
e4ddc0
e5dec2
e6dfc3
e8e1c4
e8e1c4
e6e3c4
e7e2c3
e8e3c4
eae4c4
ebe2c5
ebe1c4
ece0c4
e9e1c5
e7dfc4
e4dec3
e6e0c5
e7e3c9
e7e5cb
e6e4cb
e3e5c8
e4e6c7
eae5cc
efe4cf
f1e4ce
eee4c8
eae3c1
eae2bb
ebdcaf
e6d5a7
decb9c
d4bd8c
ccb17e
c6a973
c5a870
ba9a63
ccab78
d9ba8a
cfb485
c7b17f
b6a46d
b8a86d
c7b384
d7c49b
e5d7b3
e3dcba
dad5b8
d4cfb1
cfcaac
cec9a3
d2cda0
d9cea6
e0d0ad
e4d3b3
e7d6ba
eadac0
eadec3
e7e0c1
ebe2c3
ebe1c1
e4d9b9
dcd0ae
dacdaa
dbceab
e1cfab
dbc9a4
d4c29c
d4c29b
dac8a0
e0cea5
e1cfa4
e5d5aa
e3d4a9
dbcca3
d7c9a0
d9caa4
decfa9
e1d1ad
dfd0ac
daceaa
dccfac
ddd0ae
e0d3b1
e4d7b7
e8dbbb
eadcbe
dfd0b1
dccdae
d7c8a9
d6c7a8
d9cbab
decfb0
e1d2b3
eadab9
eadab9
e9dab9
e9dbb9
e8debb
e9e0bd
e9e2bd
ebdfbc
e4d4b2
e0d0ae
e2cfae
dac5a4
d9c4a3
e5cdad
e9d2af
e9d8a9
e6d9a7
ddd69e
d3d096
c9c58e
b8af7d
a79b6c
26201f
1d1613
150b06
110502
110601
110900
100b01
1b1209
261d14
352822
42342f
483d36
473f36
433f33
454032
483e31
463d30
483d31
493d32
4b3f35
4d4036
52463c
7f786a
ded6ca
d9cfc4
d3c8be
d2c4b8
d4c7b7
ddd1bd
dbceb8
dbceb8
ddd1b9
e1d5bf
e4d8c2
e7dac6
e8dbc6
e4dbc1
e5ddc1
eae1c5
eee3c7
eee1c6
e8dbc0
e2d3b9
dcceb2
dbccad
e0d1b2
e4d5b6
e7d8b9
e7d8b9
e6d7b8
e5d6b7
e9dab9
ecddbb
edddba
e6d7b4
e0d2af
dfd3b1
e3d8b6
e7d3a9
d8c194
c6ab7b
c4a974
d2b782
dcc493
dac597
e3cea2
e4ce9f
cfb581
d0b27a
b19158
785921
785b24
987b49
d1b28d
cbad86
c7aa83
bea178
c5ac7f
c0a779
af9867
a1905f
baab7f
d9caa7
e1d3ba
dfd2be
e3d9c7
e2d9c7
e8dfca
e8dec7
e3d9c3
e1d6c0
dfd6bd
dfd5bd
ddd4bb
dbd2b8
d9d2b9
dbd3ba
ddd6bc
dfd8be
e1dac0
e2dbc2
e3dbc2
e2d7c3
e2d8c4
e3d9c5
e2d8c4
e2d8c4
e4d9c5
e6dcc7
e4ddc5
e5dec5
e5dec5
e3dcc3
e2dbc2
e3dbc3
e4ddc4
e7e0c9
e5dfc9
e3ddc6
e2dcc6
e2dcc6
e1dbc6
ddd7c2
ddd5c2
e0d7c7
e4dbca
e7dfcd
e6e0cd
e5e0cc
e3dfcc
e1dfcb
dadac2
ddddc5
dfe0c7
dfdfc6
dddec5
dedec5
e0e1c7
e1e0c7
e2e1c9
e1e3cb
dee0ca
dcdcc6
dedbc3
e2ddc3
e3dfc5
e2e0c7
e2e0c7
e0dfc4
e0dfc3
e2e1c4
e6e5c8
e7e7cb
e3e5cb
e3e3c9
e3e2ca
e9e5ce
ece6d1
ece4d0
ebe3ce
ebdec9
e7dbc2
e1d7b9
ded5b2
ddd5b0
e0d8b2
e3dbb7
e1dab8
e1dbbd
e4dec6
e8e2cf
ebe5d2
ebe8d4
ece8d0
ece9cf
eae8cf
eae8cf
eae8cf
ebe9d0
ecead0
ecead1
ecead1
ede8d1
ece7d0
ece6d0
eee9d2
efe9d2
efead3
eee9d2
eae5cb
eae5cb
eae4cb
e9e4ca
e9e3c9
e7e2c8
e7e1c7
e7e2c7
e7e1c5
e5e0c4
e3dec2
e3dec2
e4dfc2
e6e1c4
e4dfc2
e1d9bd
e0dabd
e0dabd
dfd8bb
ded8bb
ded8bb
ded8bb
dedcb9
e0ddbb
e4debd
e8debf
eadebe
ecddbd
ecdcbc
efdfc2
ecdec4
ecdec7
ede1cd
eee6d6
efe8d9
ebe6d8
e8e9d5
e8ebd4
ecead5
f0e9d5
f3e9d0
f3e5c6
efe0ba
eddcae
ebd49f
e3cb96
dbc18a
d3b77f
c8ac73
c2a56c
b89b62
a28248
c6a771
d5b785
d3ba8a
c7b080
b3a16e
baaa74
d1bf93
dacba4
e0d2b0
dbd3b4
d8d2b4
dbd6b8
dfdbbc
e3deb8
e4deb1
e1d6af
ddcfab
dacbaa
ddcdb0
e2d3b8
e7dbbf
ebe5c6
eae1c1
e5dbba
ded3b2
d9cdab
d9cca9
daceab
decda9
dccba7
dccba5
e3d1aa
ebd9b1
eedbb2
ecdaae
e5d4a9
dccca1
d4c39a
d0c097
d4c49d
d9caa3
dccba7
dacba6
d9cca8
e0d2af
e5d8b6
e7daba
e8daba
e8dabc
e8dabd
decfb0
dbcbac
d9caab
deceb0
e5d6b7
e9dabb
ebdbbc
eddfc0
eddfbe
ecdebe
ebdebc
e7ddba
e3d9b6
ded5b2
e2d5b1
dfceab
dbcaa8
dccaa9
d5c3a2
d8c5a2
e9d3b1
f4deb9
f7e4b2
f0e1ac
e7dba0
dcd496
d4ca8f
c4b581
af9f6e
201f25
141419
0a0b0d
060708
040504
040602
090a05
15160e
1f201a
2d2d2b
3b3738
413c3c
433e39
423e32
474035
453934
463c34
493f36
463d33
4a4034
4a4034
696054
bbb4a9
eae1d6
ded4c7
e0d6c7
d3c6b8
d4c7b7
d9ccbc
ddd0be
dacdba
d8ccb6
d9cdb7
dcd0b8
ded2b8
ddd1b6
dad0b2
dcd2b3
e1d6b8
eaddc0
f0e2c5
f1e2c4
eedec2
e9d8bb
e0d2b2
dbccad
d6c7a8
d8c9aa
dccdae
decfb0
e0d1b1
e7d8b7
e7dab6
efe1bc
f2e4bf
eadbb8
e1d1b4
e1d0b7
e9d3af
dfc8a0
d1b68b
c9ac7d
ceb283
d7be8f
dac597
dbc79c
e2cea2
e3cb96
cdae76
a18146
76551f
634312
836238
cead87
cdac87
c8a886
c5a784
ccaf89
c1a57a
af9767
a08d5c
bfac81
dccaa5
e5d3b8
e2d4bd
e1d6c1
e6dbc7
e9e0ca
e7e0c8
e4dcc5
e0d8c1
ddd6bf
dbd3bd
dbd3bd
dbd3bc
dcd3bd
dcd4bd
ddd5be
ded6c0
dfd7c0
e0d8c1
e0d8c1
dfd7c2
dfd7c2
dfd7c2
e0d8c3
e1dac4
e1d9c4
e1d9c4
e6dec9
e5ddc9
e4dcc8
e4dcc7
e4dcc7
e5dcc8
e5ddc8
e6e0c8
e7e1c7
e8e2ca
e8e2cc
e7e1cb
e5decb
e3dcca
e2dac8
e1d9c4
e1dac6
e3dcc9
e2dcca
e0dbc9
dcd9c9
dad8c8
d6d7c6
d5d7c5
d5d7c3
d5d7c2
d6d8c2
d7d9c2
d8dac2
ddddc3
dedec2
dcddbf
d7d8b9
d5d6b5
d5d6b5
d8dab8
dfdec1
e1dfc7
e2e0c7
e4e2c9
e4e2c9
e3e1c8
e3e1c8
e3e2c9
e5e5ce
e1e1c8
e1e0c7
e7e4c9
eae6cb
e9e4c7
e5e0c2
e3ddba
e0dab8
ddd7b5
dcd6b4
ddd7b6
e1dbb9
e5dfbd
e5dec2
e6dec7
eae2cf
eee4d4
efe6d5
f0e8d4
f0e8d0
eee9cf
ebe9d1
ebe9d0
eae8cf
ebe9d0
ebe9d0
ecead1
ece9d0
ebe7ce
e8e4cb
e7e4ca
eae6cd
ece8cf
ebe7ce
e8e4cb
eae6cd
e9e6cd
e9e6cd
e9e5cc
e8e4cb
e7e3ca
e5e1c8
e8e2ca
e8e2ca
e7e1c8
e6e0c6
e5e0c4
e6e1c4
e7e2c4
e6e1c3
e4dfc2
e3dec0
e1dcbe
ddd8bb
dcd7ba
dcd7b9
dbd6b9
d6d8b4
dbd9b9
e0dbbd
e5dcc0
e9ddbe
ebdbba
ebdbb5
ecdcb9
ebdabe
e9dac3
eadbcb
ebe0d2
ece2d5
eae3d4
ece3d0
ece3cd
eae4c8
e8e3c2
e6dfb7
e5d8a9
e3ce9d
dfc792
dbc188
d7b97e
d2b173
d0ac6c
c9a667
c9a96b
ad8e53
826a28
c4ab6d
d2b983
c9b282
bda67a
bca77b
c8b486
d1bf99
d6c6a5
decfb0
e6d8bd
e6ddc2
e4dec1
dfdcbd
dcd6b4
d9cfaa
d4caa7
d2c8a6
d7ccac
e1d6b6
e9dec0
ede3c5
ece5c7
e3dabb
ddd3b3
dcd1b1
dfd2b1
dfd1af
dacdab
ddcda9
dfcfab
e2d2ac
e8d6b0
ead7af
e7d3aa
e3cda4
d7c298
d1bb90
cdba8f
cfbc92
d3c199
d5c69e
d6c8a0
dacba5
e2d4b0
e4d6b3
e6d8b6
e7d8b7
e5d6b7
e2d3b4
e0d1b2
e1d1b3
dfcfb1
dfcfb1
e4d4b6
e9d9bb
ebdcbd
ebdbbd
e1d7ba
ded3b6
dbd0b2
d9ccac
d8caaa
d9caa9
dbcbaa
decca9
decaa9
dcccab
e1d1b0
e3d3b1
e0cda5
e1c99e
e5ce9e
e7d5a2
e9d49c
ebd496
e0c685
d0b87a
bda76f
a28e5c
202024
151517
0b0b0c
070707
050504
060604
0b0c08
171611
211f1a
2e2b28
3a3634
403b38
423d36
433c32
463e35
463b35
473c34
473d34
483e34
4a4034
544a3e
877e72
ddd5c9
eee6d9
e1d8cb
e7ddcd
dccfbf
daccbc
ded1c0
e4d7c5
e2d5c2
dfd3bd
ded2bc
e0d4bc
e2d6bd
e2d5bc
e0d6b9
dfd5b6
ded3b5
e1d4b7
e5d7ba
ecddc0
efdfc2
f1e0c3
efe0c1
e8d9ba
dfd0b1
d7c8a9
d4c5a6
d7c8a9
dbccac
e2d4b2
e5d7b4
e7d9b4
ecdeb9
f1e2bf
eedfc0
e4d4ba
e5d0ad
eed6b0
e1c89d
c5aa7d
c6ab7c
d9c194
dac499
d3c095
e8d4a7
f1d9a5
d6b980
ab8c51
71521b
4f3103
6e5024
c2a17a
c6a681
c8a985
cfb18d
ceb18a
c2a77a
baa271
a18f5d
beab81
dac8a4
e2d1b6
e1d3bd
e3d8c3
e7dcc8
e9e0ca
e7dfc8
e4dcc5
e1d9c2
dfd7c0
ded6bf
ddd5be
ddd5be
dcd4bd
ddd5be
ddd5be
ded6bf
dfd7c0
dfd7c0
dfd7c0
ded6c0
dfd7c0
dfd7c0
e0d8c1
e0d8c1
e0d8c2
e0d8c2
e4dcc5
e4dcc5
e3dbc4
e3dbc4
e3dbc4
e4dcc5
e5ddc6
e2dbc2
e0dbc0
e4dec3
e7e1c9
e9e3cd
ebe5cf
ece5d1
ede5d3
ebe2d2
e6dece
e2dbcb
e1dacc
e3ddcf
e6e2d6
e8e5d9
e3e3d6
e3e4d6
e4e4d6
e4e5d5
e2e3d2
e0e1ce
dedfcb
dfdec9
dddcc8
dcdcc4
ddddc5
dedec4
dedec3
dcdcc0
dddbc1
dedcc3
e0dec5
e1dfc6
e2e0c7
e3e1c8
e3e1c8
e3e2c9
e2e2cb
e1e1c8
e2e1c8
e7e4ca
e9e5ca
e6e2c5
e1dcbf
ddd7b5
ddd7b5
ded8b6
e0dab8
e2dcba
e4debc
e5dfbe
e9e2c5
ebe4cb
eee6d1
f0e8d5
f1e9d6
f1e9d4
f1e9d0
f0eace
ebe8cd
e7e3c8
e5e1c6
e7e3c9
eae6cc
eae6cc
e9e4c9
e6e0c6
e5dfc5
e5dfc5
e6e0c7
e7e1c7
e6e0c6
e3ddc4
e7e2c8
e7e1c7
e7e1c7
e7e1c7
e8e2c8
eae4ca
eae4ca
ebe4cb
ebe4cb
ece5cb
ece5c9
ebe4c8
eae4c6
e9e2c5
e8e2c4
e8e2c4
e6dfc2
e4ddc0
e2dcbe
e1dbbd
e1dbbd
e0dabb
ded7b5
dfd6b8
e0d7ba
e1d8bc
e3dabc
e5ddb9
e6e0b6
e7e3bd
e5e1bf
e4dfc2
e6dec7
e9e0cb
ebdfca
e9dec8
e6dabc
e3d5b0
dfd1a6
d7ca98
d1c08a
ceb97e
ceb377
cdaf71
caaa6a
caa663
cba55f
d0a861
cea65f
caa45d
a88440
735716
c5aa6f
d9bf8a
c7af81
bba57a
c0ac82
c9b68c
d7c6a2
e0d1b1
e9dabd
eadec4
e5dbc2
dbd3b7
d4ceb0
d1c9a8
cfc5a1
d1c7a4
dacfaf
e6dcbd
efe4c7
eee4c7
e9dfc3
e5ddc0
e2d9ba
dfd5b6
e1d6b6
e6dab9
e8dbb9
e6d9b7
e3d3b0
e6d6b2
e8d9b2
e6d3ad
dbc8a0
d1bc94
c9b38a
c7b187
c9b489
cdba8f
d2bf95
d5c39b
d8c9a0
ddcea7
e2d3ad
e6d8b4
e5d7b4
e5d6b5
e4d5b4
e3d4b5
e2d3b4
e2d3b4
e3d5b6
e4d5b6
e5d6b7
e7d9b9
e7d9ba
e6d8b9
e4d6b6
d9cfb2
d9ceb0
dacfb1
ded1b1
e0d2b2
e3d4b3
e4d5b3
e9d7b6
ebd8b7
eadbba
ecdebd
e9dbb9
e4d2ab
dfca9f
d8bf91
c1a873
caad73
d7b876
d1b06b
bf9c5b
ab8c4e
997a42
212121
151515
0a0a0a
060606
060606
080808
0d0d0d
1a1615
24201d
2f2a27
3a3530
413a35
443b36
433b35
473c36
493e38
493f37
453b32
473d33
473d31
5c5246
a49b8e
e5decf
e4dccd
e1d8c8
ede3d2
e9dccb
e6d9c6
e8dbc9
e5d8c5
e3d6c3
e1d5bf
dfd3bd
dfd3bb
e1d5bd
e4d8be
e3d9bc
e1d7b8
ded3b5
ded0b3
e0d2b5
e3d4b7
e5d5b8
e9d8bb
f1e2c3
f2e3c4
f0e1c2
e7d8b9
decfb0
dacbac
dacbac
dfd0af
e8dab6
e8dab5
e6d8b3
eddebb
eedfc1
e5d6bc
e5d3b0
eed8b2
ead1a8
d6bd90
cab083
ceb78b
d3c094
dacb9e
e0cea0
d9c38f
dbc187
d6b97d
967841
492d04
492c0d
aa895f
d1b18b
c8a984
c2a47e
c3a77d
c7ac7d
c2ab78
a59361
beab81
d8c6a2
e0d0b4
e2d4be
e3d8c3
e8ddc9
e8e0c9
e7dec8
e4dcc5
e1d9c2
e0d8c1
dfd7c0
e0d8c1
dfd7c0
ddd5be
ddd5be
ddd5be
ddd5be
ddd5be
ddd5be
ddd5be
dfd8bf
e0d8c0
e0d8c0
e1d9c1
e1d9c1
e1dac1
e1dac1
e2dac2
e1dac1
e1d9c1
e1d9c1
e1dac1
e3dbc3
e4dcc4
e3ddc2
e2ddc0
e2dcc0
e3ddc4
e3ddc4
e3ddc6
e3ddc7
e6dfcb
eae1d2
e5ddcd
e0d8c9
ddd7c9
ded8cb
dfdbcf
e1ddd2
e6e2da
e8e4d9
eae7db
eae7db
e9e6d9
e7e4d6
e5e2d2
deddcb
dcdbca
dddcc9
e3e2ce
e8e7d3
eae9d3
e7e6cf
e2e1c8
e0dec5
e1dfc6
e1dfc6
e1dfc6
e1dfc6
e0dec5
e0dfc6
e2e2ca
e2e3ca
e4e3ca
e8e5ca
e7e3c8
e3dfc2
dfdabd
ded8b8
e1dbbb
e5dfbf
e9e3c3
ebe5c5
ece6c6
ebe5c5
ebe4c7
ece5ca
ede5cf
ede5d1
ede6d1
ede5ce
ece5c9
e9e3c7
e4dfc3
e4dfc3
e6e2c5
ebe6ca
ece8cc
eae6ca
e6e1c5
e5dec3
e6e0c4
e8e1c6
e8e1c6
e6dfc4
e4ddc2
e3dcc1
e4ddc2
e4ddc2
e4dec3
e5dfc4
e8e2c7
ebe5ca
ede7cc
ede5cb
eee5cb
efe6cb
efe7ca
eee6c9
ece4c6
eae2c2
e9e1c1
eae2c3
e8e0c1
e6dfbf
e5debe
e5ddbe
e5debe
e5ddbd
e4d5b6
e2d3b7
dfd3b7
dcd4b8
dcd7b7
dfdcb6
e0dfb4
e1e4bb
e0e2bc
dfdfbc
e2ddbe
e5dcbe
e7daba
e7d9b7
e4d3a8
dac693
cdb77e
c2aa69
c0a660
c3a55f
c5a45e
c6a35f
cba660
c7a056
ca9f51
d1a455
d2a556
cea357
ab8237
694b09
c5a86c
dabe89
c2a87c
b8a27a
c5b38c
d0bf99
dfd1b0
e4d5b9
e1d4bb
e0d4bd
ded3bb
d7ceb2
cec7a7
cdc6a4
d2cba8
d9d2b0
e1d9ba
e7dfc0
ebe3c6
ebe3c7
e9e2c6
e1dabc
e4dbbc
e5dbbc
e7dcbc
e8dbba
e5d7b5
e0d3b1
dccca9
ddcda9
dacaa3
d3c19b
cbb890
c7b38a
c8b289
ccb78d
d4bf94
d9c59a
ddcaa0
decca4
dfd0a7
e5d5ae
e8dab3
e9dbb7
e9dbb8
e7d9b7
e4d5b4
ddceaf
d7c8a9
d3c4a5
d6c9a9
dacdad
dfd2b2
e4d7b7
e6d9b9
e4d7b7
e3d6b6
e4dbbe
e7dcbe
eadfc1
ede0c0
efe1c1
eedfbe
eedfbd
f0dfbe
eedebd
e8dabc
e3d6b8
e1d3b1
e3d2ae
e9d5ac
dec598
a88852
926f34
946c29
996f28
976b27
956a29
92672b
22231e
151513
0a0a09
060606
060607
08080a
0e0e12
1c181b
272121
322c28
3c352d
433932
453b35
463b38
443935
443933
493f37
463c33
4b4137
4a4034
6b6155
c4baae
ded7c7
ddd5c3
e2d9c7
e8decc
e7dbc8
e8dbc8
e6dac5
eaddc9
ebdecb
ebdfc9
e9ddc7
e6dac2
e6dac1
e8dcc2
e8dec1
e6dcbd
e4d9bb
e5d7ba
e6d8bb
e4d5b8
e1d2b4
e0d0b3
e5d6b7
ecddbe
f1e2c3
f1e2c3
ebdcbd
e3d4b5
dfd0b1
dbccab
e0d2af
e3d5b0
e5d7b2
e8dab7
ebdcbe
eadac0
e9d7b7
e6d1ad
e8d1a8
e6cfa3
d1ba8e
c2ad82
cfbc94
d8c99f
d7c798
d4bf8a
d0b77c
dbbf83
d3b87f
846939
3b1e01
77562d
d0b088
caab85
bfa27a
bea276
c8ae7e
bea773
a99766
c1ae83
d7c5a1
dfceb3
e0d2bc
e3d7c3
e5dac7
e6ddc7
e4dcc5
e2dac3
e0d8c1
dfd7c0
dfd7c0
e1d9c2
e0d8c1
ded6bf
ddd5be
ddd5be
dcd4bd
dbd3bc
dbd3bc
dbd4bc
ded7bc
dfd8bd
dfd8bd
e0d9be
e0d9bf
e0d9be
e1dabf
dfd8be
dfd8be
dfd8bd
dfd8bd
e0d9be
e1dac0
e3dbc1
e4dec1
e3dec0
e2ddc0
e2ddc0
e2dcc1
e2dcc4
e3ddc6
e4ddc7
e5ddc7
e3dcc8
e2dbc8
dfd9c7
ddd7c7
dad7c6
d9d6c6
e0dcd0
e1dcd1
e2ded1
e3dfd0
e3e0cf
e1ddcc
e0dcca
dbd9c7
dbdac8
dcdbc8
e0dfca
e2e1cc
e3e3cb
e1e1c9
e3e2c9
e5e3ca
e5e3ca
e5e3ca
e3e1c8
e2e0c7
e1dfc6
e1dfc6
e5e5cd
e5e6cd
e7e6cc
e7e4ca
e5e1c6
e2ddc1
e0dbbe
e4ddc0
e6dfc2
eae3c6
ede6c9
eee7ca
ede7c9
ede6c8
f0e9cc
f0e9cd
eee7cd
ebe3ce
e9e1ca
e5dec4
e3dcbf
dfd9bc
ded9bc
e4dfc2
eae5c7
ece7c9
eae4c7
e6e1c4
e4dec1
e3d9be
e6ddc1
e8dfc3
e7dec2
e4dabf
e2d8bd
e1d8bc
e2d8bd
e3d9be
e6dcc1
eae0c5
ece2c7
eee4c9
eee4c9
ede3c8
ede1c7
ede2c6
ede2c5
ebe0c2
eadfbf
e9debe
e8ddbd
e9debe
e7dcbc
e7dcbc
e7dcbc
e7dcbc
e8ddbd
e8ddbd
e4d6b7
e1d4b7
ddd3b6
dad2b5
d9d3b3
dad7b1
dbdaaf
dbdab0
dad8b1
dbd5b1
ded5b1
e2d4b0
e3d4ab
e4d3a5
decc9a
d4c087
c8af6f
bfa05a
bd9b51
bd9b51
bf9d56
c09d58
c6a256
c39c4e
c59a48
cc9e4b
cea14e
cea452
b08837
6e4d0b
c4a468
d7ba85
c4aa7f
bfa985
cbbc99
d7c9a5
d6caad
d7cbb3
ddd1bb
e1d5c0
e2d6bf
dcd1b5
d3c8a9
d0c7a6
d8d2b1
e7e1c1
f0eacc
efe8cb
e9e2c6
e6dfc4
e4ddc3
dbd4b6
ded5b6
e0d6b6
ded3b3
dacead
d5c7a5
d1c4a1
d3c39f
d2c29e
d1c19a
d1bf99
d4c199
dcc8a0
e4cea5
e8d3a8
e9d4a9
e8d4a9
e6d3a9
e3d1a9
e0d1a8
e1d2ab
e1d3ac
e0d2ae
dacca9
d4c5a3
d0c1a0
d1c2a2
d4c5a6
d6c7a8
dad0b0
e0d4b4
e6dbbb
e9debe
eadfbf
ebdfbf
ece0c0
e6ddc0
e7dcbe
e7dcbe
e9dcbc
e7d9b9
e5d6b5
e4d5b3
dfcfaf
ddceb0
ded0b4
daceb1
dacead
dfd0ad
e2cfa7
e0c99d
bf9e6b
7f5a20
6d4302
7a4a05
81500b
895715
8e5d1f
22231d
151612
0a0a08
060605
050507
09090c
100f15
201b20
2a2224
352d28
3e362c
433a31
463b36
483d3c
453a38
483d37
4e443c
4b4138
52483e
4d4337
73695d
d6ccbf
d2cbb9
d6cfbb
dbd3c0
d4cab6
d7cab6
e1d5bf
dfd3bd
ddd0bc
e1d4c1
e6dac4
e8dcc6
e7dac2
e7dbc2
e9ddc3
ebe0c3
eae0c1
eadfc0
eddfc2
efe1c4
efdfc3
edddc0
e9d8bb
e1d2b3
e3d4b5
e7d8b9
eddebf
f1e2c3
f0e1c2
eedebe
e3d4b3
d9cca8
dbcda8
e5d7b2
e8dab7
e5d6b7
e4d4ba
e7d7b6
e4d2ae
e6d0a9
e4cda3
d1ba90
c3b084
d0bf96
dacda2
d8c99a
ddca93
cdb67b
b99f62
ceb47b
b39966
5c4117
5f3e1d
c2a177
c0a27b
bfa279
b5996c
bea472
bca56f
ae9c6a
c4b187
d7c5a1
ddcdb1
dfd1ba
e2d6c2
e4d8c5
e3dbc4
e2dac3
e0d8c1
ded6bf
ded6bf
dfd6bf
e0d8c1
e0d8c1
ded6bf
ded6bf
ddd5be
dcd4bd
dbd3bc
dad2bb
dad2bb
dbd4b8
dbd4b8
dbd4b8
dcd5b9
dcd5b9
ddd6ba
ddd6ba
ddd6ba
ddd6ba
ddd6ba
ded7bb
dfd8bc
e0dabd
e2dbbf
e1dcbe
e0dbbe
e0dbbd
e0dbbe
e1ddc0
e4dec4
e6e0c8
e6e0c6
e5dec3
e6dfc4
e7e1c7
e6e1c9
e5e1ca
e3e1cb
e3e1cb
e6e0d1
e5dfce
e3ddcc
e1dcca
e1dcc7
dfdac5
dfdbc4
dcdac6
deddc9
e1e1cb
e2e2ca
e2e2c9
e4e4c9
e8e8cd
e8e7cd
e7e5cc
e7e5cc
e8e6cd
e7e5cc
e7e5cc
e6e4cb
e6e4cb
e8e8d0
e8e8cf
e7e6cd
e6e3c9
e4e0c5
e4dfc2
e4dfc1
e6dfc3
e7e0c3
e9e2c6
eae3c7
eae3c7
e9e2c5
e7e0c4
e8e1c2
e7e0c3
e6dec5
e4dcc5
e2dac3
e1dac0
e2dabd
ded8b9
dfd8bc
e8e1c4
eae3c6
e5dec1
dfd8bb
e0d9bc
e2dabd
e1d8bb
e7dec1
e9e0c3
e7dec1
e3d9bd
e0d7ba
e0d7ba
ded5b8
e1d8bb
e7dec1
ece3c5
ede4c7
ede4c6
ebe2c5
ece1c4
ebe0c3
e8ddc1
e6dbbd
e4d9ba
e4d9b9
e4d9b7
e5dab8
e5daba
e4d9b9
e5d9b9
e5daba
e6dbbb
e7dcbc
e7dcbc
e0d8b7
dfd7b8
ddd4b7
dbd2b5
d9d1b2
d8d2ad
d8d3aa
d6cda5
d5c9a5
d7c8a6
d9c9a6
ddcda4
decf9e
dfce97
dbcb96
dbc991
dec483
d6b56e
c7a358
bc9750
bb9859
bf9d5d
c4a354
c7a152
c9a04d
ca9f4b
c69c48
c69e4b
a98333
6e4b09
bb9a5e
cfb17d
c8af84
c6b28e
cbba99
cfc2a0
d6ccb0
e0d5bf
e7ddc9
e4d7c5
d9cdb7
d4c7ad
d8cbab
e0d7b5
e6e2c2
e9e4c5
e9e4c6
e6e2c4
e1dbc0
ddd7bd
dbd5ba
dad3b6
dad1b1
d6ccad
d2c7a7
d0c4a3
d1c4a2
d3c6a4
dfcfab
e0d0ac
e3d4ad
ebd8b2
f0deb6
f3deb6
f2dcb3
e8d3a9
e1cca0
dbc79c
d8c59b
d9c79f
d7c99f
d7c8a1
d4c59f
cfc29e
d0c29f
d1c3a1
d6c7a6
dfd0b1
e8d9ba
eddebf
e9e0c0
ede3c3
eee4c3
eae0bf
e5dbbb
e2d8b7
e2d8b7
e1d8bb
e2d7b9
e2d7b9
e4d6b6
e3d5b5
e3d4b2
e2d2b0
e2d1b1
e4d5b8
e4d7bb
ddd4b7
ddd1b2
e3d5b1
e4d2ac
e8d2a7
dab989
89652e
754a0a
7f4f0b
7a4804
764302
784508
202122
141517
0a0b0d
06070a
040509
08090d
101115
1e1d22
29252a
353032
413838
463c39
4a3c3a
4c3c3a
4c3d3a
4b403a
4e433d
473d34
4c4239
5b5147
857b70
d4cbbf
d2cebe
d3cebe
d6d0c0
d6cdbc
d7ccbb
dacfbc
dacebc
dccab8
dccbb9
dbccb7
d9cdb7
d8cfb6
d9d1b6
dad3b7
dcd5ba
ded5b9
dfd5b9
e2d6ba
e6dabe
ecdec1
f0e2c3
f0e3c3
efe1c1
ecdebf
e5d8b8
e0d3b3
e2d4b4
e9dcbc
f0e2c2
f2e3be
ebdbb8
e4d6b3
e0d4b2
ded3b3
ddd3b6
ddd5b8
e1d4b2
e7d8b2
efd9b0
ebd1a5
d9c094
cdb78c
d2be95
d2c39b
d1c398
ddc999
d5be88
b9a066
b1995c
a89355
816932
6c4b25
b3946a
bea275
ba9e6f
b19763
ad965e
b6a068
a99965
c5b489
d3c3a4
d7c6b3
dccebe
dfd3c1
e3dac2
e3ddc4
e3ddc5
e3dcc5
e2dcc4
e1dac3
ded8c0
dcd6be
ddd6bf
ddd7bf
dcd6be
dad4bc
d8d2ba
d7d1b9
d6d0b8
d6cfb8
d8d0b6
d8d0b6
d8d1b7
d9d1b7
d9d2b7
dad2b8
dad3b8
ded5b8
ded5b9
dfd7ba
e0d8bb
e1d9bc
e1d9bc
e1d9bc
e0d9ba
e0daba
e2dcbc
e2dcbc
e2dcbc
e2dcbd
e3ddbf
e6e1c2
e7e2c4
e6e1c3
e4dfc2
e3dfc1
e4e0c2
e5e0c3
e5e1c3
e2dfbf
e1debd
e0ddbc
dfdcbc
dfdcbb
e0dcbc
e0ddbc
deddbf
e2e1c3
e6e5c8
eae9cc
ecebcd
ebeacb
eaeaca
e4e3c7
e1dfc6
e3e1c8
e5e3ca
e7e5cc
e9e8cf
ebe9d0
ebe9d1
e9e8d2
e8e6d0
e5e3cb
e2ddc6
e1dbc4
e2ddc5
e7e0c9
e7e0c5
e8e1c6
e8e1c7
e4ddc3
e0d9bf
e0d8be
e2dac1
ddd8b7
dcd8b5
ddd9b7
dfdab9
dfdab9
ddd8b7
dbd7b5
dcd6b4
e0d8b7
e5ddbd
e7debe
e4dbbb
e0d8b8
e1d8b8
e3daba
e1d8bb
e2d9ba
e2dab8
e2dab7
e1d8b8
e1d7bb
e0d5be
e0d8c0
e2dac2
e7e0c6
eae3c8
ebe4c7
e9e2c5
e7e1c3
e9dec6
e7dcc4
e3d8bf
dfd5bb
ddd3b7
ded4b8
e0d6b8
e1d8b9
e2d8b7
e3d8b8
e4d8b8
e4d7b7
e4d6b7
e4d6b6
e4d4b6
e5d7bb
e3d8bb
ded3b4
dacfaf
ddceac
decca8
dcc6a1
d9be9d
d5bb96
d1ba92
d2be8e
d4c391
d3c692
d1c590
d2c48f
dece99
e9d9a7
e5d6a5
dac592
ceb57c
c3a565
bd9e56
c2a14f
c19d48
c9a24b
cda34b
cba249
c29a44
a9832f
654605
ab8d4d
c8a972
c7ab7e
bea781
cdbc9d
d4c7ab
d9ceba
e2d7c5
e3d8c4
d9ceb9
d2c7af
d6ccb1
ded4b8
e5dfbd
e9e8c0
e6e3c0
e2dfc1
e1ddc2
e1dcc2
e1ddc0
e1ddbe
dcd4b5
d9d0b0
d4caaa
d5c9a8
dcceac
e4d6b3
eadcb9
f5e1be
f7e2bd
f5e0bb
efdab3
e6d1a9
dec99f
dac49b
cebb92
c7b58c
c6b48b
cab890
d2c098
d8c79f
dbc9a2
dfcda6
e6d5b0
e7d8b5
eadbb9
eadbbc
e9dbbd
e6d8bd
e4d7ba
dfd6b5
e2d9b8
e3dab9
e2d9b8
e1d8b7
e1d8b7
e3dab9
e5daba
e4d9bb
e0d9b9
dfd8b9
dfdabb
e1dabb
e3d9bc
e6dcbf
e7dec4
e6e0c6
e1dcc2
dcd6bb
dcd4b6
e0d5b1
e9d8b2
f3d1a3
c09960
875715
864c05
90510a
7f3e02
783600
1f2022
141517
0a0b0d
060709
040507
08090b
101113
1e1d1f
292626
363130
423b38
493e3a
4c3f39
4e3e37
483c33
4b4339
4c4339
4b4237
494134
6d6557
c4bcac
d4ccbc
e3ddcb
e1dbc9
e1dac7
e3d8c6
e4d8c5
e5d7c4
e5d7c3
e9d6c5
e8d5c4
e5d3bf
e0d1bc
ddd1b9
dbd1b7
dad0b6
ded7b9
e0d8ba
ded5b7
ded4b3
dfd4b4
e5d8b7
e9dcb9
ebdebd
efe2c2
eee1c1
e9dcbc
e2d5b5
dfd2b2
e2d5b5
e6d9b9
ecdcb8
f1e1bd
f1e3c0
e9dcbb
ded3b2
dad0b0
dad1b2
dfd2af
e2d2ae
edd8af
f3dbaf
e4cca0
d1ba90
cbb68e
d2c098
d9c89a
dcc794
d1b67f
b79b5d
ac904f
a48b48
8a6f31
7a5a2a
ab8c5b
b99b6b
b99d6c
b79d6c
b09665
b29968
ab9867
c5b48a
d0bfa1
d3c2ae
d9c9b9
dbcebb
dfd5bb
e3dcc3
e3ddc4
e3ddc4
e3ddc4
e1dbc2
ded7bf
dcd5bc
dad4bb
dad3ba
d8d2b9
d7d1b8
d5cfb6
d4ceb5
d3cdb4
d4cdb4
d7cdb3
d7cdb4
d8ceb5
dbd1b7
dcd2b8
ddd3b9
ded4ba
ded5b8
dfd6b9
ded5b8
dfd6b9
e0d7ba
e1d8bb
e3dabc
e0d9ba
e0daba
e3ddbd
e3ddbd
e2dcbc
e2dcbc
e4debe
e7e1c1
e8e3c5
e6e1c3
e4dfc1
e3dec0
e4dfc1
e5e0c2
e5e0c2
e4e0bd
e4e1bd
e3e0bc
e3e0bc
e3e0bc
e4e1bd
e4e1bd
e6e4c4
e8e6c7
e9e7c8
e9e8c8
e8e6c7
e4e2c3
e0debf
dedbc0
dedbc3
e1dec5
e5e2c9
e7e4cb
e9e6cd
e9e6cd
e7e4cb
e4e3c8
e4e2c7
e3e0c4
e0dbc0
dfd8bd
e0dabe
e3dcbf
e2d9bb
e1d8ba
dfd6b7
dcd3b5
dcd3b4
ddd4b5
ded5b6
ddd7b5
dcd8b5
ddd8b5
dcd7b4
dbd6b3
d8d4b1
d6d1ae
dbd4b2
e3dab9
e4dbba
e4dbba
e2d9b8
e1d8b7
e2d9b8
e3dab9
e0d7ba
ddd5b3
dad2ae
dad2ae
dcd3b2
dfd5b9
e1d6bf
e3dbc4
e5ddc6
e8e1c7
e9e3c9
eae3c6
e8e1c4
e6dfc2
e6ddc2
e5dbbf
e1d7bb
ded5b7
ddd4b5
ded5b4
dfd6b5
dfd7b6
e1d7b6
e0d5b5
dfd3b3
ddd0b0
decfb0
ddceaf
decdaf
dbcbae
dccfb0
d9ceac
d7cba7
d7c7a1
d5bf99
ceb38e
cfb18e
cfb38a
cfb688
cfb985
cebd85
cfbf88
cdc08a
d1c18a
d4c28f
d7c799
e2d1a7
f1deb2
f3deaa
e2c78c
ceb06c
bb9f51
ba9a4a
c19d4b
c49d49
c09b47
b08d3a
927020
543705
a58848
c1a16c
bea074
c2ab85
d5c4a4
daceb1
ded2be
e2d7c5
e1d6c1
dbd0ba
dbd1b7
e2d8bd
e7ddc2
e8e2c1
e6e4bd
e3e1bf
e4dfc4
e5e0c7
e4dfc5
e1dcbf
dcd8b9
d6d1b0
d9d3b4
ded7b7
e4dbbb
eae1be
eee4c1
f1e6c3
ebdbb6
e4d3ae
dbcaa4
d4c49c
d0c197
cebf93
c9ba8f
d0c096
d8c79e
ddcca2
e1d0a6
e3d1a8
e6d4ab
ebdab0
ebdab1
e5d4ae
e1d1ac
ddceab
dbccab
d9ccae
dbcdb1
dcceb3
dad1b0
ded5b4
e2d9b8
e3dab9
e3dab9
e5dcbb
e6ddbc
e6d8bb
e5dabc
e4debe
e3debe
e1debe
e4ddbf
e9dec1
ebe0c4
e7dfc5
e1dbc3
e0dbc3
e2dbc2
e3dbc1
e4d8ba
e8d4b2
f5d7a9
e5c28d
a77b3c
834d08
8a4e09
864806
763700
202221
151716
0b0c0c
070908
050706
090b0a
111312
201f1b
2d2822
38332d
443d34
4a4237
4c4337
4e4335
4d4436
443d2f
4d4637
504938
665f4c
b3ad9a
ded8c5
e4dcca
e8deca
e5dbc7
e4d7c3
e2d6bf
e2d6be
e3d7be
e5d8bf
ecdbc8
ecdbc9
ebdbc7
e9dac4
e9dac3
e8dbc3
eadcc2
e1d8b9
ded7b4
ded6b3
dfd5b1
dfd5b1
e3d7b1
e4d8b1
e3d8b3
e6daba
eadebe
ebdfbf
e7dcbc
e2d6b7
ded2b2
ddd2b1
e1d3af
e8dab6
eee0bd
eddfbc
e6d9b6
dfd3b1
ddd1af
dacba7
d5c5a1
decca6
edd9b1
ebd5ac
d8c299
ceb890
d2bd91
d8c291
dec38d
d5b67a
bb9a59
ac8b47
9a7d37
826420
7e6022
a18247
b49660
bb9c6c
ba9c71
b2966e
ae916b
b29c71
cab48e
d1bb9d
cfbca5
d4c4ae
d6c8b1
dacdb3
ddd5b9
ddd6ba
ddd6ba
ddd6ba
dcd5b9
d8d1b6
d6cfb3
d6cfb3
d6cfb4
d6ceb3
d5ceb2
d4cdb2
d3ccb1
d3ccb0
d4ccb0
d8ccb2
d9cdb3
d9cdb3
dbcfb5
dcd0b6
ddd2b7
ddd2b7
dcd3b6
dbd2b5
dad1b4
d9d0b3
dbd2b5
ded5b8
e1d8bb
e1dabb
e1dbbb
e4debe
e4debe
e3ddbd
e3ddbd
e6e0bf
e7e1c2
e5e1c3
e5e0c2
e5e0c2
e5e0c2
e5e0c2
e5e0c2
e5e0c2
e4dfbf
e3dfbe
e3debe
e2debd
e3debe
e3dfbe
e4dfbf
e6e2c3
e6e2c4
e5e2c3
e3e0c1
e0ddbe
dddabb
dbd8b8
ddd8bd
e0dcc3
e3dfc6
e7e3ca
e9e5cc
e8e4cb
e6e2c9
e4e0c6
e3e0c2
e3e0c0
e1debc
dfd9b7
dcd7b3
dcd5b0
dcd5ae
dbd2ae
d6cda9
d3caa6
d4cba7
d9cfab
dbd1ad
dad1ac
dad3b1
dbd4b2
d9d3b1
d9d2b0
d8d1af
d7d1af
d5cfad
ded6b5
e7debd
e4dbba
e1d8b7
ded5b4
ded5b4
dfd6b5
e0d7b7
dbd2b5
dad1b0
d9d1ad
dad2ae
ded5b4
e2d8bc
e6dbc4
e7dfc8
e7dfc8
e8e1c7
e8e1c6
e6dfc3
e3dcbf
e1dabd
e0d8b9
e0d7b6
ded6b3
dcd4b0
dbd3ae
dad2ac
dbd3ac
d9d2ac
d9cfad
d7cdab
d7cba9
d6c9a8
d8c9a9
dacbab
ddcdac
d9caa8
dbcdab
d9cca6
d5c8a0
d5c49a
d1bb91
caae85
c7aa80
caae80
ccb27f
cab279
c4af73
c1ae72
c2b075
c3b078
c6b07d
ccb788
d4bd91
dec699
ead0a0
f3d7a2
f4d89d
e0c882
c8ac65
b99a4f
b49247
b39146
9e7f35
775a11
492b03
997b3f
c0a16d
c7a97e
ccb58f
d1c09f
dfd3b6
e9dfc6
e6dcc4
e0d5bd
ddd3ba
ded4bb
e1d7bc
e2d8bd
dbd3b6
d6d2b1
ded8bc
e2dcc3
e0dac3
d9d3b9
d0cbae
cec9aa
d7d7b8
dddabc
e3dfbf
e5e1c0
e4debd
e0dab7
ddd7b3
d6cca8
d6cba7
d9cfa8
dfd5ad
e4dab0
e4daaf
e1d8ad
e2d4a8
e5d4a9
e7d6ab
e5d4a9
decda2
d8c79b
d4c398
d5c399
d8c79f
d7c8a1
d9cba5
d9cba9
d7caaa
d7c9ab
d7c9ac
dfd6b5
e3dab9
e6ddbc
e6ddbc
e5dcbb
e5dcbb
e5dcbb
e9debf
ebe2c3
eae4c4
e7e1c1
e4debc
e7ddbc
efe0bf
ecddc0
e4d8be
e2d8c0
e2dac4
e6dbc7
e6dac2
e4d4ba
e4cfb1
f2d8ad
fadcad
d4af7a
96692e
804d0e
844d0b
7a4001
202220
151716
0c0e0c
070908
050705
090b09
101312
231f1b
2f2822
3a342d
453e34
4a4337
4c4435
4c4434
494132
433e30
443e2f
635d4c
b3ae9b
e1dcc8
dad4c1
e1dac7
e7dbc8
e5d9c6
e1d6c2
dfd6bf
dfd6be
dfd7be
e1d9be
e4dac5
e5dbc7
e5dbc5
e6dcc5
e7dcc4
e9dcc3
e9dcc2
e8e0c1
e9e2c0
ebe2bf
eae0bd
e7ddb9
e3d6b1
ded2ac
dcd1ac
e0d6b6
e5daba
e8debe
e9dfbf
e6dcbc
e1d7b6
dfd4b3
ddcfac
dbcdaa
ddcfac
e4d5b1
eadab5
ead9b4
e7d5b0
e1d0ab
d8c8a4
d6c7a4
dccdaa
e2d1ab
ddc9a0
d4bd95
cfb98b
d3bb8a
dcc089
d3b275
b79552
a5823d
93722c
7b5d17
785815
977838
b7985e
bc9d6c
b5956a
b1916c
ab8d6b
bca17b
cfb492
d0b798
cdb69a
d0bda2
d2c0a7
d4c3aa
d6ccae
d8ceb0
d9cfb1
dad0b1
d9d0b1
d8ceb0
d6ccae
d5ccad
d6ccae
d6ccae
d6ccae
d6ccae
d5ccad
d6ccad
d7ccae
dbcfb2
dbceb2
dbceb2
d9cdb0
d9cdb0
d9ccb0
d9ccb0
d7ceb1
d6cdb0
d5ccaf
d6cdb0
d8cfb2
dbd2b5
ded4b8
dfd8b9
e1dbbb
e3ddbd
e3ddbd
e3ddbd
e3ddbd
e5dfbe
e5e0c0
e4dfc1
e5e0c2
e5e0c2
e5e0c2
e5e0c2
e5e0c2
e5e0c2
e6dfc0
e6dec0
e5debf
e5ddbf
e5debf
e6dec0
e6dfc0
e2ddbf
e1ddbe
e2ddbf
e2ddbf
e2ddbf
e3dec0
e4e0c1
e4dec3
e3ddc6
e6e1c9
e9e3cb
e9e3cb
e8e2ca
e6e0c8
e4dfc5
e4e0c1
e2dcbe
ded8b6
dbd5af
d9d3a9
d6cea3
d4cc9f
d6cca3
d3c8a0
d1c79e
d4caa1
d8cea5
dbd0a7
dad0a7
d8ceab
d7cead
d7cdac
d7cead
dad0af
ddd3b3
dfd5b5
e4dbba
e7debd
e2d9b8
ded5b4
ddd4b3
ded5b4
dfd6b5
ded5b5
dbd2b5
ded5b4
e1d9b5
e6deba
eae1c0
ede3c7
eee3cc
ece4cd
ebe3cc
ebe4ca
e9e2c7
e6dfc3
e3dcbf
e1dabe
e0d8b6
dfd6b3
ded6b2
ddd5b0
dbd3ac
d8d0a9
d7cfa6
d4cca4
d0c7a4
d0c6a3
d2c6a4
d4c7a5
d8cba9
dcceac
e0cfae
dccaa4
d9cba1
d4c69b
d0c294
d1c091
d3bb8c
cfb384
c4a575
c3a772
c4a96f
c1a667
bda361
bba261
bda464
bba467
bca56a
c4a973
c9ac79
caad7a
ceb180
dabe8c
e8cf99
f5dd9f
efd393
dfc07c
c1a05a
a68440
846522
5b3e03
3b1c02
8e6f38
c1a171
ba9d73
c9b28d
dfceae
e3d6b8
ded4b8
d7ceb1
d1c8ac
d3c9ad
d5cbb0
d6ccb2
d6ccb3
d7ceb4
ddd4b9
e1d8c1
dfd6c2
d8cfbb
d4ccb3
d9d1b3
ded7b9
e0dfc1
e1dfc1
e3dfc0
e2ddbf
e1dabb
dfd8b8
ddd6b4
e7ddba
eae0bc
e9dfbb
e3dab4
dcd3ab
d7cea6
d8d0a6
d9cb9f
d6c598
d2c194
d3c295
d9c89b
decda1
dfcea1
ddcca0
d8c79d
d4c59c
d1c39c
d4c6a2
dacdab
e4d7b6
e8dbbd
e6ddbc
e9e0bf
e9e0bf
e8dfbe
e6ddbc
e5dcbb
e6ddbc
e3d8bb
e2dabb
e1dbbb
e1dbb8
e3d9b5
e8d9b6
eedbb8
eedcba
ecdebe
ece0c2
e9ddc3
e6d9c1
e8d7bf
f1dcc3
f5dec0
f5dbb3
fbddb7
f1d0a8
c49b6e
8e5e28
784203
794000
21231f
161815
0c0e0b
080a07
060804
0a0c08
111410
271f1e
322826
3c3331
453c37
484137
484235
464132
4a4538
504c41
4e4a3e
888378
d1cdc0
dad6c6
e3e0d0
e4dfcf
e7ddce
e6decd
e4decc
e3dfca
e1dfca
e0e0c8
dfe0c8
dedec7
dfdfc8
e0dfc6
e1dfc5
e2ddc2
e2dbc0
e0d9bd
e0dabd
e4dcbe
e6ddbf
e8ddbe
e9debf
ebdebe
ebdebc
e8ddbb
e3dbb9
e3dbba
e5dcbb
e5dcbb
e5dcbb
e4dbba
e3dab9
e3d5b3
ded0ad
dbcca9
deceaa
e6d4ae
ead7af
ebd6ad
ead7b0
e7d7b3
dbceac
d0c4a4
d8cba9
e2d1aa
d9c399
cbb68a
cfbb8b
dec38e
d1b377
ac8d4b
957632
876925
775915
7a5813
8f6e2e
b5945b
bc9c69
b49367
b5946d
af8f6b
c1a283
d1b393
cdb192
c7ad8f
cab497
cab69b
ccb9a0
d0c3a5
d3c8a8
d5caaa
d7ccab
d8cdac
d8cdad
d7ccac
d4caa9
d2c7a7
d3c8a8
d3c9a8
d3c9a8
d4caa9
d4caa9
d5caaa
d9cbae
d9cbad
d9caad
d8caad
d8caad
d7c9ac
d7c9ac
d5ccaf
d5ccaf
d6cdb0
d8cfb2
dad1b4
dcd3b6
ddd3b7
ddd6b7
ded9b8
e1dbbb
e1dbbb
e0daba
e0daba
e3ddbd
e3debe
e2ddbf
e4dfc1
e6e1c3
e7e2c4
e6e1c3
e5e0c2
e5e0c2
e7dec1
e7dec1
e6ddc0
e6ddc0
e6ddc0
e7dec1
e7dec1
e2dbbe
e2dbbe
e3ddc0
e6dfc2
e7e0c3
e8e1c4
e8e1c4
e7dfc6
e6dec7
e7dfc8
e7dfc8
e6dec7
e5dec7
e4ddc5
e2dbc3
ded8be
d9d2b7
d5cdad
d4cca8
d4cca4
d3ca9f
d1c99a
d1c59e
d3c7a1
d6caa3
d8cba5
d8cca5
d9cca6
dacea7
d9cead
d8cdad
d7ccac
d8ccac
dcd1b1
e1d5b6
e6dbbb
e8debd
e4dbba
e0d7b6
ddd4b3
ded5b4
dfd6b5
ded5b4
ddd4b4
ded5b8
ded6b5
e0d8b3
e2dab6
e6ddbc
e9dfc4
ebe0c9
ede5cf
ede5cf
eee7cd
efe8cd
eee7cb
efe8cb
eee8cb
e9e1c3
e8dfbf
e8dfbd
e7debc
e3dbb7
ded6b1
d9d1ab
d6cfa9
d6cda7
d6cca7
d7cba7
d7cba7
d8cba7
d9cba8
dacaa7
d8c59b
d6c799
d0c292
cdbf8d
d2bf8d
d6be8c
d5b986
c7a974
c2a56b
bfa363
bda15d
bda15a
bea15c
bfa25d
bea560
bca25e
bda05f
c5a468
c9a76e
c5a670
c2a774
c2ab75
ceb378
edcd8f
fedc9c
f3cf8d
d8b372
a78544
6d4c12
3d1e00
795926
c4a376
c6a780
d3bb97
e8d7b6
d3c7a8
cbc1a1
c8bf9e
c7be9f
cec5a7
d3c9ae
d5cbb0
dad0b7
e0d5bd
e2d7c2
e1d6c4
e3d8c6
e7dcc8
ede3ca
f3eacc
f5edcc
ece6cc
e9e2c7
e6ddc2
e3d9bd
e3d8bc
e5d9bb
e7dabc
e2d4b3
e0d2b1
ddd0ae
dacda9
d7caa6
d8cba6
dbcfa9
ddcda1
decd9f
e0cfa1
e2d1a3
e1d0a2
dac99b
d1c092
d1c093
d9c99e
dacca1
dfcfa8
e1d2ad
e2d4b1
e2d4b3
e1d5b4
e5ddbb
e7debd
e6ddbc
e3dab9
e3dab9
e5dcbb
e8dfbe
eee4c8
ebe3c6
e6e1c0
eae4c0
f3e9c5
fbeac5
fee8c1
f6e2b9
efdfb7
eddfba
e8dbba
e0d2b4
dccaad
dbc5a7
d9bf9f
d4b694
d9ba9c
e5c3a6
eac09f
bc8c5d
8a5115
874906
212320
161814
0c0e0a
080a07
060805
0b0d09
131612
262121
332a2a
3d3330
483c37
4e433a
4a4136
464035
464239
46423a
7d7970
d1cdc2
e3dfd4
ebe7da
e3dfd1
e4ded1
e6e0d0
e6e1d0
e5e1ce
e2e1cc
e2e3cc
e0e3ca
dee2c9
dbe1c5
dde4c8
e0e4c8
e0e4c7
e3e3c7
e5e2c7
e3dfc4
e8dfc7
e8dbc4
e3d8bf
e3d8bd
e3d8bc
e4d7bb
e7d9bc
e9ddbe
e7e0bf
e5ddbd
e5ddbd
e5debd
e5ddbd
e1d9b9
ded6b6
e8dcb8
e5d7b4
e1d1ad
dfcda7
e0cda6
e4cea5
e8d0a7
e9d8b0
eedeba
e3d5b4
d3c6a8
dacdad
e9dab5
e2cfa6
ceba90
c9b388
d7c190
d3bb84
bba164
9d8241
7c5f1c
735511
7a5c1a
8b6c2d
ae8e55
b79964
b69767
b7986d
b29369
c1a480
caae8a
c8ad8a
c4ab87
c7ad8c
c7af90
c9b294
cdbd9b
cec19e
cfc2a0
d1c5a2
d3c7a6
d5c9a8
d5caa8
d3c6a5
cfc2a0
cfc2a0
cfc3a0
d1c5a3
d3c7a6
d2c7a6
d3c7a7
d4c6aa
d6c8ab
d7c9ad
d7c9ad
d8caae
d8caae
d9cbaf
d6ceae
d7ceaf
d9d0b0
dad1b3
dcd3b4
dcd3b5
ddd3b6
ddd5b7
dfd7b9
e1d9bb
e1dabb
e0dabb
e1dbbc
e2dcbc
e3ddbe
e2ddbf
e3dec0
e5e0c2
e6e1c3
e6e1c3
e6e1c3
e5e0c2
e5dcc0
e4dbc0
e4dbbf
e4dbbf
e3dabe
e3dabf
e4dbbf
e2dabd
e2dbbd
e3dcbe
e4ddc0
e4ddc1
e3dcc0
e1dabe
e4dec3
e6e1c8
e6e0c7
e6dfc7
e5dec6
e4ddc5
e3dbc4
e0d8c1
d9d1b9
d5cdb2
d3caac
d3caa8
d3cba5
d2c89f
d0c69b
cec19f
d3c7a5
dacdac
daceac
d8ccaa
d8ccaa
daceac
dacfaf
d9cfaf
d9cfae
dbd1b0
ded4b3
e3d8b8
e7ddbd
e7debd
e1d8b7
dcd3b2
dbd2b1
ded5b4
dfd6b5
dcd3b2
d9d0b0
dbd2b3
d9d0af
d8d0ad
d8cfad
d9d0b0
dbd1b5
dcd2b9
ded5bc
dfd6bd
e0d8bd
e3dbc0
e6dfc3
eae3c6
ece6c9
ede7ca
eee7cb
ede7c8
ebe6c7
e8e2c2
e4ddbc
e0d9b6
e0d7b4
e1d8b1
ded5af
dcd0ac
d9cca9
d6c8a4
d3c49f
d1bf9b
cab78c
ccba8d
caba89
c9b885
cdb782
cdb47e
ccae79
ccae72
c7a96a
c1a360
bd9f59
bd9f57
be9f57
be9f58
bea059
bfa05a
c19e5b
c29f5d
c09b5d
bb9b60
bea168
c5aa72
cbad73
caa86b
d7b171
ebc380
f6d28f
eec988
d1ad6c
8c6d36
7d5e2b
af9162
c9af85
ceb895
d9c8a8
d5c9ab
cbc2a1
cac1a1
cfc6a7
d8ceb1
ddd4b8
e0d6bd
e7dcc3
ece3cc
ede5d0
ede3d0
efe4d1
f0e5d2
eee3cc
e7dbc2
e3d7bb
e6d7c1
e6d7c0
e6d7bf
e8d8bf
eadac1
eddec2
f0e0c4
ebd9ba
e8d6b7
e7d5b4
e6d5b2
e5d5b1
e1d1ac
dbcca7
decda0
decb9c
d8c696
cfbd8e
cab889
cdbc8e
d6c596
dfcd9f
e3d1a5
ddcda3
dacca5
dccfac
e1d6b4
e8dcba
ebdebd
e2d8b9
e0d5b6
e3d9b9
e8ddbd
e8debd
ebe1c0
f2e8c6
f3e7cb
f5e9ce
f1e7c9
e8ddbc
d5c8a6
bfad86
b49d75
a79264
988858
8a7b4e
7d6d45
7d6b48
85704e
8b7251
927455
9c795a
a17c61
b48e72
d2a585
c08c60
91561c
834503
212322
171918
0c0e0d
070909
060808
0b0d0d
151716
212221
302d2a
3d342d
4b3e33
55463b
4e4137
4d443c
544c45
837c72
cdc5bb
f2ebde
e5dbce
efe5d5
eee5d4
efe5d3
eee4cc
efe6ce
ece4cb
e7e1c7
e9e4c8
eae6c9
e7e3c6
e2e4c2
e6e7c7
e4e5c6
dfdfc1
e0dfc2
e3e1c6
e0dfc5
e9decb
ecddcb
e9e0cb
ece5cd
eae3c8
e5dabf
e5d6bb
e7d9bd
e5dabc
e0d5b7
e1d5b8
e5dabc
e8ddbf
e6dbbd
e0d5b7
d9cca6
ddcfa9
e0d0a9
ddcba4
dbc69f
dec89f
e2caa1
e2d1ac
e7d7b4
eadaba
e8d6b9
e2d0b2
dfcfad
e1d1ad
dfcca6
cfb991
ccbb90
cdbe8c
d6c48d
c2ab6f
8e6e2e
80601f
6f5617
856c2f
a48a51
b19660
b69b67
b49869
b5996a
c0a87c
c2aa7f
c5ac83
c7ae84
c5ac84
c6ad87
cbb08b
cdb693
cbb694
cab693
ccb997
cfbd9c
d2c0a0
d1c1a2
d1bf9f
ceba99
cbb796
c9b897
ccbc9c
d1c2a3
d2c4a5
d2c3a6
d2c4a8
d5c7ab
d7c9ad
d7c9ad
d7c9ad
d8caae
daccb0
d5cda9
d5cda9
d6ceaa
d7ceac
d7ceae
d8cfb0
d8cfb1
ddd3b7
e0d5b9
e2d7bb
e3dabd
e2dbbf
e3dcbf
e2ddbf
e2ddbf
e2ddbf
e2ddbf
e3dec0
e4dfc1
e5e0c2
e5e0c2
e6e1c3
e5dec1
e6dfc2
e6dfc2
e5dec1
e4ddc0
e2dbbe
e1dabd
e2dcbc
e2dcbc
e2dcbc
e2dbbe
e2dbbf
e2dbc0
e1dac0
e2dfc3
e4e4c5
e7e3c6
e7e3c7
e7e1c7
e5dfc5
e3dcc3
e2dac0
dfd6b9
ded4b6
dcd3b3
dbd2af
d8d0ab
d3cba5
cec6a1
d2c7a7
d7cdad
dcd1b1
ddd2b2
dbd0b0
dbd0b0
ddd2b2
d9d0af
d9d0af
dad1b0
ded5b4
e1d8b7
e4dbba
e5dcbb
e4dbba
dfd6b5
dad1b0
d9d0af
ddd4b3
ded5b4
dad1b0
d7ceac
dcd3b2
dcd3b2
ded5b5
ded5b6
dcd3b6
d9d2b4
d8ceb3
d8cdb1
d8cdb1
d9ceb2
dad2b5
ddd6b9
e2dcbe
e5e0c2
e6e1c6
e5e2c7
e4e4c5
e3e4c5
e3e3c4
e3e1c0
e4ddbe
e4dab9
e2dab3
ddd4b0
daceae
d8c8aa
d6c4a4
d3bf9b
cfbc94
c8b58a
cbb689
ccb587
cab27f
c7ad76
c6a96f
c5a76d
c8a765
c6a562
c2a15e
bf9d58
bd9b55
bd9c55
be9f56
c29d59
c49c5b
c39c5c
c19c5d
c09d5d
c19e60
c29f61
c2a164
c1a468
c2a162
cca664
d4ac66
d5ae68
deb773
ebc684
cdaf74
a3874f
a68d5b
c1ad80
c7b792
c9bd9d
c7bca0
cfc6a9
d8cfb3
e2d9bd
e8dec3
ebe1c6
ede3cb
f0e5ce
eee6cf
e9e4ce
e8e2cc
e6ddc8
e5d9c6
e5d7c5
e7d8c6
e9d9c7
ebd8c5
ebd9c5
ebdac4
eadac2
e7d8be
e3d5ba
e0d3b8
e4d3b4
e3d3b2
e2d2b1
e1d2af
ddd0ab
dccfa8
dacea8
d7c79a
d8c495
d9c699
dcc99c
decc9f
decda1
decda1
dac99c
d4c297
d2c49e
d4cba8
dbd3b5
e1d8bb
e1d6b8
e1d2b6
ddcdb3
e2d3b6
ecddc0
f5e6c9
f5e7c9
ecddbf
e4d6b6
cab79c
a49378
706048
52422f
4b3a1d
473410
503a11
5d491c
665527
6f5b30
7a633a
8d734d
957854
967655
a3815f
b48e68
b18863
ba8c67
bb895e
a8713d
905519
834705
222423
161817
0c0e0d
070908
050706
090b0a
111312
20201d
312d2a
3d352e
473b31
514338
58493d
67594f
958479
cbb7aa
c0aa9d
958070
89715f
99806b
a38973
bea48b
cbb195
d9c0a4
e5ceb2
ecd5b9
f2ddc1
f7e4c7
f5e6c9
f1e1c1
f4e4c4
f1e4c4
ebe2c2
e8e0c1
e6e2c2
e4e2c3
e6e3c9
e6e4cc
e4e5ca
e4e5ca
e3e2c6
e4dec3
ebdec6
eee0c5
e4d9bb
e0d5b7
ddd2b4
e0d5b7
e3d8ba
e4d9bb
e4d9ba
e7dbb5
e1d4ae
dacaa4
d7c59e
dac59d
dfc8a0
e3cca2
e3d0ab
ddcaa9
e0cdb0
e9d5ba
e5d2b7
decbac
e2d1af
e6d2ae
dbc9a1
d6c59a
cdbd8b
d0c08a
cfbb82
a48d52
82672c
684f14
795f26
9e844c
ae945e
b39865
b29766
bba070
c0a87a
c1a97d
c2aa7f
c4aa81
c2a981
c3aa82
c5ac86
c7ac89
c6ab88
c5ac88
c7ae8c
cbb392
ceb797
ceb899
ccb797
c9b492
c5b18f
c3b08f
c5b392
c9b99a
cdbe9e
cfbfa1
d1c3a6
d4c6a8
d6c8aa
d5c8aa
d6c8aa
d7c9ab
d8caac
d1c8a4
d1c9a5
d1c9a5
d2c9a8
d3caaa
d5ccad
d4ccae
dcd1b5
e0d5b9
e1d6ba
e2d9bc
e1dabd
e2dbbe
e1dcbe
e1dcbe
e1dcbe
e1dcbe
e3dec0
e3dec0
e4dfc1
e5e0c2
e5e0c2
e6dfc2
e6dfc2
e6dfc2
e6dfc2
e5dec1
e3dcbf
e2dbbe
e1dbbb
e0daba
dfd9b9
dfd8bb
e0d9bd
e3dcc1
e5dec4
e5e1c5
e2e2c4
e4e0c3
e3dfc2
e4dfc2
e3dec1
e4ddc1
e5ddc1
e7dec0
e3dabb
dfd6b7
ded5b5
ddd4b2
dad2af
d9d0ad
ddd3b3
ded4b4
dfd5b5
ded3b4
dcd1b1
dad0b0
dbd1b1
dbd1b0
d9d0af
d9d0af
ddd4b3
e4dbba
e6ddbc
e5dcbb
e1d8b7
ded5b4
ddd4b3
dcd3b2
dbd2b1
dbd2b1
dbd2b1
dcd3b2
ddd4b3
ddd4b3
ddd4b4
dcd3b4
dad1b4
d9d0b3
d8ceb3
d9ceb2
d8cdb1
d8cdb1
d9d0b3
dad3b6
ddd6b9
ded9bb
e0dabf
e2dcc3
e1dfc1
e0e1c2
e2e0c1
e4dfbf
e6dcbe
e4d9b9
ddd4ae
dbcfac
d9cbaa
d7c7a7
d5c39f
d2be96
ceba8f
cfba8b
cbb584
c6ad7b
c2a772
c1a56c
c2a568
c4a567
c5a361
c4a25f
c3a05c
c19f5a
c09e56
bf9d55
be9d54
c19c56
c29b57
c29b57
c19b5a
c29c5c
c39f5e
c39f60
c2a162
c1a263
c9a564
cda761
caa15b
c59d58
c9a35f
d0ad6b
c8aa71
937741
947c4b
b6a377
c4b48f
d2c5a6
ddd4b8
e4dcbf
e8dfc2
ebe2c7
ece3c8
eae1c8
e8dec7
e7ddc7
e4dcc6
dfdac4
ddd6c1
dfd6c1
e6dcc7
e9dfcb
eadeca
e7dcc8
e7dfc8
e7dfc7
e6dec4
e5ddc2
e5ddc0
e4dcbf
e4ddbf
e3ddbe
e4debf
e4dfbf
e4debc
e3dcb9
e0d9b5
dcd4b1
e1d5b0
e1d4ae
ded0aa
dbcda7
dacda6
d7c9a3
d2c39d
d1c69e
d5cea6
d4cea9
d7d2b4
ddd7bb
e1d6bc
dfd1b7
deccb3
f2dcc1
fce5ca
f1dbc0
d3bda2
b19a80
897259
644d34
40280d
2b1600
160500
1f1000
392708
493311
583c16
725633
846a4b
8b704f
957853
a5835d
a6835b
a58056
af8a5c
bd945f
b48955
ae7e48
a06c33
8d5515
854b04
8c4f05
222423
161817
0b0d0c
060807
040605
080a09
0f1211
221f1d
332e2a
3e3731
473d35
584a3e
715f50
998675
bea393
9f7e6c
5c3b27
4d2912
573117
5c3316
663b1b
704625
784e2b
815834
875f3c
906847
a47e5e
bf9a7a
cbac8d
f0cfae
f7d8b7
fbe0be
f9e4c2
f4e4c1
f0e4c1
f0e7c4
e8e4c5
e1e1c4
e0e2c3
e2e4c5
e5e5c7
e9e4c7
eadec5
e8dbc1
e7dcbe
e8ddbf
e9dec0
e9dec0
e5dabc
ddd2b4
d9ceaf
ded2ac
e9dab5
efdfb8
e9d6af
dcc8a0
d5be95
d2bb92
e0cda7
e2cfad
e1cdaf
e2cdb1
e6d2b6
e7d3b3
e1ceaa
dfcda6
e2d0a4
d9c796
c4b27d
bba870
c2ae78
a6915e
755f2b
644b13
765e27
9f8550
ab915e
af9563
ab9260
baa06f
c1a97a
c1a97a
c0a87c
c1a87d
c0a87e
c0a77f
c0a77f
c4a780
c4a680
c4a681
c5a884
c9af8b
cbb28f
ccb390
ccb491
c9b48f
c6b08d
c1ad8b
c1ad8c
c3b290
c7b796
ccbc9c
d1c4a4
d3c6a6
d4c7a7
d3c6a6
d2c5a5
d3c6a6
d4c7a7
d0c8a3
d1c9a5
d2caa6
d3caa9
d6cdac
d8cfb0
d8cfb2
dcd2b6
dfd4b8
e0d5b9
e1d8bb
e0d9bc
e1dabd
e0dbbd
e0dbbd
e1dcbe
e1dcbe
e3dec0
e3dec0
e4dfc1
e5e0c2
e5e0c2
e6dfc2
e7e0c3
e7e0c3
e6dfc2
e5dec1
e3dcbf
e2dbbe
e0dabb
dfd9b9
ded8b8
dfd8bb
e2dbbf
e5dec3
e8e1c7
e9e5ca
e6e6c9
e7e3c7
e6e3c4
e6e1c3
e6e1c2
e8e1c1
e9e1c2
e8dfbf
e3dabb
dfd6b7
ded5b8
e0d7ba
e0d7b9
e0d7b8
e3dbbc
e2dbbb
dfd8b9
ddd6b6
dbd4b4
d9d2b2
d7d0b0
dbd3b2
dbd2b1
dcd3b2
dfd6b5
e4dbba
e6ddbc
e3dab9
dfd6b5
ddd4b3
ded5b4
dcd3b2
d6cdac
d3caa9
d6cdac
dbd2b1
ded5b4
ded5b4
ddd4b4
dcd3b4
dbd2b5
dbd2b5
dbd1b6
ded3b7
ddd2b6
ddd2b6
ddd4b7
dcd5b8
ddd7b9
ddd8ba
e5dfc3
e7dfc6
e1ddc0
dddabd
dddabb
e1dbbb
e6dabd
e8dcbc
e5dab6
dfd1af
d8c9a8
d5c3a2
d3c09a
d4be93
d2bc8e
d4bb89
ccb37e
c3a871
bea167
bfa063
c2a261
c5a261
c39f5b
c49f5a
c49f5a
c39f58
c39f57
c19e54
bf9d52
c19b53
c39a53
c29a54
c19a56
c29c57
c49e5b
c49f5c
c5a15f
caa664
d0a965
d1a861
cfa55e
cba35d
c19c57
b49150
977c44
725a23
826c3c
b09f75
d2c3a0
eadfc1
ece4c9
e7e1c5
e4dfc2
e1dac0
ded7bf
dcd6bd
dcd6c0
ddd7c1
e0d9c3
e3dbc6
e4dcc7
e4dec8
e4dec8
e4dec8
e6dfca
e6e0cb
e1e3c8
e2e3c8
e4e3c7
e6e5c8
eae7c9
ede9cb
efeacc
e6e4c6
e7e5c6
e8e5c6
e6e1c1
e2dcbb
ddd5b4
d8d1ae
d5c9a7
d6c7a6
d8caa8
d8c9a6
d7c6a1
d7c6a1
dbc8a2
decea7
ddd3ae
dbd1af
dfd4b7
e7dac0
efdec4
f3ddc2
f2d8bd
d6b699
a8886b
76563a
5a3a1f
512f17
4c2a15
462510
432408
351b00
220e00
261701
3c2a0d
4c3213
61401e
7c583c
96735a
a27e60
9c7752
a77e54
b78d5d
b98e58
b78b51
b48642
9f6f2a
905d15
8c550c
8c5206
8d5103
925305
222423
161817
0c0e0d
070908
050706
090b0a
111413
25211e
36302c
3f3a36
49403a
5c4e44
7a6556
ad947f
a1806a
562e15
532a0e
683b1c
7c4b28
89552d
9d673e
945d32
a26f41
a46f43
9d6a40
95623b
93613c
956340
946442
916642
9e744f
b58f6a
caa984
d7bc96
e3cba5
f2dbb6
f9e6c2
f9e9c5
f2e7c2
eae2be
e9e2bf
efe5c4
f2e4c6
eddfc2
e5dbbd
e7dcbe
e7dcbe
e7dcbe
e8ddbf
e8ddbf
e7dcbe
e1d5af
dbcda7
dccca5
e7d4ad
eedab2
e5cea6
d5be95
c2ae83
d2be95
e3cea9
e5d0ae
e7d2af
edd8b1
ead6ad
e3cfa1
e1cb99
d4bc84
c1a96c
b2985b
b59c63
988250
553f10
4f3807
735c29
a08956
a38c59
ac9563
aa9260
b69e6c
c3ac7b
c2aa7a
c0a878
bfa77a
c0a87c
bfa67c
bca37a
c0a479
bfa378
bda279
bfa47c
c1a981
c3ab85
c3ac85
c6ae87
c9b18b
c7af8b
c4ae8b
c1ad8a
c2af8d
c7b493
ccba98
d0c3a1
d2c5a3
d3c6a4
d1c4a3
cfc2a1
d0c3a1
d0c3a1
d0c8a3
d1c9a5
d3cba8
d5ccab
d9d0af
dbd2b3
dbd3b5
ded4b7
e0d5b9
e1d6ba
e2d9bc
e1dabd
e2dbbe
e1dcbe
e1dcbe
e2ddbf
e2ddbf
e4dfc1
e5e0c2
e5e0c2
e6e1c3
e6e1c3
e7e0c3
e7e0c3
e7e0c3
e7e0c3
e6dfc2
e4ddc0
e3dcbf
e0dabb
e0daba
e0daba
e2dbbe
e5dec1
e7e0c5
eae3c9
eae5cb
e8e8cc
eae6ca
e9e6c7
e8e3c3
e6e2bf
e6e0bc
e5dfba
e3d9ba
e0d7b8
ded5b7
dfd6b9
e3d9be
e5dbc0
e5dac2
e5dfc1
e4dec0
e2dcbe
e1dbbd
e0dabc
ddd6b9
d8d2b5
dcd4b3
dfd6b5
e3dab9
e4dbba
e3dab9
e1d8b7
dfd6b5
ded5b4
dcd3b2
dbd2b1
d8cfae
d3caa9
d2c9a8
d6cdac
d9d0af
ddd4b3
ddd4b2
dcd3b3
dcd3b4
ded5b7
dfd6b9
dfd5ba
e4d9bd
e5dabe
e5dabe
e4dbbe
e3dcbf
e3ddbf
e2dec0
e8dfc4
e6dec5
dfdabd
d9d4b7
d7d2b4
dcd2b3
e0d2b5
e5d7b7
e8dbb8
e0d2b1
dbc9a9
d8c4a2
d7c299
d6c191
d5bf8c
d3b881
caae75
c1a368
be9f60
c19e5d
c39f5b
c39d58
c39c57
c39c57
c49e57
c49e56
c49e55
c39d53
c29d52
c49b51
c59b51
c59b53
c29a52
c29b54
c29c56
c29d57
c29d56
c59d58
cfa55e
d4a960
d9ad64
d5ad67
b89350
926f30
634912
493003
715b2a
b7a67d
dbcfad
e7dec2
dfd9c0
e2dcc2
e0dac0
dad5bb
d9d3bc
dcd6c0
e0dac5
e2dcc9
e2dbc7
e6dcc8
e9e1cc
e9e2cd
e5e0ca
e2dec8
e2e1c9
e6e4cd
e7ebd0
e6eace
e7e8cc
e8e6c9
e8e3c5
e7e0c3
e7dfc2
e1dbbb
e3dbbb
e5dcbc
e6dab9
e7d8b7
e5d5b3
e4d2b0
e1ceaa
e1cca8
e3cca6
e4cba3
e5cba1
ebcda2
f0d1a3
f4d4a8
efd1ab
e5c8a4
d6bb99
c1a787
a68b67
8c6c48
785731
5b310c
4d2400
4d2401
5a2f10
5a3015
542910
532810
522c0f
3c1e02
210b00
241301
3d2a0d
4f3216
623a1f
7f5336
9f7454
ae835d
a87b50
b0804e
ba8850
b68347
ab7835
966114
8b5606
885100
925802
985c09
935404
894a00
212322
161817
0c0e0d
080a08
070908
0c0e0d
141716
27221d
37312d
413c38
49413b
574940
6b5646
94765f
8b674b
6c4225
8c6040
986945
b9865c
bc8557
cb9261
d79c69
daa16d
dea574
dda676
dba578
d9a47c
d5a079
ce9873
bd9067
b3865e
a77c56
99714a
8d6741
8e6b44
997a54
b7956f
d4b48c
ecd2a9
f5e1b9
f5e5be
f5e6c2
f5e6c2
f1e2c1
eae0c2
ebe0c2
e9dec0
e6dbbd
e4d9bb
e4d9bb
e5dabb
eee2bc
e7d8b3
decea8
dac8a1
ddc8a1
e3cda4
ebd3ab
dcc797
ccb787
c7b186
d6c097
e7d2a8
e8d3a6
e1cc9d
dac491
d2b880
bfa265
bb9a59
b29151
ac8e53
816938
2c1700
341d00
6c5623
9e8856
9c8654
ad9765
ae9864
b8a26d
c6af7d
c3ab7a
c0a878
c0a879
c1a97b
bea77a
bba377
bea577
bda577
bba476
bba579
bda77d
bea97f
beaa80
bea980
c1a983
c3ab86
c3ad88
c3ae89
c4b08c
c9b594
cdbb9a
cfc3a0
d1c4a2
d2c5a2
d0c3a0
cec19e
cdc09e
cdc09e
cdc5a0
cec6a2
d0c8a5
d3caa9
d6cdad
d9d0b1
dad1b3
dfd4b7
e1d6ba
e3d8bc
e3dabd
e3dcbf
e3dcbf
e2ddbf
e3dec0
e4dfc1
e4dfc1
e6e1c3
e7e2c4
e7e2c4
e8e3c5
e8e3c5
e7e0c3
e7e0c3
e8e1c4
e7e0c3
e5dec1
e4ddc0
e3dcbf
e1dbbc
e2dcbc
e3ddbd
e5dec1
e8e1c4
e9e2c7
ebe3c9
e7e2c9
e4e4c9
e7e3c6
e7e4c5
e5e1be
e2deb8
dfdbb2
ded8b0
dfd5b5
ddd4b5
ded5b8
e2d8bc
e6dcc3
e8dec7
e8ddc7
e7e2c4
e6e1c3
e5e0c3
e7e2c5
e7e2c5
e3dec0
ddd9bb
ddd5b5
e2d9b8
e9e0bf
e7debd
e0d7b6
dcd3b2
dcd3b2
ddd4b3
d9d0af
d8cfae
d5ccab
d5ccab
d7cead
dbd2b1
ddd4b3
dfd6b5
ded5b4
ded5b5
e0d6b7
e2d8bb
e5dcbf
e7ddc2
e7dcc0
e8ddc1
e9dec2
e8dfc2
e7e0c3
e7e0c3
e6e1c3
e5dcc2
e3d9c1
e0dabe
ddd8bb
dcd6b9
ddd3b5
ded0b4
dfd0b1
ded1af
ddcead
deccab
decaa7
ddc79d
d9c392
d6be88
ceb077
c6a76d
bea061
bf9d5c
c19d5a
c19c55
be9850
c29c55
c39d56
c29c55
c29c53
c29c53
c39d52
c49f52
c79e52
c89c52
c69c50
c49b52
c29a52
c19b53
c19b54
c19b54
c89e56
cfa25b
cea056
d3a65d
dab16c
c6a260
a38141
5f4612
331d00
6a5626
caba92
e2d6b5
d6ceb2
d6d0b8
d8d4ba
d6d2b8
d5d1b8
d8d3bd
ded8c3
e0dbc7
dfdac6
e3dbc8
e9decb
e8e0cb
ebe4cf
eee9d3
eeedd6
ecedd5
e8ead1
dee3c8
e2e4c9
e6e6ca
e9e5c9
eae3c6
ebe2c5
ebdec3
efe2c1
f1e2c0
f4e2c1
f8e3c1
fbe2c1
fce1bf
fee0bf
fde1bb
f9dbb2
f0cfa4
eac79b
e7c192
dab17f
c69b67
b08251
96653b
81542b
684017
59330b
532f02
532c00
522a00
5e2f03
5d2f04
592b04
592a07
5e2f0d
5f2e10
572609
53290b
412004
281100
261501
39260a
48290e
5b2f19
7b4b2b
93643b
a57448
b78451
ba864d
a26c2f
905918
915a15
905607
925804
915701
905400
905201
904f01
8f4d04
262622
171814
080e08
040b06
060d07
0d100c
161615
26231f
36302a
413731
474136
4b4a38
544937
705445
8a624f
9e745a
b98c70
c0916e
c8946c
d4996d
da9c6d
db9c6a
e3a179
e0a178
dfa378
e0aa7e
e3b184
e2b486
dfb485
e2b689
e3b68a
e2b68a
ddb285
cfa477
bc9165
af8458
9a6f40
936636
9e6e3d
b48455
d0a67c
e5c7a2
f0dcbc
eee3c5
e9e7c7
efeacb
ebe5c6
e5dec0
e6ddbf
e6ddbf
e5d9bc
e5d5b1
e4d6b3
e8d9b6
e7d8b3
dfcca4
dbc297
dfc294
e0cc9b
daca99
d3c496
c6b68a
bfab7e
c8b183
cfb283
caad79
bea066
ba9a57
b9984e
b19149
af9152
755d2d
220c00
291100
6a5229
9d855b
9e8659
a08758
b19568
c2a679
ccb68a
bea87b
b9a375
bda879
bda777
b9a473
bba675
bea976
bea777
bda676
bda577
bda678
bea87b
c1a97e
bea880
bda780
bfaa84
c3af89
c7b48f
c9b997
cdbc9b
cfc09e
d2c5a2
d2c5a3
d1c4a2
d2c5a2
d2c5a3
d3c6a3
d3c6a4
cdc49f
cec6a1
d3caa7
d7ceab
dad1b0
ddd4b4
dfd6b7
ded4b7
dfd4b8
e0d5b9
e1d8bb
e1dabd
e3dcbf
e3dec0
e4dfc1
e4dfc1
e6e1c3
e8e3c5
e9e4c6
e8e3c5
e7e2c4
e6e1c3
e6dfc2
e5dec1
e5dec1
e4ddc0
e4ddc0
e5dec1
e5dec1
e2dcbc
e3dcbf
e6dfc2
e9e3c7
ece5cc
ece5ce
ece4cf
ece4ce
eae4cb
eae3c9
e6dfc4
e2dbbd
ded8b8
dad4b1
d8d1af
d9cfb2
ddd4b7
e1d9bd
e4ddc2
e6e0c6
e9e3ca
eae4cc
ece6cd
ece6cd
ebe5cc
eae4cc
e9e3ca
e6e0c8
e4dec5
e4dec1
e4dfc1
e5e0c1
e4ddbf
e0d8bb
ded4b7
dcd2b5
dbd2b2
d9d1ae
d7cfab
d7cead
dcd3b4
e1d8b9
e2d9bc
e2d8bb
e6dab9
e5dbb7
e5ddb6
e5deb8
e6dfc0
e7e0c7
e9e0cd
e7e1cc
e8e3cc
ebe5cf
ede6ce
eee7cc
eee4ca
eee3c8
e4d9bc
dfd5b5
e0d7b7
ddd7b7
dbd4b5
d8d1b3
d7d0b2
d7ceb0
d8cbad
dacbac
dfcfad
e3d1ac
e0cca2
d5c094
cab585
c9ad6f
c2a566
bb9d5c
ba9d58
be9f56
be9f54
bc9b4f
bd9d56
be9e58
c09e59
c19d59
c39e59
c49e5a
c59e5b
c79d59
c89c56
c79e57
c79e56
c69d54
c39c51
c19a50
c1994c
c7984c
cb9d52
c89c52
ca9f57
d2aa64
d1aa65
c49f5b
876734
432902
533e19
c0b18d
dcd1b1
ccc3a5
d0c6a8
cdc7ad
d0cbb3
d9d4bc
dfdbc2
e2ddc7
e2dec8
e1dfca
e4e1cc
ebe6d1
eee9d4
ebe6d1
eae5d0
f0ead6
f1ead7
ede8d3
f0ebd1
f4efd5
f8f1d5
f6ebd0
eee0c5
e3d3b8
dbc9af
d8c2a5
d3ba9f
caaf96
c3a389
bc967c
b38a6b
aa805e
a6784d
a67545
a3703f
9d6734
9e632e
9f612b
9d5a24
92531b
874c13
86460d
803e05
7e3b04
793b06
713603
662e01
6b2e01
6d2f03
662b02
602803
622c0c
632f12
5c280e
582a0c
522f0b
281100
1f0f02
3c2812
4a2b0d
592e03
734415
936234
a5733d
9f6c2d
956018
8b5308
884e01
905307
965509
945304
925201
915100
8f4f00
8d4c00
8b4901
232424
171a19
09100f
010b0b
020a0b
0b0e11
16171d
202223
35322f
443a35
463f33
47452e
53452c
74503a
9f715a
b78b6f
bd8e70
c08e6b
c38e66
ce9569
d99d6e
dda070
dc9c74
da9c73
da9f75
dba67a
ddac7e
dbaf80
d9b07f
deb385
e0b487
e3b78a
e7bb8e
eabd90
e8bc8f
e4b88b
e5b68a
e0ae83
cf996d
b37d51
9b6b41
98734a
a68b65
c0ac86
e4d5ab
f1e1b8
f6e7c1
f4e5c3
f0e2c2
ecdfbf
e9dcbd
e8dab7
e8dbb9
ddd2b1
d9ccab
e5d5b1
ebd6ac
dfc598
d5bf90
d2bd91
dcc99c
dbc898
c2ac79
b59a63
b6965c
bc9d61
b79958
b6974f
b6974d
af914c
ab9057
786238
341e04
311b00
664f25
957f50
9c8451
9c8451
ae9463
c1a776
cdb28a
c1a67b
bba075
bfa478
bda375
baa070
bda373
bca573
bba373
bba373
baa274
bba375
bca478
bea57a
bda57d
bca67f
bca882
c1ad88
c7b692
cdbd9b
cfbf9d
cfc09e
d2c5a3
d2c5a3
d1c4a2
d1c4a2
d3c6a4
d4c7a5
d4c7a5
d1c9a4
d2caa6
d5cca9
d8ceae
d9d0b1
dcd3b4
dcd3b5
dcd2b6
ddd2b6
dfd4b8
e0d7ba
e0d9bc
e2dbbe
e2ddbf
e4dfc1
e7e2c4
e7e2c4
e6e1c3
e7e2c4
e7e2c4
e8e3c5
e8e3c5
e4ddc0
e4ddc0
e3dcbf
e2dbbe
e2dbbe
e2dbbe
e2dbbe
e5dec0
e6dfc2
e9e2c5
ebe4c8
ece5cb
ece4cc
eae2cc
ebe3cc
eae3ca
e6dfc5
e2dbbf
dcd5b8
d8d2b2
d4cead
d4cdad
dbd2b6
dfd7ba
e3dcbf
e4dec4
e5dfc5
e7e2c9
e8e4cb
ede8d0
eee9d0
eee9d1
ede8d0
ebe6ce
e8e3ca
e5e0c8
e5e1c5
e4e1c3
e2dec0
e1dbbe
dfd8bc
dfd7ba
dfd5ba
e0d6b7
ded6b3
ddd4b3
ded5b5
e2d9bb
e6ddc0
e7dec2
e7ddc1
e5dfc1
e5e0bf
e7e1c0
e7e4c3
e7e5c9
e9e6d0
e9e7d4
e9e8d6
ebead7
efecd8
f0ecd7
f1e9d1
eee5cb
ebe0c7
e2dabb
ded7b6
dfd6b4
ddd4b1
dbd1ad
dacea9
d8cba6
dbcca8
e0cea9
decba4
dfcaa0
e0c99b
dac190
d0b582
c6ac77
c6a86c
c0a164
bb9b5c
bb9b5a
bf9e5a
c09f58
bd9c54
bf9b56
bf9c55
c09d56
c39d56
c59e55
c79f55
c8a054
ca9e51
cb9c4f
cc9e51
cd9e51
cd9e52
cb9e51
cb9d51
ca9d50
cb9e51
c89b50
c59b50
c69c53
c8a058
cda65e
d1aa63
ba985d
7b5d27
523d10
92825d
c5ba9c
cac0a7
d4c9b1
d8d0bb
d9d2be
dbd4c0
ddd8c4
e0dec8
e3e2cd
e4e5d0
e7e7d2
ebead5
efecd6
f3ecd5
f9edd5
fff0d8
fcebd0
f6e4c8
ebd5b7
d2bb9c
b39b7a
9b7f60
8d6f4e
836241
7c5b3a
765130
724a2b
6c4121
663715
65330c
6d390b
794410
814a11
8c5318
9b6025
a5672b
ac6b2e
af6c2e
ad6829
a76324
a66625
a96623
9f5916
8f4807
864203
844207
824209
7d3803
763301
6d2c00
6c2c03
70320e
6e3311
64290a
632c12
512407
391b00
2b1400
331906
583411
6c3f07
7a480c
925d22
925e1d
865009
874f03
8e5206
905309
95550c
915108
905003
8e5000
8e5000
8d4f00
8a4b00
884800
202123
161a1b
0c1214
030c0f
01080e
0a0d18
1a1b27
22262c
373739
473e3b
483f30
4e4329
644c2a
906240
b78160
be8e6a
be8b66
c8946c
d09b6f
cf976a
cf9768
d69d6d
dea379
dea479
dea77b
dfac7f
e0b082
e0b385
e1b586
e4b78b
e2b689
e0b487
e2b689
e5b98c
e8bc8f
e9bd90
edbc96
f2bc99
f2ba95
ebb48d
dba87d
c4986a
b08b5b
a58250
a98350
be9a69
d8b88b
efd3a9
fae2bb
f9e4c0
f3e0bf
eadcb9
e8dbba
eadfbf
e5dab9
d7c9a6
d2c19a
dfc9a1
e5caa0
ceb68a
c7b182
d2bc89
d5be82
d0b470
bf9f55
b39249
ac8c43
a98b42
ad914b
ab9154
9f8758
725a3a
3d260b
382300
645021
8e7a44
958045
978248
ad9660
c2ab79
ccab84
c3a279
bf9e75
c1a075
c09f73
be9d70
c09f71
bca371
b9a171
b9a171
b9a173
b9a173
baa276
baa176
bba37b
bca67f
bba681
c1ad88
cab893
d0c09e
d1c19f
d0c09e
d0c3a1
cfc2a0
cfc2a0
cfc2a0
d0c3a1
d1c4a2
d2c5a3
d2caa6
d4cca8
d6cdad
d9d0b0
dad1b3
dbd2b5
dbd3b6
ddd2b6
ded3b7
e0d5b9
e1d8bb
e1dabd
e3dcbf
e3dec0
e5e0c2
e8e3c5
e6e1c3
e5e0c2
e5e0c2
e7e2c4
e9e4c6
eae5c7
e8e1c4
e7e0c3
e6dfc2
e4ddc0
e4ddc0
e4ddc0
e4ddc0
e6dfc2
e8e1c4
e9e2c5
ebe4c7
ebe4c8
ebe4c8
eae3c7
e6dfc3
e2dbbf
ded7bb
dad3b6
d6cfb2
d4cdb0
d4cdb0
d4cdb0
dbd3b6
ded7ba
e2ddbf
e4dec3
e4e0c6
e5e3c9
e7e4cb
ede9d0
eeead1
f0ecd3
f0ecd3
eeead1
ebe7ce
e8e4cc
e9e7ca
e7e6c8
e5e2c5
e4dfc2
e3dec1
e4ddc1
e7e0c4
e6dfc1
e3ddbd
e4ddbf
e5dec2
e8e1c5
eae3c9
ebe4ca
ebe5cc
e7e7ce
e9e9d0
eaebd3
ebedd6
ebeed8
ecf0db
ecf0df
eaeddc
ecefdc
eff0db
f1efd9
efead0
ebe3c7
e7ddc1
e3dab9
e0d7b3
ddd2ac
dacba4
d9c89d
d8c396
d5be8f
d3bb8b
d0b987
ceb683
ceb37e
d0b179
ceaf73
caa86a
c6a465
c2a166
c09d62
be9b5e
bf9b5c
c29d5e
c39d5d
c29c5b
c09a54
c19b54
c29a52
c29b4f
c29b4d
c29c4b
c29d4a
c89b47
cc9b46
ce9c49
d09d4a
d29d4e
d39e50
d49f51
d4a155
d0a55a
c9a054
cba155
cba156
c79e53
cda359
d9b266
cfaa66
ac8d4f
69501d
796842
c6ba9e
d5cbb6
d6ccbb
dfd5c5
e0d7c6
ddd6c4
ded8c5
dfddc8
e3e1cb
e5e6cd
e2e2cc
e8e2cd
f3e8d1
edddc1
d9c0a1
be9f7d
a88660
9c744f
865731
7d4f28
77451d
76421a
79431a
794218
794017
7b3f15
7f4319
87491d
8f4f1f
98561c
a15f1c
ab671d
ab681f
ad6a22
ae6b24
ac6922
af6b24
b5702a
b8722d
bc7732
c27f37
b57126
a45f13
9b5508
9b5309
984e09
914a06
904607
873f02
7f3701
7d3502
7e3609
7c360c
77310a
74301a
5f250d
471c00
341301
502d13
794d23
7c490b
784101
844a05
8a5105
8b4f01
945709
96570d
8f4e08
8f4d09
8d4f07
8b4d03
8b4d00
8c4e00
8b4e00
894b02
864700
24221d
191a14
0d100c
060a09
020609
0b0b11
191520
24242a
3a3437
483934
4b3c2a
5c4c2c
7c5f37
ab774d
c78a60
c18a5f
bf885d
cb9467
d29c6f
ce996b
cd9869
d49e71
d9a378
dba67a
dda97d
dead7f
dfaf81
e1b284
e3b587
e7bb8e
e5b98c
e4b88b
e5b98c
e8bc8f
e8bc8f
e6ba8d
edbc94
f0bc99
f1bc98
f1be97
f0be93
e9ba89
e1b580
deaf78
d09c67
b1814c
9d7340
a67f51
c4a276
e6c79e
fbe0b7
fde9c2
ebdbb5
e1d2ae
e5d8b5
ecdeba
e5d4ac
d7c298
d1b88c
d3bc8d
d5c08f
cab680
c4ae70
d1b66f
d2b565
bd9a4c
a9883c
a2853c
9d8542
927d46
745f37
462f15
261000
311e00
5f4d1f
837239
887638
968347
b19a67
c1aa7c
c4a27c
c09f76
bf9e74
be9d72
be9d71
bf9d70
c09f71
bca271
bba373
bba373
bca476
bba375
baa276
baa076
baa27a
bba67f
c0ab85
c8b48f
cfbd99
d2c2a0
d2c2a0
d0c09e
cdc09e
cdc09e
ccbf9d
cdc09e
cdc09e
cec19f
cfc2a0
d2c8a7
d3caaa
d5ccae
d9d0b2
dbd2b6
ddd3b7
ddd3b9
ded3b8
dfd4b8
e1d6ba
e2d9bc
e2dbbe
e4ddc0
e4dfc1
e6e1c3
e8e3c5
e6e1c3
e5e0c2
e6e1c3
e7e2c4
e9e4c6
eae4c7
e6dfc2
e5dec1
e4ddc0
e3dcbf
e3dcbf
e3dcbf
e4ddc0
e5dec2
e7e0c3
e8e1c4
eae2c6
eae4c5
e9e2c3
e8e2c0
e4debe
dfd9ba
dbd4b5
d6cfb2
d3ccaf
d3ccb0
d5cdb3
d8d2b6
e0dabc
e4dec0
e8e4c6
e9e6ca
e9e8cc
ebeacf
ecebd2
e9e7ce
eae8cf
ebe9d0
edebd2
edebd2
ecead1
ebe9d0
ebeace
e8e8cc
e4e4c7
e3e1c5
e3dfc4
e5dfc5
e9e2c8
e8e2c7
e7e2c6
eae5c9
ece6cc
ede7ce
ede7d0
eee8d1
efead5
edefd9
eff0dc
f0f2e0
f0f4e2
f0f5e2
eef5e0
edf5df
edf2df
eef1dd
eff0d9
efebd1
ede5c7
e9ddbd
e6d8b5
e1d2aa
dccba0
d5c395
d1bc8e
d0b987
ceb581
caaf7a
c6aa73
c2a76e
c2a56b
c2a465
c2a160
c4a15d
c5a159
c5a058
c29d5e
c29d5e
c39d5e
c59d5e
c69d5f
c79c5d
c69b5c
c69e59
c59e58
c59e59
c39e57
c29d55
c09d53
be9c51
c39b4e
c79b4c
c89b4c
cb9c4d
ce9d4f
d29e51
d4a052
d5a355
cfa95c
cfa65a
d3aa5d
d4aa5d
cfa556
cfa556
d8ab5d
cca35d
bf9b5d
7d612d
6e5b33
c4b89a
d7cfb9
d3cbb9
d3cbb9
d9d0bd
e1d7c3
eae0ca
f1e6ce
f1e6cc
efe3c7
ebdec4
dbc7ae
b09378
846141
724823
74431a
814a1f
8b5125
925525
925223
904e1f
904c1d
96501f
a05828
aa602f
a85f29
a85f28
ac622a
b3682c
b96d29
b76c1e
b16611
b26815
b16919
ac6417
ac671b
ba752d
ce8b44
db9854
de9a56
dc9851
d39045
be7b2e
ab6717
a45c0f
a3560d
a1530d
9b4f08
994c08
954709
8f4208
883a06
88390a
8e3e12
7a2c11
753316
5b2808
4d250a
946c4f
ab7c50
8b5411
7c4100
804300
8c4f00
905302
955807
8f5006
874701
894907
884a05
874a02
874a01
884b01
884b03
864902
844602
2b2513
1d1908
0f0e00
0b0a01
0d0a06
150f0f
20161a
2a2124
3e3031
4b3830
54432e
70603e
92764c
b38054
c7885b
c88b5b
c88d5d
ca9162
cd9667
ce9a6b
d19e6f
d4a173
d8a578
dba97b
ddad7f
deae80
deaf81
e2b385
e6b789
e3b78a
e2b689
e1b588
e4b88b
e7bc8e
eabe91
eabe91
e7bb8e
e7bc91
eabe95
eabd96
e9bb91
e9bb8b
ecbe87
eebe86
eeb988
e6b382
d4a473
b78b5b
a27949
a57f50
b79464
d5ba8e
e9d2a8
f3dfb8
ebdab3
e6d4ad
e6d1a8
e5cda2
dcc796
ccba88
c6b683
c3b37c
bfac6f
c2ac67
bba357
c09d52
c29b54
a68743
816a2d
5b4915
342303
230e00
271100
2f1c02
5d4b21
7a6a33
877639
aa965d
c4ae80
bfa781
ba9a73
bc9c73
bc9c72
bb9c6f
bc9d6f
be9f71
c0a173
bba371
baa273
bba373
bca476
bba375
baa276
b89f74
b69f77
bca67f
c8b48e
d3bf99
d5c39e
d1c19f
d1c19f
d1c2a0
cec19f
cec19f
cdc09e
cdc09e
cfc2a0
d0c3a1
d0c3a1
d5cbac
d6cdae
d7ceb1
d9d0b4
dad0b5
dbd1b7
dbd1b8
dcd1b6
dcd1b5
ded3b7
dfd6b9
dfd8bb
e1dabd
e1dcbe
e3dec0
e6e1c3
e7e2c4
e7e2c4
e8e3c5
e8e3c5
e8e3c5
e7e1c4
e2dbbe
e2dbbe
e1dabd
e2dbbe
e3dcbf
e5dec1
e6dfc2
e9e2c5
e9e2c6
e9e2c5
e8e2c2
e6e0be
e3ddba
e0dbb6
ddd7b4
d9d4b2
d6d0af
d3cdaf
d5ceb2
dad3b8
e0d8bf
e4ddc4
e8e4c5
ebe8c9
edebcc
ebeace
eaeacd
eaead0
eaebd1
e4e4ca
e4e4ca
e4e4ca
e7e7cd
e9e9cf
ececd2
efefd5
ebebd1
e8e8ce
e5e5cb
e3e2c8
e3e0c7
e5e0c6
e6e0c8
e7e2c8
e8e4ca
ede9d0
efead3
eee9d3
ede8d4
eee9d5
f0ecd8
f1f1da
f2f1dd
f1f2e2
f2f4e4
f0f4e0
edf2da
eaf2d4
eef1da
edeed6
eae6cb
e5debe
e2d3b0
ddc9a3
dac49c
d6be8d
d0b681
c8b07a
c5ab76
c6ab77
c5ab74
c2a770
bfa46b
bfa567
c1a464
c0a361
c0a05a
c2a057
c4a154
c6a155
c49e56
c6a05a
c9a25b
cba15d
cb9f5c
ca9d5a
ca9c59
c29b56
be9a57
be9b59
bd9a5a
bc9b5e
ba9b62
ba9c63
bb9d60
bf9e5c
c19e5b
c49e59
c8a057
cca255
d1a456
d1a657
caa65a
cea75c
cfa658
d0a757
d2a856
d1a554
cd9f4d
cfa161
c19a5f
8d6e3b
6e5a31
bcaf90
d5cdb3
d6d0b8
dad5be
ded8be
e7dcc2
f3e4ca
f5e1c4
e1c6a9
c3a587
a27d5f
84573a
7a4a2b
804a29
915632
9d5c35
a15c33
a45e31
a5632f
a6622e
a9622e
ad632f
b0642f
b2632e
b2632c
b36729
b26729
b36729
b46728
b56724
b5681d
b46716
b36615
af6417
ae6318
b56f28
cb8844
df9e5e
e0a266
da9a5e
db9859
e0a15c
d5974d
bf8034
b06a22
ab5e1a
aa5918
a2570e
9d520c
9d500f
9c4d12
954510
914110
974616
8b3c1a
7f3b16
6e3b14
532c0a
926b4b
ba8c61
9a6521
8e5307
8f5408
8f5303
8a4f00
8e5403
884e02
834902
874c09
844705
834703
834700
864a01
864a03
854805
834605
706242
5d5132
453d20
342d13
2a200e
271a0f
2a1913
34211e
402925
52382b
6e523b
907352
a78257
b38253
bf8453
c88b59
cf9461
d09766
cd9768
ce996a
d19e6f
d4a274
d8a678
daa87a
ddac7d
deae80
dfaf82
e2b286
e5b689
e6b98d
e4b88c
e3b78b
e3b78b
e5b88d
e7ba8e
e7ba8f
ebc094
e9bf94
e4b98f
e3b78e
e5b98f
e9ba8c
eab989
edbb88
eebc89
e9b685
e9b886
e3b583
d1a572
ba8e5b
a97f4c
937040
a98a59
cfb282
ecd0a1
efd6a6
e9d0a1
eacea1
e1cd9b
d7c692
c9ba87
bdac76
b6a468
bba361
bb9f57
bb9950
bc9a52
b49551
9f874a
715e2b
372605
1e0f00
271600
302004
584823
796a3a
90814b
c2b07c
cfbc8e
bba47e
b39972
b69b73
b89c75
b89c73
b99e72
bca071
bca16e
bba26e
baa16f
bba170
bca373
baa173
b89f74
b79e74
b79f77
bea881
cdb893
d7c5a1
d8c7a5
d4c5a3
d4c4a2
d5c5a2
cfc3a1
d0c3a2
cfc2a1
cfc2a1
d0c3a2
d2c5a4
d3c6a5
d6ccad
d7cdae
d8ceb1
dacfb3
dacfb5
dacfb6
d9ceb6
d8cdb3
d8cdb2
dbd0b5
ddd3b7
ddd6ba
e0d9bc
e0dbbd
e2ddbf
e6e1c3
e6e1c3
e7e2c4
e7e2c4
e7e2c4
e7e2c4
e6e1c3
e5dec1
e4ddc0
e4ddc0
e4ddc0
e6dfc2
e8e1c4
e9e2c5
ece4c7
ece4c8
ebe3c6
e8e1c1
e3dcbc
ddd7b5
dad3b2
d6ceac
d2caaa
d5ccad
d8d0b2
ddd6ba
e3ddc2
eae3ca
ede7cd
ebe7c9
ede8cb
ece8cc
eae8cc
e8e6cb
e6e5cc
e5e6cc
e4e3ca
e5e4ca
e5e4ca
e6e5cc
e9e8cf
edecd2
f0eed5
eeeed3
ecebd1
e9e8cf
e7e5cc
e5e3cb
e5e2cb
e5e2cb
e7e3cc
ebe6cf
eee9d3
efead5
eeebd7
edebd7
edecd8
eeedda
eeeed6
f0f1dd
f1f3e2
eef1e0
eaedd9
ebecd1
ededcc
ece9cc
e7e2c3
e0d7b6
d8c9a3
d1be93
ccb585
c9b17f
cbac73
c9a769
c2a364
c0a263
c1a667
c2a86c
bea56d
bba269
bca165
bea264
c0a261
c2a25f
c4a25b
c5a258
c7a258
c7a25b
caa35a
cba359
c99f56
c59b54
c19955
bf9a56
bc9c5d
bfa065
c4a56d
c7aa78
caaf81
ceb388
d0b88d
d0b689
ccb180
c7ad77
c4a96a
c4a762
c8a55d
cca45a
cba157
c7a055
cba459
c9a355
c9a152
cca253
cc9e4e
c59646
c89b58
b48c50
8f6f3f
6d5730
b4a585
d1c7a7
d3cdab
dfdbbb
eae5c4
e9debd
ceb997
a28361
835a38
7b4b29
884f2d
965531
9b5b34
a36338
a86438
a96032
ae6132
b46635
b26832
b1652f
b2662e
b66930
b7692f
b4652a
b06025
b56724
b76826
b66823
b56520
b1611b
af6219
ae6318
af641a
ae621a
b16721
c17b39
d79356
e0a066
dd9e68
d69760
d79559
da9b5c
d99c59
d69753
cf8b46
c17531
b0611d
a55b14
a15711
9f5410
a15314
a05015
9c4914
984412
9e4d1f
884215
7b451b
441a00
542a14
9e6d3e
a46a2b
92560e
8c5309
885002
844b00
844c02
804800
7b4300
7d4502
7f4605
7e4502
804600
824601
834702
844603
864705
c2aa7b
b7a170
a69563
968657
84744d
756044
6b523e
614435
5c3e2c
6a4833
8a6548
a77b57
b28256
b78454
bf8857
c78d5b
ce9663
d19968
cd9667
cd9768
d39f70
daa677
dca879
ddaa7b
dfac7f
e1af83
e2b286
e4b58a
e4b68c
e5b88e
e5b88e
e5b88e
e5b88e
e5b88e
e6b990
e7ba90
eabe94
ecbf97
ecbe95
ecbd93
eabb91
eab98e
eab88d
ebb788
e7b47e
e4b17c
e2b07a
e3b17c
e1b07c
daa875
d2a06d
b58855
9e723c
966c34
b18c50
d9b87f
eece9a
eccd9b
dbc693
dbc794
cfbd8a
c0ae78
bfab6e
c4aa65
bf9f57
b4974a
a98f43
aa8d46
af9254
917946
56431b
2b1e03
231901
291e01
483c1a
7c7047
a49668
cdbc8c
c7b385
b19c71
b19a72
b29a75
b69c78
b89d78
ba9d75
ba9e6e
b99e69
bba06b
ba9f69
b99d6b
bba170
b99f70
b59d72
b89f76
bda67d
c6af88
cfbc98
d6c7a5
d8cbab
d7c9a8
d7c8a6
d8c7a5
cfc2a2
cfc2a2
cdc0a0
cdc0a0
cfc2a2
d2c5a5
d3c6a6
d3c8aa
d4c9ab
d6cbad
d7ccb1
d9cdb3
daceb5
daceb6
d8ccb3
d8ccb2
dbcfb5
ddd3b8
ded7bb
e0d9bd
e1dcbf
e3dec0
e6e1c3
e5e0c2
e5e0c2
e5e0c2
e5e0c2
e5e0c2
e5e0c2
e6dfc2
e5dec1
e5dec1
e4ddc0
e5dec1
e7e0c3
e9e2c5
e9e0c3
e9e0c3
e7dec1
e5dcbf
e1d8bb
dcd3b7
d9d0b3
d8ceb0
daceb0
ded3b5
e2d8bb
e5dec2
e8e1c5
e9e4c9
ebe5ca
ece5c8
ede7cb
eee8ce
eee8d0
ebe7ce
e7e4cd
e5e2cc
e7e5cc
e7e5cc
e8e5cc
e9e7ce
ebe9d0
ecead1
edead2
efeed3
efeed2
edebd2
ebe9d0
e9e7d0
e8e6d1
e6e4cf
eae6d2
efe9d6
efead7
efecd9
f0efdc
eff0de
eff2df
eff2df
f3f2df
f1f3e2
eff4e1
ecf0dc
e9e9d2
e8e4c7
eae1c0
ddd1ac
d7c9a2
cebf94
c7b585
c2ab77
c1a66d
c1a469
c5a363
c7a45f
c7a45c
c5a559
c4a559
c2a55e
c2a464
c3a365
c4a263
c4a262
c4a362
c6a563
c9a765
caa763
cba864
ceae6f
c8a664
c29e5a
c09d59
c1a462
c3ae6f
c4b377
d0be89
d9c696
e5cfa6
edd7b2
f1dab9
f5debd
f7e1be
f7ddb8
efd3a8
e0c793
d2bb7d
cbb06b
caa861
c99f5a
c79a56
c69a50
c59c51
c39c4f
c0994b
bf9547
c19244
c29043
b68b41
b08849
917040
6d522f
b4a080
e1d3b0
e2d6ad
d9cba5
c0af89
9d845f
86633c
855630
945a35
a5643f
ae663e
af6235
ae6435
ac6632
ad662f
ae652b
b06329
b36229
ba672e
ba682e
bb692d
ba692a
b76627
b46322
b26120
b76422
b8631f
b9621a
b96319
b86319
b4641c
b0631f
ab611c
ad631f
bd7332
d48e50
e29d62
e19e67
de9c69
dd9b66
da9a5d
d79a5e
d4975c
d6975b
d69352
cc8640
be752c
a9611a
a45b13
a1570d
a5560d
a65410
a24d0e
9c450c
9f4c14
954b19
854a21
491900
441603
8b5521
9c5d22
8e4f0a
8b5005
8a5002
864c00
824700
804500
804500
814501
7f4501
804600
834700
874900
874800
894700
8a4800
dab56f
d8b871
d7bb74
d7bd7c
d7bc82
d0b181
c7a47d
af8d6a
9b7a55
946e48
9d734b
ab7d51
b48154
bd8758
c48c5b
ca8f5d
cf9663
d19968
cf996a
d09a6b
d5a172
daa677
dca97c
deab7e
dfad82
e0b085
e2b389
e4b68c
e4b78d
e7ba90
e7ba90
e8bb91
e8bb91
e8bb91
e8bb91
e8bb91
e9be94
ebbe94
eabd93
ebbc91
eabb8f
e9b88c
e9b88a
ecb788
edb784
e8b17e
e3ac79
e3ac79
e4ac78
e2aa76
e1a873
e2a770
cc945a
ac793b
936526
966e2f
b89358
dbb980
dec691
d2be89
c5b47d
bdab72
b7a365
b49c57
b89c53
b89b52
ad9147
a58843
a38649
8a703d
56421a
291b00
1d1101
271a00
3e3011
897955
c3b289
d0bb91
bca67b
af986e
b1996e
b2996f
b59a72
b79b74
b99c72
ba9c6d
ba9d69
ba9f6a
b89d68
b89c6a
b99f6e
b79d6e
b49c71
b9a178
c3ac82
cdb791
d3c19e
d7c9a9
d6c9aa
d3c6a6
d3c3a2
d3c3a2
d0c3a3
cfc2a2
cdc0a0
cdc0a0
cec1a1
cfc2a2
d0c3a3
d0c5a7
d1c6a8
d4c9ac
d7cbb0
d8ccb2
daceb4
daceb6
d9cdb4
daceb4
dcd0b6
ddd3b8
ddd6ba
dfd8bc
e0dbbe
e1dcc0
e5e0c1
e6e1c3
e8e3c5
e8e3c5
e7e2c4
e5e0c2
e4dfc1
e5dec1
e5dec1
e5dec1
e5dec1
e7e0c3
e8e1c4
eae3c6
e9e0c3
e9e0c3
e8dfc2
e6ddc0
e3dabd
e1d8bb
dfd6b9
e0d6b9
e3d8b9
e5dabc
e8dec1
e8e1c5
eae3c7
e9e3c9
eae4c9
e9e2c6
ebe4c9
ede7cd
ece7ce
eae6cd
e3e1c9
e0dec7
e6e4cb
e6e4cb
e7e5cc
e8e6cd
e9e7ce
ebe9d0
ebe9d0
efeed2
f0efd3
f0eed5
efedd4
eeecd5
ecead5
eae8d3
ece8d6
efe9dd
f0ecde
f2efe0
f3f0e2
f2f2e3
f3f3e3
f4f3e2
f4f0dd
efecd8
ece9d3
ebe6cd
e8dfc2
ded2b2
d5c7a4
ccb78a
c8b382
c5ac79
c1a771
c1a368
c3a264
c4a262
c8a361
cba661
cfaa61
cda75c
c9a154
c69d50
c99d53
c89d53
c59e53
c8a259
c9a55f
c8a763
c5a767
c2a667
c1a668
bba36c
baa36c
c1ab74
d0be89
e0d5a2
e9e3b4
eae9bd
edecc3
f2efc8
f8f0cf
fbecd0
f8e4ca
f3dabd
edd3b6
eccea5
e9c893
debf83
d2b36e
cbaa5f
c8a355
c79c51
c6974d
bd9045
b98e40
b28b3b
af8737
b08534
b38433
b68333
aa7c31
ae8443
8e6b39
765a35
b9a07f
e0c8a6
c0a981
99744e
8a5f3b
8a5934
945c35
a7663f
b26b42
b1653c
b16336
b26834
ae6632
ab642c
ab6529
af6429
b4652a
b6662a
b66527
b66527
b76627
b76625
b56423
b36120
b1611d
b25f1c
b5611c
b8621b
ba6319
b86319
b3621a
af611b
ad6320
b9712f
d08949
e19c5f
e2a066
db9c64
d99a66
dc9e67
da9f66
d49a62
ce945d
ce925a
d39459
d38f50
cb8542
b46d21
a35b0e
9d5304
a35607
a35207
9e4a05
9e4a07
994207
954914
8a4b20
5d2c06
63350d
8d5625
905116
874502
864600
894900
884800
884800
874700
8a4901
8d4b05
8c4a05
894901
874600
884600
8b4900
8d4800
8d4700
dcaa50
dfb157
dcb35a
d6b05c
d6b268
dab474
dcb27a
d2aa76
b98f5d
a27544
a57443
b4804e
bc8555
c18756
c78d5a
cd9361
d09765
d39b69
d29c6d
d49e6f
d7a374
dba879
ddab80
dead81
e0af85
e0b389
e2b58c
e4b88f
e5b991
e9bc92
e9bc92
eabd93
ebbe94
ebbe94
eabd93
e8bb91
e9bd92
e9bd92
e8bc90
e9ba8e
e8b98c
e8b889
e7b787
eab585
ebb381
e9b07e
e7ae7b
e8ad77
e8ab75
e8a973
e6a771
e6a469
dc9c5e
c98e4c
b37e3a
a3722f
9d7031
9d7134
c1a46b
ceb47d
ccb47c
c0aa71
baa466
ba9f5c
b3974e
ae9049
aa8a45
a38240
947539
755927
4b350c
2b1b00
221400
251600
3d2d12
938164
d1bd9c
c4af8a
b29b72
b29a70
b19767
b2976a
b3976e
b59870
b9996f
ba9b6d
bc9c6b
b99d69
b79c67
b79b69
b89e6d
b59b6c
b59d72
bea47b
c8b189
d0bc97
d3c3a1
d4c7a8
d0c5a7
ccc1a2
cdbf9f
cfbf9e
d0c3a3
cec1a1
ccbf9f
ccbf9f
cdc0a0
cec1a1
cfc2a2
cfc4a6
d1c6a8
d2c7aa
d5caaf
d6cab0
d8ccb2
d8ccb4
dbcfb5
dcd0b6
dcd0b6
dcd2b7
dcd5b9
ded7bb
dfdabd
e2ddc0
e6e1c3
e8e3c5
eae5c7
eae5c7
e9e4c6
e7e2c4
e5e0c2
e5dec1
e5dec1
e6dfc2
e7e0c3
e9e2c5
e9e2c5
e9e2c5
e7dec1
e6ddc0
e5dcbf
e4dbbe
e3dabd
e2d9bc
e0d7ba
e3d9bc
e6dbbd
e7dcbe
e7dec1
e6dfc3
e7e0c4
e5dfc5
e6dfc5
e7e0c4
e7e0c5
e5dfc5
e4dfc6
e3dfc6
e1dfc8
e1dfc8
e5e3ca
e6e4cb
e8e6cd
e9e7ce
e9e7ce
e9e7ce
e8e6cd
ecebcf
eeedd1
efedd4
f0eed5
f0eed7
efedd8
edebd5
ebe9d8
ebe9dd
eeecdf
f1efe0
f2f1e0
f3f1df
f3f0dd
f3f0db
f1ebd3
efe7cd
ebdfc1
e4d5b2
dcc9a1
d1bc92
cbb589
c7ab75
c6a870
c4a469
c3a165
c39f5f
c5a05e
c7a15c
c5a05c
c49f5b
c5a05a
c8a15a
cca35a
cea358
d0a255
cc9f52
c89f54
c8a158
c3a15d
bd9f63
baa068
baa46f
bca877
cabd90
d5c99e
e4ddb3
f0edc6
f3f4cf
eff4cf
eaf0cd
eaf0cc
ebeecc
ede9cb
ede1c3
e9d4b6
e2c6a3
dbbc97
d5b380
d2ab6b
cca660
c49c4e
be9542
ba8f3b
b88c38
ba8d3a
bc8e40
b78c3b
b38a37
b18834
b18430
b07d2b
ad7926
b28032
a27531
835f29
7b5b33
9b7a59
aa8564
825b36
844c28
975834
a96942
b26e46
b1683d
b06436
b66738
b76a36
b36a32
b06a30
ad692e
ac682b
ad6529
af6228
b16127
b36325
b36325
b46324
b46423
b26321
b26220
b1621f
b26222
b36321
b6631d
b4611a
b2601a
b1631e
b06724
b87132
ca8547
e09c5f
e7a76a
e0a267
d89b62
d79c65
daa066
d9a066
d49c64
ce9560
cd925d
d0925c
d18d54
cc8649
c27a2f
ad6517
a15807
a25604
a05101
9e4b00
a04c04
a1480c
9b4d19
8f5126
683812
683b14
824f21
8b5119
965615
9c5a14
9c5c13
99590e
915006
884801
864401
864504
8c4a0b
904e0b
8c4b06
894702
8a4902
894902
864600
d39933
d8a23d
d7a743
d3a84a
d8ae5a
daae67
d4a666
c4935c
ae7c47
a16c38
ab7540
be844f
c58b56
c98b56
cc8f5c
cf9564
d19966
d49c6a
d59f6f
d8a273
d9a576
dca97a
dead83
deaf84
dfb187
e1b48b
e3b78f
e5b992
e6bb94
e9bc92
eabd93
ebbe94
ecbf95
ebbe94
e9bc92
e7ba90
e8bc90
e8bc8f
e8bc8e
e8b98b
e7b988
e7b786
e7b685
e6b483
e4b17f
e6b17e
e6b07a
e6ac75
e5a970
e3a56a
e2a468
dca062
dca060
d69c58
c88f4b
b67f3c
a77133
a1692f
895f25
a9844c
cead76
d1b27a
c5a66b
bc9b5b
b89550
af8d49
ac8b49
a78444
8d6d32
674a17
432c03
301e00
281900
281700
412f17
8b7760
c1a991
b2997b
ad946f
b1976e
b09662
b19565
b29568
b5956c
b7976d
ba9a6d
bc9c6b
b99d69
b79c67
b89c6a
b89e6d
b59b6c
b69e73
c3aa81
cdb790
d0be9c
d2c4a4
d2c6a9
cdc4a6
cac0a2
cbbf9f
cec09f
d0c3a3
cfc2a2
cdc0a0
cdc0a0
cec1a1
d1c4a4
d2c5a5
d2c7a9
d3c8aa
d4c9ab
d5caaf
d6cab0
d7cbb2
d7cbb3
daceb4
dbcfb5
dbcfb5
dbd1b6
dbd4b8
ded8bc
e1dcbf
e4dfc1
e7e2c4
e7e2c4
e8e3c5
e8e3c5
e7e2c4
e7e2c4
e6e1c3
e6dfc2
e7e0c3
e8e1c4
e9e2c5
e9e2c5
e8e1c4
e7e0c3
e9e0c3
e8dfc2
e6ddc0
e5dcbf
e4dbbe
e3dabd
e3dabd
e3d9bb
e4d9bb
e5dabc
e4dbbe
e1dabe
e1dabe
dfd9bf
e0d9bf
e5dec2
e3dcc1
e1dbc1
e0dbc2
e2dec4
e3e1c9
e4e2cb
e6e4cb
e7e5cc
e9e7ce
eae8cf
ebe9d0
eae8cf
e8e6cd
e8e7cc
e9e8cc
eae8cf
eae8cf
ecead3
ecead5
edead5
ebead9
e9ebdc
eceedc
f0f0dc
f2f0da
f1efd6
f0ecd2
f0ebd0
f1e9c9
ece0ba
e5d2a4
dac38f
d2b67f
caad74
c5a86f
c5a56a
c5a468
c4a263
c29f60
c19e5b
c29e59
c29e57
c4a35d
c3a360
bf9d5e
be9c60
c09f62
c3a062
c29f5c
be9d5a
bd9d5d
be9f63
bda36c
c1aa7a
ccb98e
dccba5
e9dbb7
f5edc7
f8f3d0
f8f8d7
f5f9d8
f1f5d3
edefca
ecebc4
ecebc3
e7e4bb
e0d5ae
d8c59c
d1b687
cba973
c49f64
b9924d
b48a3d
b88a3a
b98832
b8872d
b8872d
ba8c32
bf9239
c89846
c39642
c09540
c0953f
bd9039
b88530
b27d26
b17b2b
996a22
7f5821
65441a
5e3916
7d4f2e
98613e
ac6c48
b4724d
b8784f
bb7a4e
b87748
b2703d
ac6934
aa682f
aa692f
a96a2f
a76b30
a86930
aa6930
ad6630
af662f
ae632a
ae6329
ae6427
ae6427
af6525
af6626
af6626
ab6229
ae6529
b26627
b16625
b26827
b67031
bb783c
cf8c51
df9d62
e7a76c
e4a66c
dda167
d99f65
d7a068
d79f64
da9c5f
d89d62
d49761
d0935d
d2905a
d08952
cc8249
ce863e
c27930
af6618
a25606
a15002
a35004
a14d04
a34f14
8f4614
844a24
5a2f10
451f02
673d13
8e5d2c
af773e
bd8346
bb8342
b07736
9a611f
834a0d
753b03
723704
814515
985e28
a36a2f
a0692b
9e692b
9b662b
946026
c4851d
c48a22
c18e28
c79939
d8ac57
dbae66
cb9c5c
b37e49
a8703e
aa713e
b97d49
c38650
c48650
c88952
ce915b
d19765
d29a67
d59d6c
d7a171
d9a374
dba778
ddaa7c
deaf86
dfb187
e0b389
e1b58d
e4b891
e5bb94
e6bc96
e8bb91
e9bc92
ebbe94
ecbf95
eabd93
e8bb91
e6b88f
e6bb8f
e8bc8e
e7bb8c
e8ba8a
e6b887
e6b685
e6b584
e5b483
e1b280
e2b17c
e0ad75
dfa970
dea56a
e0a465
dfa465
d3a05f
d39f5d
d29b57
cc9450
c18746
b4773c
ab6c36
95632b
865921
8c622c
ac854e
c6a166
c59f60
b98f4e
a98342
a58242
a07c3e
89662d
674815
483006
342301
2a1b00
2d1a03
402d17
796350
ab927e
a88d72
af9371
a98d65
b0955e
b09462
b29365
b39369
b6956c
ba986c
bd9a6d
b99d69
b89d68
b99d6b
b89e6d
b69b6c
b8a075
c7ae84
cfbb93
d1c09e
d3c5a4
d1c7a9
ccc5a8
cbc2a5
ccc1a4
d0c3a3
cfc2a2
cfc2a2
cec1a1
cec1a1
d0c3a3
d3c6a6
d4c7a7
d5caac
d5caac
d6cbad
d7ccb0
d7cbb1
d6cab1
d5c9b1
d8ccb3
d9cdb3
daceb4
dad0b5
dbd4b8
e0d9bd
e4dfc2
e5e0c3
e5e0c2
e4dfc1
e4dfc1
e4dfc1
e4dfc1
e5e0c2
e5e0c2
e8e1c4
e9e2c5
eae3c6
eae3c6
e9e2c5
e7e0c3
e5dec1
e9e1c4
e9e0c3
e6ddc0
e4dbbe
e3dabd
e2d9bc
e2dabd
e3d9bb
e2d7b9
e3d8ba
e2d9bc
dfd8bc
ded7bb
dcd6bc
dcd6bb
e2dbbf
e2dcc1
e3ddc3
e5e0c7
e6e2c9
e5e3cb
e5e3cc
e7e5cc
e9e7ce
ebe9d0
ecead1
edebd2
ebe9d0
e9e7ce
e6e5ca
e5e4c8
e5e3ca
e5e3ca
e6e4ce
e9e7d2
ebe9d3
ececd8
ebeedb
eef0dc
f1f2da
f3f1d6
f2efd1
efeccc
ece7c5
dfd7b0
d4c698
cab47e
c9ac6f
cbaa69
c7a664
c0a15f
c1a163
c0a062
c09e5f
be9d5c
be9c5a
be9c58
be9d57
bb9c58
ba9c5d
b99c62
b69a66
b49b68
b79f6b
bca56c
c6b178
d8c08e
e3cc9c
ecd8ad
f2dfb9
f5e4c4
fbecd0
fff2d7
fcf8d5
f5f3d1
eceecf
ebedcd
eeedc9
eee9bf
ede4b5
ded3a4
d3c696
c7b483
bfa571
ba9b5e
ba944e
b79042
b58a39
b78937
bd8b36
c38d33
c48d30
c69234
c79a3b
cc9e43
ce9e4b
c79a45
c39841
c3983f
c1933b
bb8930
b57f27
b9802f
9b6b23
7f571e
583509
502805
85502f
b97a58
ce8e6b
d0936e
d2956d
d3996c
d39b69
cc955f
c28d55
c0884e
c0834b
b77e44
ae773d
a97039
a86b36
aa6a36
ac6835
aa652e
aa652d
aa652c
aa652b
ac672b
ad682b
ae6a2c
b06d37
b8743c
c27c43
c78246
cb874c
d19156
d89c62
e1a26a
e6a56c
e2a46a
d89b62
d39a5f
d59e62
d29e64
d49b5e
dc9c5a
da9b5e
d6975e
d4925b
d7905a
d68a53
d3854b
ce8443
cc833e
b66c21
9e5105
9c4c01
a34f05
9d4901
9f4e15
843e10
84502b
58331a
270700
442105
71471a
8f602e
a06f3a
a7763f
a3733a
93632b
7f4f1b
734111
713d13
865129
a36f44
af804e
af814c
b48954
bd945f
c09665
